/net/projects2/fermi2526/conda/nugraph-25-10/bin/python
/home/vihaan/NuGraph/pynuml/pynuml/data/nugraph_data.py:108: UserWarning:

Unable to accurately infer 'num_nodes' from the attribute set '{'y', 'y_vtx'}'. Please explicitly set 'num_nodes' as an attribute of 'data[evt]' to suppress this warning

/home/vihaan/NuGraph/pynuml/pynuml/data/nugraph_data.py:108: UserWarning:

Unable to accurately infer 'num_nodes' from the attribute set '{'y_vtx', 'y'}'. Please explicitly set 'num_nodes' as an attribute of 'data[evt]' to suppress this warning

/home/vihaan/NuGraph/pynuml/pynuml/data/nugraph_data.py:108: UserWarning:

Unable to accurately infer 'num_nodes' from the attribute set '{'y_vtx', 'y'}'. Please explicitly set 'num_nodes' as an attribute of 'data[evt]' to suppress this warning

/home/vihaan/NuGraph/pynuml/pynuml/data/nugraph_data.py:108: UserWarning:

Unable to accurately infer 'num_nodes' from the attribute set '{'y_vtx', 'y'}'. Please explicitly set 'num_nodes' as an attribute of 'data[evt]' to suppress this warning

/home/vihaan/NuGraph/pynuml/pynuml/data/nugraph_data.py:108: UserWarning:

Unable to accurately infer 'num_nodes' from the attribute set '{'y_vtx', 'y'}'. Please explicitly set 'num_nodes' as an attribute of 'data[evt]' to suppress this warning

/home/vihaan/NuGraph/pynuml/pynuml/data/nugraph_data.py:108: UserWarning:

Unable to accurately infer 'num_nodes' from the attribute set '{'y', 'y_vtx'}'. Please explicitly set 'num_nodes' as an attribute of 'data[evt]' to suppress this warning

/home/vihaan/NuGraph/pynuml/pynuml/data/nugraph_data.py:108: UserWarning:

Unable to accurately infer 'num_nodes' from the attribute set '{'y', 'y_vtx'}'. Please explicitly set 'num_nodes' as an attribute of 'data[evt]' to suppress this warning

/home/vihaan/NuGraph/pynuml/pynuml/data/nugraph_data.py:108: UserWarning:

Unable to accurately infer 'num_nodes' from the attribute set '{'y_vtx', 'y'}'. Please explicitly set 'num_nodes' as an attribute of 'data[evt]' to suppress this warning

💡 Tip: For seamless cloud uploads and versioning, try installing [litmodels](https://pypi.org/project/litmodels/) to enable LitModelCheckpoint, which syncs automatically with the Lightning model registry.
GPU available: True (cuda), used: True
TPU available: False, using: 0 TPU cores
HPU available: False, using: 0 HPUs
You are using a CUDA device ('NVIDIA A100 80GB PCIe') that has Tensor Cores. To properly utilize them, you should set `torch.set_float32_matmul_precision('medium' | 'high')` which will trade-off precision for performance. For more details, read https://pytorch.org/docs/stable/generated/torch.set_float32_matmul_precision.html#torch.set_float32_matmul_precision
Initializing distributed: GLOBAL_RANK: 6, MEMBER: 7/8
Initializing distributed: GLOBAL_RANK: 4, MEMBER: 5/8
Initializing distributed: GLOBAL_RANK: 3, MEMBER: 4/8
Initializing distributed: GLOBAL_RANK: 2, MEMBER: 3/8
[W629 13:54:54.259206968 socket.cpp:755] [c10d] The client socket has failed to connect to [i001-ds]:19936 (errno: 22 - Invalid argument).
[W629 13:54:54.259410626 socket.cpp:755] [c10d] The client socket has failed to connect to [i001-ds]:19936 (errno: 22 - Invalid argument).
Initializing distributed: GLOBAL_RANK: 0, MEMBER: 1/8
[W629 13:54:54.261748146 socket.cpp:755] [c10d] The client socket has failed to connect to [i001-ds]:19936 (errno: 22 - Invalid argument).
[W629 13:54:54.262958621 socket.cpp:755] [c10d] The client socket has failed to connect to [i001-ds]:19936 (errno: 22 - Invalid argument).
Initializing distributed: GLOBAL_RANK: 5, MEMBER: 6/8
Initializing distributed: GLOBAL_RANK: 7, MEMBER: 8/8
Initializing distributed: GLOBAL_RANK: 1, MEMBER: 2/8
[W629 13:54:54.268434023 socket.cpp:755] [c10d] The client socket has failed to connect to [i001-ds]:19936 (errno: 22 - Invalid argument).
[W629 13:54:54.268774009 socket.cpp:755] [c10d] The client socket has failed to connect to [i001-ds]:19936 (errno: 22 - Invalid argument).
[W629 13:54:54.271293377 socket.cpp:755] [c10d] The client socket has failed to connect to [i001-ds]:19936 (errno: 22 - Invalid argument).
----------------------------------------------------------------------------------------------------
distributed_backend=nccl
All distributed processes registered. Starting with 8 processes
----------------------------------------------------------------------------------------------------

LOCAL_RANK: 0 - CUDA_VISIBLE_DEVICES: [0,1,2,3,4,5,6,7]
LOCAL_RANK: 4 - CUDA_VISIBLE_DEVICES: [0,1,2,3,4,5,6,7]
LOCAL_RANK: 6 - CUDA_VISIBLE_DEVICES: [0,1,2,3,4,5,6,7]
LOCAL_RANK: 7 - CUDA_VISIBLE_DEVICES: [0,1,2,3,4,5,6,7]
LOCAL_RANK: 1 - CUDA_VISIBLE_DEVICES: [0,1,2,3,4,5,6,7]
LOCAL_RANK: 3 - CUDA_VISIBLE_DEVICES: [0,1,2,3,4,5,6,7]
LOCAL_RANK: 5 - CUDA_VISIBLE_DEVICES: [0,1,2,3,4,5,6,7]
LOCAL_RANK: 2 - CUDA_VISIBLE_DEVICES: [0,1,2,3,4,5,6,7]
/net/projects2/fermi2526/conda/nugraph-25-10/lib/python3.13/site-packages/torch/distributed/algorithms/ddp_comm_hooks/__init__.py:54: FutureWarning:

functools.partial will be a method descriptor in future Python versions; wrap it in enum.member() if you want to preserve the old behavior

/net/projects2/fermi2526/conda/nugraph-25-10/lib/python3.13/site-packages/torch/distributed/algorithms/ddp_comm_hooks/__init__.py:54: FutureWarning:

functools.partial will be a method descriptor in future Python versions; wrap it in enum.member() if you want to preserve the old behavior

/net/projects2/fermi2526/conda/nugraph-25-10/lib/python3.13/site-packages/torch/distributed/algorithms/ddp_comm_hooks/__init__.py:55: FutureWarning:

functools.partial will be a method descriptor in future Python versions; wrap it in enum.member() if you want to preserve the old behavior

/net/projects2/fermi2526/conda/nugraph-25-10/lib/python3.13/site-packages/torch/distributed/algorithms/ddp_comm_hooks/__init__.py:58: FutureWarning:

functools.partial will be a method descriptor in future Python versions; wrap it in enum.member() if you want to preserve the old behavior

/net/projects2/fermi2526/conda/nugraph-25-10/lib/python3.13/site-packages/torch/distributed/algorithms/ddp_comm_hooks/__init__.py:55: FutureWarning:

functools.partial will be a method descriptor in future Python versions; wrap it in enum.member() if you want to preserve the old behavior

/net/projects2/fermi2526/conda/nugraph-25-10/lib/python3.13/site-packages/torch/distributed/algorithms/ddp_comm_hooks/__init__.py:58: FutureWarning:

functools.partial will be a method descriptor in future Python versions; wrap it in enum.member() if you want to preserve the old behavior

/net/projects2/fermi2526/conda/nugraph-25-10/lib/python3.13/site-packages/torch/distributed/algorithms/ddp_comm_hooks/__init__.py:54: FutureWarning:

functools.partial will be a method descriptor in future Python versions; wrap it in enum.member() if you want to preserve the old behavior

/net/projects2/fermi2526/conda/nugraph-25-10/lib/python3.13/site-packages/torch/distributed/algorithms/ddp_comm_hooks/__init__.py:55: FutureWarning:

functools.partial will be a method descriptor in future Python versions; wrap it in enum.member() if you want to preserve the old behavior

/net/projects2/fermi2526/conda/nugraph-25-10/lib/python3.13/site-packages/torch/distributed/algorithms/ddp_comm_hooks/__init__.py:54: FutureWarning:

functools.partial will be a method descriptor in future Python versions; wrap it in enum.member() if you want to preserve the old behavior

/net/projects2/fermi2526/conda/nugraph-25-10/lib/python3.13/site-packages/torch/distributed/algorithms/ddp_comm_hooks/__init__.py:55: FutureWarning:

functools.partial will be a method descriptor in future Python versions; wrap it in enum.member() if you want to preserve the old behavior

/net/projects2/fermi2526/conda/nugraph-25-10/lib/python3.13/site-packages/torch/distributed/algorithms/ddp_comm_hooks/__init__.py:58: FutureWarning:

functools.partial will be a method descriptor in future Python versions; wrap it in enum.member() if you want to preserve the old behavior

/net/projects2/fermi2526/conda/nugraph-25-10/lib/python3.13/site-packages/torch/distributed/algorithms/ddp_comm_hooks/__init__.py:61: FutureWarning:

functools.partial will be a method descriptor in future Python versions; wrap it in enum.member() if you want to preserve the old behavior

/net/projects2/fermi2526/conda/nugraph-25-10/lib/python3.13/site-packages/torch/distributed/algorithms/ddp_comm_hooks/__init__.py:61: FutureWarning:

functools.partial will be a method descriptor in future Python versions; wrap it in enum.member() if you want to preserve the old behavior

/net/projects2/fermi2526/conda/nugraph-25-10/lib/python3.13/site-packages/torch/distributed/algorithms/ddp_comm_hooks/__init__.py:64: FutureWarning:

functools.partial will be a method descriptor in future Python versions; wrap it in enum.member() if you want to preserve the old behavior

/net/projects2/fermi2526/conda/nugraph-25-10/lib/python3.13/site-packages/torch/distributed/algorithms/ddp_comm_hooks/__init__.py:67: FutureWarning:

functools.partial will be a method descriptor in future Python versions; wrap it in enum.member() if you want to preserve the old behavior

/net/projects2/fermi2526/conda/nugraph-25-10/lib/python3.13/site-packages/torch/distributed/algorithms/ddp_comm_hooks/__init__.py:54: FutureWarning:

functools.partial will be a method descriptor in future Python versions; wrap it in enum.member() if you want to preserve the old behavior

/net/projects2/fermi2526/conda/nugraph-25-10/lib/python3.13/site-packages/torch/distributed/algorithms/ddp_comm_hooks/__init__.py:55: FutureWarning:

functools.partial will be a method descriptor in future Python versions; wrap it in enum.member() if you want to preserve the old behavior

/net/projects2/fermi2526/conda/nugraph-25-10/lib/python3.13/site-packages/torch/distributed/algorithms/ddp_comm_hooks/__init__.py:58: FutureWarning:

functools.partial will be a method descriptor in future Python versions; wrap it in enum.member() if you want to preserve the old behavior

/net/projects2/fermi2526/conda/nugraph-25-10/lib/python3.13/site-packages/torch/distributed/algorithms/ddp_comm_hooks/__init__.py:61: FutureWarning:

functools.partial will be a method descriptor in future Python versions; wrap it in enum.member() if you want to preserve the old behavior

/net/projects2/fermi2526/conda/nugraph-25-10/lib/python3.13/site-packages/torch/distributed/algorithms/ddp_comm_hooks/__init__.py:64: FutureWarning:

functools.partial will be a method descriptor in future Python versions; wrap it in enum.member() if you want to preserve the old behavior

/net/projects2/fermi2526/conda/nugraph-25-10/lib/python3.13/site-packages/torch/distributed/algorithms/ddp_comm_hooks/__init__.py:54: FutureWarning:

functools.partial will be a method descriptor in future Python versions; wrap it in enum.member() if you want to preserve the old behavior

/net/projects2/fermi2526/conda/nugraph-25-10/lib/python3.13/site-packages/torch/distributed/algorithms/ddp_comm_hooks/__init__.py:55: FutureWarning:

functools.partial will be a method descriptor in future Python versions; wrap it in enum.member() if you want to preserve the old behavior

/net/projects2/fermi2526/conda/nugraph-25-10/lib/python3.13/site-packages/torch/distributed/algorithms/ddp_comm_hooks/__init__.py:58: FutureWarning:

functools.partial will be a method descriptor in future Python versions; wrap it in enum.member() if you want to preserve the old behavior

/net/projects2/fermi2526/conda/nugraph-25-10/lib/python3.13/site-packages/torch/distributed/algorithms/ddp_comm_hooks/__init__.py:61: FutureWarning:

functools.partial will be a method descriptor in future Python versions; wrap it in enum.member() if you want to preserve the old behavior

/net/projects2/fermi2526/conda/nugraph-25-10/lib/python3.13/site-packages/torch/distributed/algorithms/ddp_comm_hooks/__init__.py:64: FutureWarning:

functools.partial will be a method descriptor in future Python versions; wrap it in enum.member() if you want to preserve the old behavior

/net/projects2/fermi2526/conda/nugraph-25-10/lib/python3.13/site-packages/torch/distributed/algorithms/ddp_comm_hooks/__init__.py:67: FutureWarning:

functools.partial will be a method descriptor in future Python versions; wrap it in enum.member() if you want to preserve the old behavior

/net/projects2/fermi2526/conda/nugraph-25-10/lib/python3.13/site-packages/torch/distributed/algorithms/ddp_comm_hooks/__init__.py:74: FutureWarning:

functools.partial will be a method descriptor in future Python versions; wrap it in enum.member() if you want to preserve the old behavior

/net/projects2/fermi2526/conda/nugraph-25-10/lib/python3.13/site-packages/torch/distributed/algorithms/ddp_comm_hooks/__init__.py:64: FutureWarning:

functools.partial will be a method descriptor in future Python versions; wrap it in enum.member() if you want to preserve the old behavior

/net/projects2/fermi2526/conda/nugraph-25-10/lib/python3.13/site-packages/torch/distributed/algorithms/ddp_comm_hooks/__init__.py:67: FutureWarning:

functools.partial will be a method descriptor in future Python versions; wrap it in enum.member() if you want to preserve the old behavior

/net/projects2/fermi2526/conda/nugraph-25-10/lib/python3.13/site-packages/torch/distributed/algorithms/ddp_comm_hooks/__init__.py:74: FutureWarning:

functools.partial will be a method descriptor in future Python versions; wrap it in enum.member() if you want to preserve the old behavior

/net/projects2/fermi2526/conda/nugraph-25-10/lib/python3.13/site-packages/torch/distributed/algorithms/ddp_comm_hooks/__init__.py:80: FutureWarning:

functools.partial will be a method descriptor in future Python versions; wrap it in enum.member() if you want to preserve the old behavior

/net/projects2/fermi2526/conda/nugraph-25-10/lib/python3.13/site-packages/torch/distributed/algorithms/ddp_comm_hooks/__init__.py:85: FutureWarning:

functools.partial will be a method descriptor in future Python versions; wrap it in enum.member() if you want to preserve the old behavior

/net/projects2/fermi2526/conda/nugraph-25-10/lib/python3.13/site-packages/torch/distributed/algorithms/ddp_comm_hooks/__init__.py:90: FutureWarning:

functools.partial will be a method descriptor in future Python versions; wrap it in enum.member() if you want to preserve the old behavior

/net/projects2/fermi2526/conda/nugraph-25-10/lib/python3.13/site-packages/torch/distributed/algorithms/ddp_comm_hooks/__init__.py:58: FutureWarning:

functools.partial will be a method descriptor in future Python versions; wrap it in enum.member() if you want to preserve the old behavior

/net/projects2/fermi2526/conda/nugraph-25-10/lib/python3.13/site-packages/torch/distributed/algorithms/ddp_comm_hooks/__init__.py:61: FutureWarning:

functools.partial will be a method descriptor in future Python versions; wrap it in enum.member() if you want to preserve the old behavior

/net/projects2/fermi2526/conda/nugraph-25-10/lib/python3.13/site-packages/torch/distributed/algorithms/ddp_comm_hooks/__init__.py:64: FutureWarning:

functools.partial will be a method descriptor in future Python versions; wrap it in enum.member() if you want to preserve the old behavior

/net/projects2/fermi2526/conda/nugraph-25-10/lib/python3.13/site-packages/torch/distributed/algorithms/ddp_comm_hooks/__init__.py:67: FutureWarning:

functools.partial will be a method descriptor in future Python versions; wrap it in enum.member() if you want to preserve the old behavior

/net/projects2/fermi2526/conda/nugraph-25-10/lib/python3.13/site-packages/torch/distributed/algorithms/ddp_comm_hooks/__init__.py:67: FutureWarning:

functools.partial will be a method descriptor in future Python versions; wrap it in enum.member() if you want to preserve the old behavior

/net/projects2/fermi2526/conda/nugraph-25-10/lib/python3.13/site-packages/torch/distributed/algorithms/ddp_comm_hooks/__init__.py:74: FutureWarning:

functools.partial will be a method descriptor in future Python versions; wrap it in enum.member() if you want to preserve the old behavior

/net/projects2/fermi2526/conda/nugraph-25-10/lib/python3.13/site-packages/torch/distributed/algorithms/ddp_comm_hooks/__init__.py:80: FutureWarning:

functools.partial will be a method descriptor in future Python versions; wrap it in enum.member() if you want to preserve the old behavior

/net/projects2/fermi2526/conda/nugraph-25-10/lib/python3.13/site-packages/torch/distributed/algorithms/ddp_comm_hooks/__init__.py:85: FutureWarning:

functools.partial will be a method descriptor in future Python versions; wrap it in enum.member() if you want to preserve the old behavior

/net/projects2/fermi2526/conda/nugraph-25-10/lib/python3.13/site-packages/torch/distributed/algorithms/ddp_comm_hooks/__init__.py:61: FutureWarning:

functools.partial will be a method descriptor in future Python versions; wrap it in enum.member() if you want to preserve the old behavior

/net/projects2/fermi2526/conda/nugraph-25-10/lib/python3.13/site-packages/torch/distributed/algorithms/ddp_comm_hooks/__init__.py:64: FutureWarning:

functools.partial will be a method descriptor in future Python versions; wrap it in enum.member() if you want to preserve the old behavior

/net/projects2/fermi2526/conda/nugraph-25-10/lib/python3.13/site-packages/torch/distributed/algorithms/ddp_comm_hooks/__init__.py:67: FutureWarning:

functools.partial will be a method descriptor in future Python versions; wrap it in enum.member() if you want to preserve the old behavior

/net/projects2/fermi2526/conda/nugraph-25-10/lib/python3.13/site-packages/torch/distributed/algorithms/ddp_comm_hooks/__init__.py:74: FutureWarning:

functools.partial will be a method descriptor in future Python versions; wrap it in enum.member() if you want to preserve the old behavior

/net/projects2/fermi2526/conda/nugraph-25-10/lib/python3.13/site-packages/torch/distributed/algorithms/ddp_comm_hooks/__init__.py:54: FutureWarning:

functools.partial will be a method descriptor in future Python versions; wrap it in enum.member() if you want to preserve the old behavior

/net/projects2/fermi2526/conda/nugraph-25-10/lib/python3.13/site-packages/torch/distributed/algorithms/ddp_comm_hooks/__init__.py:55: FutureWarning:

functools.partial will be a method descriptor in future Python versions; wrap it in enum.member() if you want to preserve the old behavior

/net/projects2/fermi2526/conda/nugraph-25-10/lib/python3.13/site-packages/torch/distributed/algorithms/ddp_comm_hooks/__init__.py:58: FutureWarning:

functools.partial will be a method descriptor in future Python versions; wrap it in enum.member() if you want to preserve the old behavior

/net/projects2/fermi2526/conda/nugraph-25-10/lib/python3.13/site-packages/torch/distributed/algorithms/ddp_comm_hooks/__init__.py:80: FutureWarning:

functools.partial will be a method descriptor in future Python versions; wrap it in enum.member() if you want to preserve the old behavior

/net/projects2/fermi2526/conda/nugraph-25-10/lib/python3.13/site-packages/torch/distributed/algorithms/ddp_comm_hooks/__init__.py:85: FutureWarning:

functools.partial will be a method descriptor in future Python versions; wrap it in enum.member() if you want to preserve the old behavior

/net/projects2/fermi2526/conda/nugraph-25-10/lib/python3.13/site-packages/torch/distributed/algorithms/ddp_comm_hooks/__init__.py:90: FutureWarning:

functools.partial will be a method descriptor in future Python versions; wrap it in enum.member() if you want to preserve the old behavior

/net/projects2/fermi2526/conda/nugraph-25-10/lib/python3.13/site-packages/torch/distributed/algorithms/ddp_comm_hooks/__init__.py:74: FutureWarning:

functools.partial will be a method descriptor in future Python versions; wrap it in enum.member() if you want to preserve the old behavior

/net/projects2/fermi2526/conda/nugraph-25-10/lib/python3.13/site-packages/torch/distributed/algorithms/ddp_comm_hooks/__init__.py:80: FutureWarning:

functools.partial will be a method descriptor in future Python versions; wrap it in enum.member() if you want to preserve the old behavior

/net/projects2/fermi2526/conda/nugraph-25-10/lib/python3.13/site-packages/torch/distributed/algorithms/ddp_comm_hooks/__init__.py:74: FutureWarning:

functools.partial will be a method descriptor in future Python versions; wrap it in enum.member() if you want to preserve the old behavior

/net/projects2/fermi2526/conda/nugraph-25-10/lib/python3.13/site-packages/torch/distributed/algorithms/ddp_comm_hooks/__init__.py:80: FutureWarning:

functools.partial will be a method descriptor in future Python versions; wrap it in enum.member() if you want to preserve the old behavior

/net/projects2/fermi2526/conda/nugraph-25-10/lib/python3.13/site-packages/torch/distributed/algorithms/ddp_comm_hooks/__init__.py:85: FutureWarning:

functools.partial will be a method descriptor in future Python versions; wrap it in enum.member() if you want to preserve the old behavior

/net/projects2/fermi2526/conda/nugraph-25-10/lib/python3.13/site-packages/torch/distributed/algorithms/ddp_comm_hooks/__init__.py:90: FutureWarning:

functools.partial will be a method descriptor in future Python versions; wrap it in enum.member() if you want to preserve the old behavior

/net/projects2/fermi2526/conda/nugraph-25-10/lib/python3.13/site-packages/torch/distributed/algorithms/ddp_comm_hooks/__init__.py:90: FutureWarning:

functools.partial will be a method descriptor in future Python versions; wrap it in enum.member() if you want to preserve the old behavior

/net/projects2/fermi2526/conda/nugraph-25-10/lib/python3.13/site-packages/torch/distributed/algorithms/ddp_comm_hooks/__init__.py:80: FutureWarning:

functools.partial will be a method descriptor in future Python versions; wrap it in enum.member() if you want to preserve the old behavior

/net/projects2/fermi2526/conda/nugraph-25-10/lib/python3.13/site-packages/torch/distributed/algorithms/ddp_comm_hooks/__init__.py:85: FutureWarning:

functools.partial will be a method descriptor in future Python versions; wrap it in enum.member() if you want to preserve the old behavior

/net/projects2/fermi2526/conda/nugraph-25-10/lib/python3.13/site-packages/torch/distributed/algorithms/ddp_comm_hooks/__init__.py:90: FutureWarning:

functools.partial will be a method descriptor in future Python versions; wrap it in enum.member() if you want to preserve the old behavior

/net/projects2/fermi2526/conda/nugraph-25-10/lib/python3.13/site-packages/torch/distributed/algorithms/ddp_comm_hooks/__init__.py:61: FutureWarning:

functools.partial will be a method descriptor in future Python versions; wrap it in enum.member() if you want to preserve the old behavior

/net/projects2/fermi2526/conda/nugraph-25-10/lib/python3.13/site-packages/torch/distributed/algorithms/ddp_comm_hooks/__init__.py:64: FutureWarning:

functools.partial will be a method descriptor in future Python versions; wrap it in enum.member() if you want to preserve the old behavior

/net/projects2/fermi2526/conda/nugraph-25-10/lib/python3.13/site-packages/torch/distributed/algorithms/ddp_comm_hooks/__init__.py:67: FutureWarning:

functools.partial will be a method descriptor in future Python versions; wrap it in enum.member() if you want to preserve the old behavior

/net/projects2/fermi2526/conda/nugraph-25-10/lib/python3.13/site-packages/torch/distributed/algorithms/ddp_comm_hooks/__init__.py:74: FutureWarning:

functools.partial will be a method descriptor in future Python versions; wrap it in enum.member() if you want to preserve the old behavior

/net/projects2/fermi2526/conda/nugraph-25-10/lib/python3.13/site-packages/torch/distributed/algorithms/ddp_comm_hooks/__init__.py:54: FutureWarning:

functools.partial will be a method descriptor in future Python versions; wrap it in enum.member() if you want to preserve the old behavior

/net/projects2/fermi2526/conda/nugraph-25-10/lib/python3.13/site-packages/torch/distributed/algorithms/ddp_comm_hooks/__init__.py:55: FutureWarning:

functools.partial will be a method descriptor in future Python versions; wrap it in enum.member() if you want to preserve the old behavior

/net/projects2/fermi2526/conda/nugraph-25-10/lib/python3.13/site-packages/torch/distributed/algorithms/ddp_comm_hooks/__init__.py:58: FutureWarning:

functools.partial will be a method descriptor in future Python versions; wrap it in enum.member() if you want to preserve the old behavior

/net/projects2/fermi2526/conda/nugraph-25-10/lib/python3.13/site-packages/torch/distributed/algorithms/ddp_comm_hooks/__init__.py:61: FutureWarning:

functools.partial will be a method descriptor in future Python versions; wrap it in enum.member() if you want to preserve the old behavior

/net/projects2/fermi2526/conda/nugraph-25-10/lib/python3.13/site-packages/torch/distributed/algorithms/ddp_comm_hooks/__init__.py:64: FutureWarning:

functools.partial will be a method descriptor in future Python versions; wrap it in enum.member() if you want to preserve the old behavior

/net/projects2/fermi2526/conda/nugraph-25-10/lib/python3.13/site-packages/torch/distributed/algorithms/ddp_comm_hooks/__init__.py:67: FutureWarning:

functools.partial will be a method descriptor in future Python versions; wrap it in enum.member() if you want to preserve the old behavior

/net/projects2/fermi2526/conda/nugraph-25-10/lib/python3.13/site-packages/torch/distributed/algorithms/ddp_comm_hooks/__init__.py:85: FutureWarning:

functools.partial will be a method descriptor in future Python versions; wrap it in enum.member() if you want to preserve the old behavior

/net/projects2/fermi2526/conda/nugraph-25-10/lib/python3.13/site-packages/torch/distributed/algorithms/ddp_comm_hooks/__init__.py:90: FutureWarning:

functools.partial will be a method descriptor in future Python versions; wrap it in enum.member() if you want to preserve the old behavior

/net/projects2/fermi2526/conda/nugraph-25-10/lib/python3.13/site-packages/torch/distributed/algorithms/ddp_comm_hooks/__init__.py:80: FutureWarning:

functools.partial will be a method descriptor in future Python versions; wrap it in enum.member() if you want to preserve the old behavior

/net/projects2/fermi2526/conda/nugraph-25-10/lib/python3.13/site-packages/torch/distributed/algorithms/ddp_comm_hooks/__init__.py:85: FutureWarning:

functools.partial will be a method descriptor in future Python versions; wrap it in enum.member() if you want to preserve the old behavior

/net/projects2/fermi2526/conda/nugraph-25-10/lib/python3.13/site-packages/torch/distributed/algorithms/ddp_comm_hooks/__init__.py:90: FutureWarning:

functools.partial will be a method descriptor in future Python versions; wrap it in enum.member() if you want to preserve the old behavior

/net/projects2/fermi2526/conda/nugraph-25-10/lib/python3.13/site-packages/torch/distributed/algorithms/ddp_comm_hooks/__init__.py:74: FutureWarning:

functools.partial will be a method descriptor in future Python versions; wrap it in enum.member() if you want to preserve the old behavior

/net/projects2/fermi2526/conda/nugraph-25-10/lib/python3.13/site-packages/torch/distributed/algorithms/ddp_comm_hooks/__init__.py:80: FutureWarning:

functools.partial will be a method descriptor in future Python versions; wrap it in enum.member() if you want to preserve the old behavior

/net/projects2/fermi2526/conda/nugraph-25-10/lib/python3.13/site-packages/torch/distributed/algorithms/ddp_comm_hooks/__init__.py:85: FutureWarning:

functools.partial will be a method descriptor in future Python versions; wrap it in enum.member() if you want to preserve the old behavior

/net/projects2/fermi2526/conda/nugraph-25-10/lib/python3.13/site-packages/torch/distributed/algorithms/ddp_comm_hooks/__init__.py:90: FutureWarning:

functools.partial will be a method descriptor in future Python versions; wrap it in enum.member() if you want to preserve the old behavior


  | Name             | Type            | Params | Mode 
-------------------------------------------------------------
0 | encoder          | Encoder         | 1.4 K  | train
1 | core_net         | NuGraphCore     | 501 K  | train
2 | event_decoder    | EventDecoder    | 133    | train
3 | semantic_decoder | SemanticDecoder | 904    | train
4 | filter_decoder   | FilterDecoder   | 130    | train
5 | instance_decoder | InstanceDecoder | 35.3 K | train
-------------------------------------------------------------
539 K     Trainable params
19        Non-trainable params
539 K     Total params
2.157     Total estimated model params size (MB)
108       Modules in train mode
0         Modules in eval mode
SLURM auto-requeueing enabled. Setting signal handlers.
SLURM auto-requeueing enabled. Setting signal handlers.
SLURM auto-requeueing enabled. Setting signal handlers.
SLURM auto-requeueing enabled. Setting signal handlers.
SLURM auto-requeueing enabled. Setting signal handlers.
SLURM auto-requeueing enabled. Setting signal handlers.
SLURM auto-requeueing enabled. Setting signal handlers.
SLURM auto-requeueing enabled. Setting signal handlers.
/net/projects2/fermi2526/conda/nugraph-25-10/lib/python3.13/site-packages/torch/utils/data/dataloader.py:627: UserWarning:

This DataLoader will create 5 worker processes in total. Our suggested max number of worker in current system is 4, which is smaller than what this DataLoader is going to create. Please be aware that excessive worker creation might get DataLoader running slow or even freeze, lower the worker number to avoid potential slowness/freeze if necessary.

/net/projects2/fermi2526/conda/nugraph-25-10/lib/python3.13/site-packages/torch/utils/data/dataloader.py:627: UserWarning:

This DataLoader will create 5 worker processes in total. Our suggested max number of worker in current system is 4, which is smaller than what this DataLoader is going to create. Please be aware that excessive worker creation might get DataLoader running slow or even freeze, lower the worker number to avoid potential slowness/freeze if necessary.

/net/projects2/fermi2526/conda/nugraph-25-10/lib/python3.13/site-packages/torch/utils/data/dataloader.py:627: UserWarning:

This DataLoader will create 5 worker processes in total. Our suggested max number of worker in current system is 4, which is smaller than what this DataLoader is going to create. Please be aware that excessive worker creation might get DataLoader running slow or even freeze, lower the worker number to avoid potential slowness/freeze if necessary.

/net/projects2/fermi2526/conda/nugraph-25-10/lib/python3.13/site-packages/torch/utils/data/dataloader.py:627: UserWarning:

This DataLoader will create 5 worker processes in total. Our suggested max number of worker in current system is 4, which is smaller than what this DataLoader is going to create. Please be aware that excessive worker creation might get DataLoader running slow or even freeze, lower the worker number to avoid potential slowness/freeze if necessary.

/net/projects2/fermi2526/conda/nugraph-25-10/lib/python3.13/site-packages/torch/utils/data/dataloader.py:627: UserWarning:

This DataLoader will create 5 worker processes in total. Our suggested max number of worker in current system is 4, which is smaller than what this DataLoader is going to create. Please be aware that excessive worker creation might get DataLoader running slow or even freeze, lower the worker number to avoid potential slowness/freeze if necessary.

/net/projects2/fermi2526/conda/nugraph-25-10/lib/python3.13/site-packages/torch/utils/data/dataloader.py:627: UserWarning:

This DataLoader will create 5 worker processes in total. Our suggested max number of worker in current system is 4, which is smaller than what this DataLoader is going to create. Please be aware that excessive worker creation might get DataLoader running slow or even freeze, lower the worker number to avoid potential slowness/freeze if necessary.

/net/projects2/fermi2526/conda/nugraph-25-10/lib/python3.13/site-packages/torch/utils/data/dataloader.py:627: UserWarning:

This DataLoader will create 5 worker processes in total. Our suggested max number of worker in current system is 4, which is smaller than what this DataLoader is going to create. Please be aware that excessive worker creation might get DataLoader running slow or even freeze, lower the worker number to avoid potential slowness/freeze if necessary.

/net/projects2/fermi2526/conda/nugraph-25-10/lib/python3.13/site-packages/torch/utils/data/dataloader.py:627: UserWarning:

This DataLoader will create 5 worker processes in total. Our suggested max number of worker in current system is 4, which is smaller than what this DataLoader is going to create. Please be aware that excessive worker creation might get DataLoader running slow or even freeze, lower the worker number to avoid potential slowness/freeze if necessary.

/home/vihaan/NuGraph/pynuml/pynuml/data/nugraph_data.py:108: UserWarning:

Unable to accurately infer 'num_nodes' from the attribute set '{'y_vtx', 'y'}'. Please explicitly set 'num_nodes' as an attribute of 'data[evt]' to suppress this warning

/home/vihaan/NuGraph/pynuml/pynuml/data/nugraph_data.py:108: UserWarning:

Unable to accurately infer 'num_nodes' from the attribute set '{'y', 'y_vtx'}'. Please explicitly set 'num_nodes' as an attribute of 'data[evt]' to suppress this warning

/home/vihaan/NuGraph/pynuml/pynuml/data/nugraph_data.py:108: UserWarning:

Unable to accurately infer 'num_nodes' from the attribute set '{'y', 'y_vtx'}'. Please explicitly set 'num_nodes' as an attribute of 'data[evt]' to suppress this warning

/home/vihaan/NuGraph/pynuml/pynuml/data/nugraph_data.py:108: UserWarning:

Unable to accurately infer 'num_nodes' from the attribute set '{'y', 'y_vtx'}'. Please explicitly set 'num_nodes' as an attribute of 'data[evt]' to suppress this warning

/home/vihaan/NuGraph/pynuml/pynuml/data/nugraph_data.py:108: UserWarning:

Unable to accurately infer 'num_nodes' from the attribute set '{'y', 'y_vtx'}'. Please explicitly set 'num_nodes' as an attribute of 'data[evt]' to suppress this warning

/home/vihaan/NuGraph/pynuml/pynuml/data/nugraph_data.py:108: UserWarning:

Unable to accurately infer 'num_nodes' from the attribute set '{'y', 'y_vtx'}'. Please explicitly set 'num_nodes' as an attribute of 'data[evt]' to suppress this warning

/home/vihaan/NuGraph/pynuml/pynuml/data/nugraph_data.py:108: UserWarning:

Unable to accurately infer 'num_nodes' from the attribute set '{'y', 'y_vtx'}'. Please explicitly set 'num_nodes' as an attribute of 'data[evt]' to suppress this warning

/home/vihaan/NuGraph/pynuml/pynuml/data/nugraph_data.py:108: UserWarning:

Unable to accurately infer 'num_nodes' from the attribute set '{'y_vtx', 'y'}'. Please explicitly set 'num_nodes' as an attribute of 'data[evt]' to suppress this warning

/home/vihaan/NuGraph/pynuml/pynuml/data/nugraph_data.py:108: UserWarning:

Unable to accurately infer 'num_nodes' from the attribute set '{'y', 'y_vtx'}'. Please explicitly set 'num_nodes' as an attribute of 'data[evt]' to suppress this warning

/home/vihaan/NuGraph/pynuml/pynuml/data/nugraph_data.py:108: UserWarning:

Unable to accurately infer 'num_nodes' from the attribute set '{'y', 'y_vtx'}'. Please explicitly set 'num_nodes' as an attribute of 'data[evt]' to suppress this warning

/home/vihaan/NuGraph/pynuml/pynuml/data/nugraph_data.py:108: UserWarning:

Unable to accurately infer 'num_nodes' from the attribute set '{'y_vtx', 'y'}'. Please explicitly set 'num_nodes' as an attribute of 'data[evt]' to suppress this warning

/home/vihaan/NuGraph/pynuml/pynuml/data/nugraph_data.py:108: UserWarning:

Unable to accurately infer 'num_nodes' from the attribute set '{'y_vtx', 'y'}'. Please explicitly set 'num_nodes' as an attribute of 'data[evt]' to suppress this warning

/home/vihaan/NuGraph/pynuml/pynuml/data/nugraph_data.py:108: UserWarning:

Unable to accurately infer 'num_nodes' from the attribute set '{'y_vtx', 'y'}'. Please explicitly set 'num_nodes' as an attribute of 'data[evt]' to suppress this warning

/home/vihaan/NuGraph/pynuml/pynuml/data/nugraph_data.py:108: UserWarning:

Unable to accurately infer 'num_nodes' from the attribute set '{'y', 'y_vtx'}'. Please explicitly set 'num_nodes' as an attribute of 'data[evt]' to suppress this warning

/home/vihaan/NuGraph/pynuml/pynuml/data/nugraph_data.py:108: UserWarning:

Unable to accurately infer 'num_nodes' from the attribute set '{'y_vtx', 'y'}'. Please explicitly set 'num_nodes' as an attribute of 'data[evt]' to suppress this warning

/home/vihaan/NuGraph/pynuml/pynuml/data/nugraph_data.py:108: UserWarning:

Unable to accurately infer 'num_nodes' from the attribute set '{'y', 'y_vtx'}'. Please explicitly set 'num_nodes' as an attribute of 'data[evt]' to suppress this warning

/home/vihaan/NuGraph/pynuml/pynuml/data/nugraph_data.py:108: UserWarning:

Unable to accurately infer 'num_nodes' from the attribute set '{'y_vtx', 'y'}'. Please explicitly set 'num_nodes' as an attribute of 'data[evt]' to suppress this warning

/home/vihaan/NuGraph/pynuml/pynuml/data/nugraph_data.py:108: UserWarning:

Unable to accurately infer 'num_nodes' from the attribute set '{'y_vtx', 'y'}'. Please explicitly set 'num_nodes' as an attribute of 'data[evt]' to suppress this warning

/home/vihaan/NuGraph/pynuml/pynuml/data/nugraph_data.py:108: UserWarning:

Unable to accurately infer 'num_nodes' from the attribute set '{'y_vtx', 'y'}'. Please explicitly set 'num_nodes' as an attribute of 'data[evt]' to suppress this warning

/home/vihaan/NuGraph/pynuml/pynuml/data/nugraph_data.py:108: UserWarning:

Unable to accurately infer 'num_nodes' from the attribute set '{'y_vtx', 'y'}'. Please explicitly set 'num_nodes' as an attribute of 'data[evt]' to suppress this warning

/home/vihaan/NuGraph/pynuml/pynuml/data/nugraph_data.py:108: UserWarning:

Unable to accurately infer 'num_nodes' from the attribute set '{'y_vtx', 'y'}'. Please explicitly set 'num_nodes' as an attribute of 'data[evt]' to suppress this warning

/home/vihaan/NuGraph/pynuml/pynuml/data/nugraph_data.py:108: UserWarning:

Unable to accurately infer 'num_nodes' from the attribute set '{'y_vtx', 'y'}'. Please explicitly set 'num_nodes' as an attribute of 'data[evt]' to suppress this warning

/home/vihaan/NuGraph/pynuml/pynuml/data/nugraph_data.py:108: UserWarning:

Unable to accurately infer 'num_nodes' from the attribute set '{'y_vtx', 'y'}'. Please explicitly set 'num_nodes' as an attribute of 'data[evt]' to suppress this warning

/home/vihaan/NuGraph/pynuml/pynuml/data/nugraph_data.py:108: UserWarning:

Unable to accurately infer 'num_nodes' from the attribute set '{'y_vtx', 'y'}'. Please explicitly set 'num_nodes' as an attribute of 'data[evt]' to suppress this warning

/home/vihaan/NuGraph/pynuml/pynuml/data/nugraph_data.py:108: UserWarning:

Unable to accurately infer 'num_nodes' from the attribute set '{'y_vtx', 'y'}'. Please explicitly set 'num_nodes' as an attribute of 'data[evt]' to suppress this warning

/home/vihaan/NuGraph/pynuml/pynuml/data/nugraph_data.py:108: UserWarning:

Unable to accurately infer 'num_nodes' from the attribute set '{'y_vtx', 'y'}'. Please explicitly set 'num_nodes' as an attribute of 'data[evt]' to suppress this warning

/home/vihaan/NuGraph/pynuml/pynuml/data/nugraph_data.py:108: UserWarning:

Unable to accurately infer 'num_nodes' from the attribute set '{'y_vtx', 'y'}'. Please explicitly set 'num_nodes' as an attribute of 'data[evt]' to suppress this warning

/home/vihaan/NuGraph/pynuml/pynuml/data/nugraph_data.py:108: UserWarning:

Unable to accurately infer 'num_nodes' from the attribute set '{'y_vtx', 'y'}'. Please explicitly set 'num_nodes' as an attribute of 'data[evt]' to suppress this warning

/home/vihaan/NuGraph/pynuml/pynuml/data/nugraph_data.py:108: UserWarning:

Unable to accurately infer 'num_nodes' from the attribute set '{'y_vtx', 'y'}'. Please explicitly set 'num_nodes' as an attribute of 'data[evt]' to suppress this warning

/home/vihaan/NuGraph/pynuml/pynuml/data/nugraph_data.py:108: UserWarning:

Unable to accurately infer 'num_nodes' from the attribute set '{'y_vtx', 'y'}'. Please explicitly set 'num_nodes' as an attribute of 'data[evt]' to suppress this warning

/home/vihaan/NuGraph/pynuml/pynuml/data/nugraph_data.py:108: UserWarning:

Unable to accurately infer 'num_nodes' from the attribute set '{'y', 'y_vtx'}'. Please explicitly set 'num_nodes' as an attribute of 'data[evt]' to suppress this warning

/home/vihaan/NuGraph/pynuml/pynuml/data/nugraph_data.py:108: UserWarning:

Unable to accurately infer 'num_nodes' from the attribute set '{'y_vtx', 'y'}'. Please explicitly set 'num_nodes' as an attribute of 'data[evt]' to suppress this warning

/home/vihaan/NuGraph/pynuml/pynuml/data/nugraph_data.py:108: UserWarning:

Unable to accurately infer 'num_nodes' from the attribute set '{'y', 'y_vtx'}'. Please explicitly set 'num_nodes' as an attribute of 'data[evt]' to suppress this warning

/home/vihaan/NuGraph/pynuml/pynuml/data/nugraph_data.py:108: UserWarning:

Unable to accurately infer 'num_nodes' from the attribute set '{'y', 'y_vtx'}'. Please explicitly set 'num_nodes' as an attribute of 'data[evt]' to suppress this warning

/home/vihaan/NuGraph/pynuml/pynuml/data/nugraph_data.py:108: UserWarning:

Unable to accurately infer 'num_nodes' from the attribute set '{'y', 'y_vtx'}'. Please explicitly set 'num_nodes' as an attribute of 'data[evt]' to suppress this warning

/home/vihaan/NuGraph/pynuml/pynuml/data/nugraph_data.py:108: UserWarning:

Unable to accurately infer 'num_nodes' from the attribute set '{'y_vtx', 'y'}'. Please explicitly set 'num_nodes' as an attribute of 'data[evt]' to suppress this warning

/home/vihaan/NuGraph/pynuml/pynuml/data/nugraph_data.py:108: UserWarning:

Unable to accurately infer 'num_nodes' from the attribute set '{'y_vtx', 'y'}'. Please explicitly set 'num_nodes' as an attribute of 'data[evt]' to suppress this warning

/home/vihaan/NuGraph/pynuml/pynuml/data/nugraph_data.py:108: UserWarning:

Unable to accurately infer 'num_nodes' from the attribute set '{'y_vtx', 'y'}'. Please explicitly set 'num_nodes' as an attribute of 'data[evt]' to suppress this warning

/home/vihaan/NuGraph/pynuml/pynuml/data/nugraph_data.py:108: UserWarning:

Unable to accurately infer 'num_nodes' from the attribute set '{'y', 'y_vtx'}'. Please explicitly set 'num_nodes' as an attribute of 'data[evt]' to suppress this warning

/home/vihaan/NuGraph/pynuml/pynuml/data/nugraph_data.py:108: UserWarning:

Unable to accurately infer 'num_nodes' from the attribute set '{'y_vtx', 'y'}'. Please explicitly set 'num_nodes' as an attribute of 'data[evt]' to suppress this warning

/net/projects2/fermi2526/conda/nugraph-25-10/lib/python3.13/site-packages/torch/utils/data/dataloader.py:627: UserWarning:

This DataLoader will create 5 worker processes in total. Our suggested max number of worker in current system is 4, which is smaller than what this DataLoader is going to create. Please be aware that excessive worker creation might get DataLoader running slow or even freeze, lower the worker number to avoid potential slowness/freeze if necessary.

/net/projects2/fermi2526/conda/nugraph-25-10/lib/python3.13/site-packages/torch/utils/data/dataloader.py:627: UserWarning:

This DataLoader will create 5 worker processes in total. Our suggested max number of worker in current system is 4, which is smaller than what this DataLoader is going to create. Please be aware that excessive worker creation might get DataLoader running slow or even freeze, lower the worker number to avoid potential slowness/freeze if necessary.

/net/projects2/fermi2526/conda/nugraph-25-10/lib/python3.13/site-packages/torch/utils/data/dataloader.py:627: UserWarning:

This DataLoader will create 5 worker processes in total. Our suggested max number of worker in current system is 4, which is smaller than what this DataLoader is going to create. Please be aware that excessive worker creation might get DataLoader running slow or even freeze, lower the worker number to avoid potential slowness/freeze if necessary.

/net/projects2/fermi2526/conda/nugraph-25-10/lib/python3.13/site-packages/torch/utils/data/dataloader.py:627: UserWarning:

This DataLoader will create 5 worker processes in total. Our suggested max number of worker in current system is 4, which is smaller than what this DataLoader is going to create. Please be aware that excessive worker creation might get DataLoader running slow or even freeze, lower the worker number to avoid potential slowness/freeze if necessary.

/net/projects2/fermi2526/conda/nugraph-25-10/lib/python3.13/site-packages/torch/utils/data/dataloader.py:627: UserWarning:

This DataLoader will create 5 worker processes in total. Our suggested max number of worker in current system is 4, which is smaller than what this DataLoader is going to create. Please be aware that excessive worker creation might get DataLoader running slow or even freeze, lower the worker number to avoid potential slowness/freeze if necessary.

/net/projects2/fermi2526/conda/nugraph-25-10/lib/python3.13/site-packages/torch/utils/data/dataloader.py:627: UserWarning:

This DataLoader will create 5 worker processes in total. Our suggested max number of worker in current system is 4, which is smaller than what this DataLoader is going to create. Please be aware that excessive worker creation might get DataLoader running slow or even freeze, lower the worker number to avoid potential slowness/freeze if necessary.

/net/projects2/fermi2526/conda/nugraph-25-10/lib/python3.13/site-packages/torch/utils/data/dataloader.py:627: UserWarning:

This DataLoader will create 5 worker processes in total. Our suggested max number of worker in current system is 4, which is smaller than what this DataLoader is going to create. Please be aware that excessive worker creation might get DataLoader running slow or even freeze, lower the worker number to avoid potential slowness/freeze if necessary.

/net/projects2/fermi2526/conda/nugraph-25-10/lib/python3.13/site-packages/torch/utils/data/dataloader.py:627: UserWarning:

This DataLoader will create 5 worker processes in total. Our suggested max number of worker in current system is 4, which is smaller than what this DataLoader is going to create. Please be aware that excessive worker creation might get DataLoader running slow or even freeze, lower the worker number to avoid potential slowness/freeze if necessary.

/home/vihaan/NuGraph/pynuml/pynuml/data/nugraph_data.py:108: UserWarning:

Unable to accurately infer 'num_nodes' from the attribute set '{'y', 'y_vtx'}'. Please explicitly set 'num_nodes' as an attribute of 'data[evt]' to suppress this warning

/home/vihaan/NuGraph/pynuml/pynuml/data/nugraph_data.py:108: UserWarning:

Unable to accurately infer 'num_nodes' from the attribute set '{'y', 'y_vtx'}'. Please explicitly set 'num_nodes' as an attribute of 'data[evt]' to suppress this warning

/home/vihaan/NuGraph/pynuml/pynuml/data/nugraph_data.py:108: UserWarning:

Unable to accurately infer 'num_nodes' from the attribute set '{'y_vtx', 'y'}'. Please explicitly set 'num_nodes' as an attribute of 'data[evt]' to suppress this warning

/home/vihaan/NuGraph/pynuml/pynuml/data/nugraph_data.py:108: UserWarning:

Unable to accurately infer 'num_nodes' from the attribute set '{'y_vtx', 'y'}'. Please explicitly set 'num_nodes' as an attribute of 'data[evt]' to suppress this warning

/home/vihaan/NuGraph/pynuml/pynuml/data/nugraph_data.py:108: UserWarning:

Unable to accurately infer 'num_nodes' from the attribute set '{'y_vtx', 'y'}'. Please explicitly set 'num_nodes' as an attribute of 'data[evt]' to suppress this warning

/home/vihaan/NuGraph/pynuml/pynuml/data/nugraph_data.py:108: UserWarning:

Unable to accurately infer 'num_nodes' from the attribute set '{'y_vtx', 'y'}'. Please explicitly set 'num_nodes' as an attribute of 'data[evt]' to suppress this warning

/home/vihaan/NuGraph/pynuml/pynuml/data/nugraph_data.py:108: UserWarning:

Unable to accurately infer 'num_nodes' from the attribute set '{'y_vtx', 'y'}'. Please explicitly set 'num_nodes' as an attribute of 'data[evt]' to suppress this warning

/home/vihaan/NuGraph/pynuml/pynuml/data/nugraph_data.py:108: UserWarning:

Unable to accurately infer 'num_nodes' from the attribute set '{'y', 'y_vtx'}'. Please explicitly set 'num_nodes' as an attribute of 'data[evt]' to suppress this warning

/home/vihaan/NuGraph/pynuml/pynuml/data/nugraph_data.py:108: UserWarning:

Unable to accurately infer 'num_nodes' from the attribute set '{'y_vtx', 'y'}'. Please explicitly set 'num_nodes' as an attribute of 'data[evt]' to suppress this warning

/home/vihaan/NuGraph/pynuml/pynuml/data/nugraph_data.py:108: UserWarning:

Unable to accurately infer 'num_nodes' from the attribute set '{'y_vtx', 'y'}'. Please explicitly set 'num_nodes' as an attribute of 'data[evt]' to suppress this warning

/home/vihaan/NuGraph/pynuml/pynuml/data/nugraph_data.py:108: UserWarning:

Unable to accurately infer 'num_nodes' from the attribute set '{'y', 'y_vtx'}'. Please explicitly set 'num_nodes' as an attribute of 'data[evt]' to suppress this warning

/home/vihaan/NuGraph/pynuml/pynuml/data/nugraph_data.py:108: UserWarning:

Unable to accurately infer 'num_nodes' from the attribute set '{'y_vtx', 'y'}'. Please explicitly set 'num_nodes' as an attribute of 'data[evt]' to suppress this warning

/home/vihaan/NuGraph/pynuml/pynuml/data/nugraph_data.py:108: UserWarning:

Unable to accurately infer 'num_nodes' from the attribute set '{'y_vtx', 'y'}'. Please explicitly set 'num_nodes' as an attribute of 'data[evt]' to suppress this warning

/home/vihaan/NuGraph/pynuml/pynuml/data/nugraph_data.py:108: UserWarning:

Unable to accurately infer 'num_nodes' from the attribute set '{'y', 'y_vtx'}'. Please explicitly set 'num_nodes' as an attribute of 'data[evt]' to suppress this warning

/home/vihaan/NuGraph/pynuml/pynuml/data/nugraph_data.py:108: UserWarning:

Unable to accurately infer 'num_nodes' from the attribute set '{'y', 'y_vtx'}'. Please explicitly set 'num_nodes' as an attribute of 'data[evt]' to suppress this warning

/home/vihaan/NuGraph/pynuml/pynuml/data/nugraph_data.py:108: UserWarning:

Unable to accurately infer 'num_nodes' from the attribute set '{'y', 'y_vtx'}'. Please explicitly set 'num_nodes' as an attribute of 'data[evt]' to suppress this warning

/home/vihaan/NuGraph/pynuml/pynuml/data/nugraph_data.py:108: UserWarning:

Unable to accurately infer 'num_nodes' from the attribute set '{'y', 'y_vtx'}'. Please explicitly set 'num_nodes' as an attribute of 'data[evt]' to suppress this warning

/home/vihaan/NuGraph/pynuml/pynuml/data/nugraph_data.py:108: UserWarning:

Unable to accurately infer 'num_nodes' from the attribute set '{'y_vtx', 'y'}'. Please explicitly set 'num_nodes' as an attribute of 'data[evt]' to suppress this warning

/home/vihaan/NuGraph/pynuml/pynuml/data/nugraph_data.py:108: UserWarning:

Unable to accurately infer 'num_nodes' from the attribute set '{'y_vtx', 'y'}'. Please explicitly set 'num_nodes' as an attribute of 'data[evt]' to suppress this warning

/home/vihaan/NuGraph/pynuml/pynuml/data/nugraph_data.py:108: UserWarning:

Unable to accurately infer 'num_nodes' from the attribute set '{'y_vtx', 'y'}'. Please explicitly set 'num_nodes' as an attribute of 'data[evt]' to suppress this warning

/home/vihaan/NuGraph/pynuml/pynuml/data/nugraph_data.py:108: UserWarning:

Unable to accurately infer 'num_nodes' from the attribute set '{'y_vtx', 'y'}'. Please explicitly set 'num_nodes' as an attribute of 'data[evt]' to suppress this warning

/home/vihaan/NuGraph/pynuml/pynuml/data/nugraph_data.py:108: UserWarning:

Unable to accurately infer 'num_nodes' from the attribute set '{'y', 'y_vtx'}'. Please explicitly set 'num_nodes' as an attribute of 'data[evt]' to suppress this warning

/home/vihaan/NuGraph/pynuml/pynuml/data/nugraph_data.py:108: UserWarning:

Unable to accurately infer 'num_nodes' from the attribute set '{'y_vtx', 'y'}'. Please explicitly set 'num_nodes' as an attribute of 'data[evt]' to suppress this warning

/home/vihaan/NuGraph/pynuml/pynuml/data/nugraph_data.py:108: UserWarning:

Unable to accurately infer 'num_nodes' from the attribute set '{'y', 'y_vtx'}'. Please explicitly set 'num_nodes' as an attribute of 'data[evt]' to suppress this warning

/home/vihaan/NuGraph/pynuml/pynuml/data/nugraph_data.py:108: UserWarning:

Unable to accurately infer 'num_nodes' from the attribute set '{'y_vtx', 'y'}'. Please explicitly set 'num_nodes' as an attribute of 'data[evt]' to suppress this warning

/home/vihaan/NuGraph/pynuml/pynuml/data/nugraph_data.py:108: UserWarning:

Unable to accurately infer 'num_nodes' from the attribute set '{'y_vtx', 'y'}'. Please explicitly set 'num_nodes' as an attribute of 'data[evt]' to suppress this warning

/home/vihaan/NuGraph/pynuml/pynuml/data/nugraph_data.py:108: UserWarning:

Unable to accurately infer 'num_nodes' from the attribute set '{'y_vtx', 'y'}'. Please explicitly set 'num_nodes' as an attribute of 'data[evt]' to suppress this warning

/home/vihaan/NuGraph/pynuml/pynuml/data/nugraph_data.py:108: UserWarning:

Unable to accurately infer 'num_nodes' from the attribute set '{'y', 'y_vtx'}'. Please explicitly set 'num_nodes' as an attribute of 'data[evt]' to suppress this warning

/home/vihaan/NuGraph/pynuml/pynuml/data/nugraph_data.py:108: UserWarning:

Unable to accurately infer 'num_nodes' from the attribute set '{'y_vtx', 'y'}'. Please explicitly set 'num_nodes' as an attribute of 'data[evt]' to suppress this warning

/home/vihaan/NuGraph/pynuml/pynuml/data/nugraph_data.py:108: UserWarning:

Unable to accurately infer 'num_nodes' from the attribute set '{'y', 'y_vtx'}'. Please explicitly set 'num_nodes' as an attribute of 'data[evt]' to suppress this warning

/home/vihaan/NuGraph/pynuml/pynuml/data/nugraph_data.py:108: UserWarning:

Unable to accurately infer 'num_nodes' from the attribute set '{'y_vtx', 'y'}'. Please explicitly set 'num_nodes' as an attribute of 'data[evt]' to suppress this warning

/home/vihaan/NuGraph/pynuml/pynuml/data/nugraph_data.py:108: UserWarning:

Unable to accurately infer 'num_nodes' from the attribute set '{'y_vtx', 'y'}'. Please explicitly set 'num_nodes' as an attribute of 'data[evt]' to suppress this warning

/home/vihaan/NuGraph/pynuml/pynuml/data/nugraph_data.py:108: UserWarning:

Unable to accurately infer 'num_nodes' from the attribute set '{'y_vtx', 'y'}'. Please explicitly set 'num_nodes' as an attribute of 'data[evt]' to suppress this warning

/home/vihaan/NuGraph/pynuml/pynuml/data/nugraph_data.py:108: UserWarning:

Unable to accurately infer 'num_nodes' from the attribute set '{'y_vtx', 'y'}'. Please explicitly set 'num_nodes' as an attribute of 'data[evt]' to suppress this warning

/home/vihaan/NuGraph/pynuml/pynuml/data/nugraph_data.py:108: UserWarning:

Unable to accurately infer 'num_nodes' from the attribute set '{'y', 'y_vtx'}'. Please explicitly set 'num_nodes' as an attribute of 'data[evt]' to suppress this warning

/home/vihaan/NuGraph/pynuml/pynuml/data/nugraph_data.py:108: UserWarning:

Unable to accurately infer 'num_nodes' from the attribute set '{'y', 'y_vtx'}'. Please explicitly set 'num_nodes' as an attribute of 'data[evt]' to suppress this warning

/home/vihaan/NuGraph/pynuml/pynuml/data/nugraph_data.py:108: UserWarning:

Unable to accurately infer 'num_nodes' from the attribute set '{'y_vtx', 'y'}'. Please explicitly set 'num_nodes' as an attribute of 'data[evt]' to suppress this warning

/home/vihaan/NuGraph/pynuml/pynuml/data/nugraph_data.py:108: UserWarning:

Unable to accurately infer 'num_nodes' from the attribute set '{'y_vtx', 'y'}'. Please explicitly set 'num_nodes' as an attribute of 'data[evt]' to suppress this warning

/home/vihaan/NuGraph/pynuml/pynuml/data/nugraph_data.py:108: UserWarning:

Unable to accurately infer 'num_nodes' from the attribute set '{'y', 'y_vtx'}'. Please explicitly set 'num_nodes' as an attribute of 'data[evt]' to suppress this warning

/home/vihaan/NuGraph/pynuml/pynuml/data/nugraph_data.py:108: UserWarning:

Unable to accurately infer 'num_nodes' from the attribute set '{'y_vtx', 'y'}'. Please explicitly set 'num_nodes' as an attribute of 'data[evt]' to suppress this warning

Sanity Checking: |          | 0/? [00:00<?, ?it/s]Sanity Checking: |          | 0/? [00:00<?, ?it/s]Sanity Checking DataLoader 0:   0%|          | 0/2 [00:00<?, ?it/s]Sanity Checking DataLoader 0:  50%|█████     | 1/2 [00:10<00:10,  0.09it/s]Sanity Checking DataLoader 0: 100%|██████████| 2/2 [00:11<00:00,  0.18it/s]                                                                           Training: |          | 0/? [00:00<?, ?it/s]Training: |          | 0/? [00:00<?, ?it/s]Epoch 0:   0%|          | 0/3104 [00:00<?, ?it/s]Epoch 0:   0%|          | 1/3104 [00:12<10:41:11,  0.08it/s]Epoch 0:   0%|          | 1/3104 [00:12<10:41:15,  0.08it/s, v_num=-30E, loss/train=49.60]Epoch 0:   0%|          | 2/3104 [00:12<5:24:25,  0.16it/s, v_num=-30E, loss/train=49.60] Epoch 0:   0%|          | 2/3104 [00:12<5:25:50,  0.16it/s, v_num=-30E, loss/train=47.80]Epoch 0:   0%|          | 3/3104 [00:12<3:39:15,  0.24it/s, v_num=-30E, loss/train=47.80]Epoch 0:   0%|          | 3/3104 [00:12<3:39:53,  0.24it/s, v_num=-30E, loss/train=41.90]Epoch 0:   0%|          | 4/3104 [00:12<2:46:51,  0.31it/s, v_num=-30E, loss/train=41.90]Epoch 0:   0%|          | 4/3104 [00:12<2:47:28,  0.31it/s, v_num=-30E, loss/train=43.50]Epoch 0:   0%|          | 5/3104 [00:13<2:15:19,  0.38it/s, v_num=-30E, loss/train=43.50]Epoch 0:   0%|          | 5/3104 [00:13<2:15:44,  0.38it/s, v_num=-30E, loss/train=43.90]Epoch 0:   0%|          | 6/3104 [00:13<1:54:11,  0.45it/s, v_num=-30E, loss/train=43.90]Epoch 0:   0%|          | 6/3104 [00:13<1:54:27,  0.45it/s, v_num=-30E, loss/train=38.30]Epoch 0:   0%|          | 7/3104 [00:13<1:39:10,  0.52it/s, v_num=-30E, loss/train=38.30]Epoch 0:   0%|          | 7/3104 [00:13<1:39:40,  0.52it/s, v_num=-30E, loss/train=41.90]Epoch 0:   0%|          | 8/3104 [00:13<1:28:02,  0.59it/s, v_num=-30E, loss/train=41.90]Epoch 0:   0%|          | 8/3104 [00:13<1:28:18,  0.58it/s, v_num=-30E, loss/train=36.80]Epoch 0:   0%|          | 9/3104 [00:13<1:19:15,  0.65it/s, v_num=-30E, loss/train=36.80]Epoch 0:   0%|          | 9/3104 [00:13<1:19:33,  0.65it/s, v_num=-30E, loss/train=35.60]Epoch 0:   0%|          | 10/3104 [00:14<1:12:18,  0.71it/s, v_num=-30E, loss/train=35.60]Epoch 0:   0%|          | 10/3104 [00:14<1:12:30,  0.71it/s, v_num=-30E, loss/train=33.60]Epoch 0:   0%|          | 11/3104 [00:14<1:06:35,  0.77it/s, v_num=-30E, loss/train=33.60]Epoch 0:   0%|          | 11/3104 [00:14<1:06:47,  0.77it/s, v_num=-30E, loss/train=32.20]Epoch 0:   0%|          | 12/3104 [00:17<1:15:58,  0.68it/s, v_num=-30E, loss/train=32.20]Epoch 0:   0%|          | 12/3104 [00:17<1:16:05,  0.68it/s, v_num=-30E, loss/train=27.60]Epoch 0:   0%|          | 13/3104 [00:18<1:15:09,  0.69it/s, v_num=-30E, loss/train=27.60]Epoch 0:   0%|          | 13/3104 [00:19<1:15:20,  0.68it/s, v_num=-30E, loss/train=23.90]Epoch 0:   0%|          | 14/3104 [00:19<1:12:32,  0.71it/s, v_num=-30E, loss/train=23.90]Epoch 0:   0%|          | 14/3104 [00:19<1:12:44,  0.71it/s, v_num=-30E, loss/train=21.30]Epoch 0:   0%|          | 15/3104 [00:19<1:08:22,  0.75it/s, v_num=-30E, loss/train=21.30]Epoch 0:   0%|          | 15/3104 [00:19<1:08:35,  0.75it/s, v_num=-30E, loss/train=17.80]Epoch 0:   1%|          | 16/3104 [00:21<1:09:50,  0.74it/s, v_num=-30E, loss/train=17.80]Epoch 0:   1%|          | 16/3104 [00:21<1:10:00,  0.74it/s, v_num=-30E, loss/train=12.60]Epoch 0:   1%|          | 17/3104 [00:23<1:10:08,  0.73it/s, v_num=-30E, loss/train=12.60]Epoch 0:   1%|          | 17/3104 [00:23<1:10:14,  0.73it/s, v_num=-30E, loss/train=10.70]Epoch 0:   1%|          | 18/3104 [00:23<1:08:07,  0.76it/s, v_num=-30E, loss/train=10.70]Epoch 0:   1%|          | 18/3104 [00:23<1:08:14,  0.75it/s, v_num=-30E, loss/train=18.10]Epoch 0:   1%|          | 19/3104 [00:24<1:05:34,  0.78it/s, v_num=-30E, loss/train=18.10]Epoch 0:   1%|          | 19/3104 [00:24<1:05:39,  0.78it/s, v_num=-30E, loss/train=10.60]Epoch 0:   1%|          | 20/3104 [00:24<1:02:44,  0.82it/s, v_num=-30E, loss/train=10.60]Epoch 0:   1%|          | 20/3104 [00:24<1:02:52,  0.82it/s, v_num=-30E, loss/train=10.90]Epoch 0:   1%|          | 21/3104 [00:26<1:05:40,  0.78it/s, v_num=-30E, loss/train=10.90]Epoch 0:   1%|          | 21/3104 [00:26<1:05:46,  0.78it/s, v_num=-30E, loss/train=11.10]Epoch 0:   1%|          | 22/3104 [00:28<1:07:33,  0.76it/s, v_num=-30E, loss/train=11.10]Epoch 0:   1%|          | 22/3104 [00:28<1:07:39,  0.76it/s, v_num=-30E, loss/train=12.00]Epoch 0:   1%|          | 23/3104 [00:29<1:05:01,  0.79it/s, v_num=-30E, loss/train=12.00]Epoch 0:   1%|          | 23/3104 [00:29<1:05:07,  0.79it/s, v_num=-30E, loss/train=11.40]Epoch 0:   1%|          | 24/3104 [00:29<1:02:41,  0.82it/s, v_num=-30E, loss/train=11.40]Epoch 0:   1%|          | 24/3104 [00:29<1:02:47,  0.82it/s, v_num=-30E, loss/train=10.30]Epoch 0:   1%|          | 25/3104 [00:29<1:00:32,  0.85it/s, v_num=-30E, loss/train=10.30]Epoch 0:   1%|          | 25/3104 [00:29<1:00:36,  0.85it/s, v_num=-30E, loss/train=10.10]Epoch 0:   1%|          | 26/3104 [00:30<59:37,  0.86it/s, v_num=-30E, loss/train=10.10]  Epoch 0:   1%|          | 26/3104 [00:30<59:42,  0.86it/s, v_num=-30E, loss/train=8.980]Epoch 0:   1%|          | 27/3104 [00:34<1:06:17,  0.77it/s, v_num=-30E, loss/train=8.980]Epoch 0:   1%|          | 27/3104 [00:34<1:06:21,  0.77it/s, v_num=-30E, loss/train=10.30]Epoch 0:   1%|          | 28/3104 [00:37<1:08:21,  0.75it/s, v_num=-30E, loss/train=10.30]Epoch 0:   1%|          | 28/3104 [00:37<1:08:26,  0.75it/s, v_num=-30E, loss/train=10.10]Epoch 0:   1%|          | 29/3104 [00:37<1:06:17,  0.77it/s, v_num=-30E, loss/train=10.10]Epoch 0:   1%|          | 29/3104 [00:37<1:06:23,  0.77it/s, v_num=-30E, loss/train=11.00]Epoch 0:   1%|          | 30/3104 [00:37<1:04:23,  0.80it/s, v_num=-30E, loss/train=11.00]Epoch 0:   1%|          | 30/3104 [00:37<1:04:28,  0.79it/s, v_num=-30E, loss/train=11.40]Epoch 0:   1%|          | 31/3104 [00:40<1:06:16,  0.77it/s, v_num=-30E, loss/train=11.40]Epoch 0:   1%|          | 31/3104 [00:40<1:06:23,  0.77it/s, v_num=-30E, loss/train=9.600]Epoch 0:   1%|          | 32/3104 [00:44<1:11:05,  0.72it/s, v_num=-30E, loss/train=9.600]Epoch 0:   1%|          | 32/3104 [00:44<1:11:09,  0.72it/s, v_num=-30E, loss/train=9.010]Epoch 0:   1%|          | 33/3104 [00:47<1:13:16,  0.70it/s, v_num=-30E, loss/train=9.010]Epoch 0:   1%|          | 33/3104 [00:47<1:13:21,  0.70it/s, v_num=-30E, loss/train=8.650]Epoch 0:   1%|          | 34/3104 [00:47<1:11:22,  0.72it/s, v_num=-30E, loss/train=8.650]Epoch 0:   1%|          | 34/3104 [00:47<1:11:27,  0.72it/s, v_num=-30E, loss/train=8.400]Epoch 0:   1%|          | 35/3104 [00:47<1:09:35,  0.73it/s, v_num=-30E, loss/train=8.400]Epoch 0:   1%|          | 35/3104 [00:47<1:09:41,  0.73it/s, v_num=-30E, loss/train=11.20]Epoch 0:   1%|          | 36/3104 [00:50<1:11:28,  0.72it/s, v_num=-30E, loss/train=11.20]Epoch 0:   1%|          | 36/3104 [00:50<1:11:34,  0.71it/s, v_num=-30E, loss/train=9.900]Epoch 0:   1%|          | 37/3104 [00:50<1:10:00,  0.73it/s, v_num=-30E, loss/train=9.900]Epoch 0:   1%|          | 37/3104 [00:50<1:10:04,  0.73it/s, v_num=-30E, loss/train=8.720]Epoch 0:   1%|          | 38/3104 [00:52<1:09:59,  0.73it/s, v_num=-30E, loss/train=8.720]Epoch 0:   1%|          | 38/3104 [00:52<1:10:02,  0.73it/s, v_num=-30E, loss/train=9.410]Epoch 0:   1%|▏         | 39/3104 [00:53<1:10:01,  0.73it/s, v_num=-30E, loss/train=9.410]Epoch 0:   1%|▏         | 39/3104 [00:53<1:10:05,  0.73it/s, v_num=-30E, loss/train=9.660]Epoch 0:   1%|▏         | 40/3104 [00:53<1:08:29,  0.75it/s, v_num=-30E, loss/train=9.660]Epoch 0:   1%|▏         | 40/3104 [00:53<1:08:32,  0.74it/s, v_num=-30E, loss/train=9.720]Epoch 0:   1%|▏         | 41/3104 [00:55<1:08:40,  0.74it/s, v_num=-30E, loss/train=9.720]Epoch 0:   1%|▏         | 41/3104 [00:55<1:08:44,  0.74it/s, v_num=-30E, loss/train=8.140]Epoch 0:   1%|▏         | 42/3104 [01:00<1:13:27,  0.69it/s, v_num=-30E, loss/train=8.140]Epoch 0:   1%|▏         | 42/3104 [01:00<1:13:30,  0.69it/s, v_num=-30E, loss/train=7.640]Epoch 0:   1%|▏         | 43/3104 [01:00<1:11:56,  0.71it/s, v_num=-30E, loss/train=7.640]Epoch 0:   1%|▏         | 43/3104 [01:00<1:11:59,  0.71it/s, v_num=-30E, loss/train=9.450]Epoch 0:   1%|▏         | 44/3104 [01:00<1:10:29,  0.72it/s, v_num=-30E, loss/train=9.450]Epoch 0:   1%|▏         | 44/3104 [01:00<1:10:32,  0.72it/s, v_num=-30E, loss/train=9.540]Epoch 0:   1%|▏         | 45/3104 [01:01<1:09:06,  0.74it/s, v_num=-30E, loss/train=9.540]Epoch 0:   1%|▏         | 45/3104 [01:01<1:09:10,  0.74it/s, v_num=-30E, loss/train=9.870]Epoch 0:   1%|▏         | 46/3104 [01:01<1:07:47,  0.75it/s, v_num=-30E, loss/train=9.870]Epoch 0:   1%|▏         | 46/3104 [01:01<1:07:50,  0.75it/s, v_num=-30E, loss/train=8.250]Epoch 0:   2%|▏         | 47/3104 [01:05<1:11:07,  0.72it/s, v_num=-30E, loss/train=8.250]Epoch 0:   2%|▏         | 47/3104 [01:05<1:11:10,  0.72it/s, v_num=-30E, loss/train=8.430]Epoch 0:   2%|▏         | 48/3104 [01:05<1:09:48,  0.73it/s, v_num=-30E, loss/train=8.430]Epoch 0:   2%|▏         | 48/3104 [01:05<1:09:51,  0.73it/s, v_num=-30E, loss/train=8.190]Epoch 0:   2%|▏         | 49/3104 [01:08<1:11:37,  0.71it/s, v_num=-30E, loss/train=8.190]Epoch 0:   2%|▏         | 49/3104 [01:08<1:11:40,  0.71it/s, v_num=-30E, loss/train=7.930]Epoch 0:   2%|▏         | 50/3104 [01:09<1:10:21,  0.72it/s, v_num=-30E, loss/train=7.930]Epoch 0:   2%|▏         | 50/3104 [01:09<1:10:24,  0.72it/s, v_num=-30E, loss/train=7.300]Epoch 0:   2%|▏         | 51/3104 [01:09<1:09:09,  0.74it/s, v_num=-30E, loss/train=7.300]Epoch 0:   2%|▏         | 51/3104 [01:09<1:09:13,  0.74it/s, v_num=-30E, loss/train=10.30]Epoch 0:   2%|▏         | 52/3104 [01:12<1:11:18,  0.71it/s, v_num=-30E, loss/train=10.30]Epoch 0:   2%|▏         | 52/3104 [01:12<1:11:20,  0.71it/s, v_num=-30E, loss/train=10.60]Epoch 0:   2%|▏         | 53/3104 [01:13<1:10:06,  0.73it/s, v_num=-30E, loss/train=10.60]Epoch 0:   2%|▏         | 53/3104 [01:13<1:10:09,  0.72it/s, v_num=-30E, loss/train=8.980]Epoch 0:   2%|▏         | 54/3104 [01:17<1:13:12,  0.69it/s, v_num=-30E, loss/train=8.980]Epoch 0:   2%|▏         | 54/3104 [01:17<1:13:14,  0.69it/s, v_num=-30E, loss/train=7.990]Epoch 0:   2%|▏         | 55/3104 [01:17<1:12:01,  0.71it/s, v_num=-30E, loss/train=7.990]Epoch 0:   2%|▏         | 55/3104 [01:18<1:12:04,  0.71it/s, v_num=-30E, loss/train=8.120]Epoch 0:   2%|▏         | 56/3104 [01:19<1:12:33,  0.70it/s, v_num=-30E, loss/train=8.120]Epoch 0:   2%|▏         | 56/3104 [01:20<1:12:35,  0.70it/s, v_num=-30E, loss/train=7.690]Epoch 0:   2%|▏         | 57/3104 [01:20<1:11:26,  0.71it/s, v_num=-30E, loss/train=7.690]Epoch 0:   2%|▏         | 57/3104 [01:20<1:11:28,  0.71it/s, v_num=-30E, loss/train=8.890]Epoch 0:   2%|▏         | 58/3104 [01:21<1:11:17,  0.71it/s, v_num=-30E, loss/train=8.890]Epoch 0:   2%|▏         | 58/3104 [01:21<1:11:20,  0.71it/s, v_num=-30E, loss/train=8.710]Epoch 0:   2%|▏         | 59/3104 [01:24<1:12:41,  0.70it/s, v_num=-30E, loss/train=8.710]Epoch 0:   2%|▏         | 59/3104 [01:24<1:12:44,  0.70it/s, v_num=-30E, loss/train=8.630]Epoch 0:   2%|▏         | 60/3104 [01:28<1:15:09,  0.67it/s, v_num=-30E, loss/train=8.630]Epoch 0:   2%|▏         | 60/3104 [01:28<1:15:11,  0.67it/s, v_num=-30E, loss/train=9.210]Epoch 0:   2%|▏         | 61/3104 [01:29<1:14:03,  0.68it/s, v_num=-30E, loss/train=9.210]Epoch 0:   2%|▏         | 61/3104 [01:29<1:14:06,  0.68it/s, v_num=-30E, loss/train=8.640]Epoch 0:   2%|▏         | 62/3104 [01:29<1:12:59,  0.69it/s, v_num=-30E, loss/train=8.640]Epoch 0:   2%|▏         | 62/3104 [01:29<1:13:02,  0.69it/s, v_num=-30E, loss/train=8.880]Epoch 0:   2%|▏         | 63/3104 [01:32<1:14:32,  0.68it/s, v_num=-30E, loss/train=8.880]Epoch 0:   2%|▏         | 63/3104 [01:32<1:14:33,  0.68it/s, v_num=-30E, loss/train=7.920]Epoch 0:   2%|▏         | 64/3104 [01:34<1:14:43,  0.68it/s, v_num=-30E, loss/train=7.920]Epoch 0:   2%|▏         | 64/3104 [01:34<1:14:44,  0.68it/s, v_num=-30E, loss/train=7.840]Epoch 0:   2%|▏         | 65/3104 [01:37<1:15:41,  0.67it/s, v_num=-30E, loss/train=7.840]Epoch 0:   2%|▏         | 65/3104 [01:37<1:15:43,  0.67it/s, v_num=-30E, loss/train=8.890]Epoch 0:   2%|▏         | 66/3104 [01:37<1:14:39,  0.68it/s, v_num=-30E, loss/train=8.890]Epoch 0:   2%|▏         | 66/3104 [01:37<1:14:40,  0.68it/s, v_num=-30E, loss/train=8.280]Epoch 0:   2%|▏         | 67/3104 [01:37<1:13:38,  0.69it/s, v_num=-30E, loss/train=8.280]Epoch 0:   2%|▏         | 67/3104 [01:37<1:13:39,  0.69it/s, v_num=-30E, loss/train=7.430]Epoch 0:   2%|▏         | 68/3104 [01:40<1:14:37,  0.68it/s, v_num=-30E, loss/train=7.430]Epoch 0:   2%|▏         | 68/3104 [01:40<1:14:40,  0.68it/s, v_num=-30E, loss/train=7.490]Epoch 0:   2%|▏         | 69/3104 [01:46<1:17:50,  0.65it/s, v_num=-30E, loss/train=7.490]Epoch 0:   2%|▏         | 69/3104 [01:46<1:17:52,  0.65it/s, v_num=-30E, loss/train=7.920]Epoch 0:   2%|▏         | 70/3104 [01:52<1:21:11,  0.62it/s, v_num=-30E, loss/train=7.920]Epoch 0:   2%|▏         | 70/3104 [01:52<1:21:13,  0.62it/s, v_num=-30E, loss/train=7.890]Epoch 0:   2%|▏         | 71/3104 [01:52<1:20:09,  0.63it/s, v_num=-30E, loss/train=7.890]Epoch 0:   2%|▏         | 71/3104 [01:52<1:20:11,  0.63it/s, v_num=-30E, loss/train=8.330]Epoch 0:   2%|▏         | 72/3104 [01:52<1:19:08,  0.64it/s, v_num=-30E, loss/train=8.330]Epoch 0:   2%|▏         | 72/3104 [01:52<1:19:10,  0.64it/s, v_num=-30E, loss/train=9.690]Epoch 0:   2%|▏         | 73/3104 [01:52<1:18:09,  0.65it/s, v_num=-30E, loss/train=9.690]Epoch 0:   2%|▏         | 73/3104 [01:52<1:18:11,  0.65it/s, v_num=-30E, loss/train=8.590]Epoch 0:   2%|▏         | 74/3104 [01:55<1:19:02,  0.64it/s, v_num=-30E, loss/train=8.590]Epoch 0:   2%|▏         | 74/3104 [01:55<1:19:03,  0.64it/s, v_num=-30E, loss/train=7.840]Epoch 0:   2%|▏         | 75/3104 [02:03<1:23:22,  0.61it/s, v_num=-30E, loss/train=7.840]Epoch 0:   2%|▏         | 75/3104 [02:03<1:23:24,  0.61it/s, v_num=-30E, loss/train=8.080]Epoch 0:   2%|▏         | 76/3104 [02:04<1:22:21,  0.61it/s, v_num=-30E, loss/train=8.080]Epoch 0:   2%|▏         | 76/3104 [02:04<1:22:23,  0.61it/s, v_num=-30E, loss/train=8.450]Epoch 0:   2%|▏         | 77/3104 [02:04<1:21:23,  0.62it/s, v_num=-30E, loss/train=8.450]Epoch 0:   2%|▏         | 77/3104 [02:04<1:21:25,  0.62it/s, v_num=-30E, loss/train=7.800]Epoch 0:   3%|▎         | 78/3104 [02:04<1:20:26,  0.63it/s, v_num=-30E, loss/train=7.800]Epoch 0:   3%|▎         | 78/3104 [02:04<1:20:27,  0.63it/s, v_num=-30E, loss/train=7.590]Epoch 0:   3%|▎         | 79/3104 [02:04<1:19:30,  0.63it/s, v_num=-30E, loss/train=7.590]Epoch 0:   3%|▎         | 79/3104 [02:04<1:19:33,  0.63it/s, v_num=-30E, loss/train=7.880]Epoch 0:   3%|▎         | 80/3104 [02:12<1:23:38,  0.60it/s, v_num=-30E, loss/train=7.880]Epoch 0:   3%|▎         | 80/3104 [02:12<1:23:39,  0.60it/s, v_num=-30E, loss/train=7.120]Epoch 0:   3%|▎         | 81/3104 [02:12<1:22:40,  0.61it/s, v_num=-30E, loss/train=7.120]Epoch 0:   3%|▎         | 81/3104 [02:12<1:22:42,  0.61it/s, v_num=-30E, loss/train=8.710]Epoch 0:   3%|▎         | 82/3104 [02:13<1:21:44,  0.62it/s, v_num=-30E, loss/train=8.710]Epoch 0:   3%|▎         | 82/3104 [02:13<1:21:46,  0.62it/s, v_num=-30E, loss/train=8.140]Epoch 0:   3%|▎         | 83/3104 [02:13<1:20:50,  0.62it/s, v_num=-30E, loss/train=8.140]Epoch 0:   3%|▎         | 83/3104 [02:13<1:20:51,  0.62it/s, v_num=-30E, loss/train=8.410]Epoch 0:   3%|▎         | 84/3104 [02:13<1:19:56,  0.63it/s, v_num=-30E, loss/train=8.410]Epoch 0:   3%|▎         | 84/3104 [02:13<1:19:58,  0.63it/s, v_num=-30E, loss/train=7.820]Epoch 0:   3%|▎         | 85/3104 [02:22<1:24:14,  0.60it/s, v_num=-30E, loss/train=7.820]Epoch 0:   3%|▎         | 85/3104 [02:22<1:24:16,  0.60it/s, v_num=-30E, loss/train=7.360]Epoch 0:   3%|▎         | 86/3104 [02:22<1:23:20,  0.60it/s, v_num=-30E, loss/train=7.360]Epoch 0:   3%|▎         | 86/3104 [02:22<1:23:22,  0.60it/s, v_num=-30E, loss/train=6.920]Epoch 0:   3%|▎         | 87/3104 [02:22<1:22:27,  0.61it/s, v_num=-30E, loss/train=6.920]Epoch 0:   3%|▎         | 87/3104 [02:22<1:22:29,  0.61it/s, v_num=-30E, loss/train=8.380]Epoch 0:   3%|▎         | 88/3104 [02:22<1:21:37,  0.62it/s, v_num=-30E, loss/train=8.380]Epoch 0:   3%|▎         | 88/3104 [02:22<1:21:39,  0.62it/s, v_num=-30E, loss/train=6.730]Epoch 0:   3%|▎         | 89/3104 [02:23<1:20:47,  0.62it/s, v_num=-30E, loss/train=6.730]Epoch 0:   3%|▎         | 89/3104 [02:23<1:20:48,  0.62it/s, v_num=-30E, loss/train=7.410]Epoch 0:   3%|▎         | 90/3104 [02:29<1:23:40,  0.60it/s, v_num=-30E, loss/train=7.410]Epoch 0:   3%|▎         | 90/3104 [02:29<1:23:41,  0.60it/s, v_num=-30E, loss/train=8.320]Epoch 0:   3%|▎         | 91/3104 [02:30<1:22:49,  0.61it/s, v_num=-30E, loss/train=8.320]Epoch 0:   3%|▎         | 91/3104 [02:30<1:22:50,  0.61it/s, v_num=-30E, loss/train=7.980]Epoch 0:   3%|▎         | 92/3104 [02:30<1:21:59,  0.61it/s, v_num=-30E, loss/train=7.980]Epoch 0:   3%|▎         | 92/3104 [02:30<1:22:00,  0.61it/s, v_num=-30E, loss/train=7.790]Epoch 0:   3%|▎         | 93/3104 [02:30<1:21:10,  0.62it/s, v_num=-30E, loss/train=7.790]Epoch 0:   3%|▎         | 93/3104 [02:30<1:21:12,  0.62it/s, v_num=-30E, loss/train=8.200]Epoch 0:   3%|▎         | 94/3104 [02:30<1:20:23,  0.62it/s, v_num=-30E, loss/train=8.200]Epoch 0:   3%|▎         | 94/3104 [02:30<1:20:25,  0.62it/s, v_num=-30E, loss/train=7.410]Epoch 0:   3%|▎         | 95/3104 [02:38<1:23:54,  0.60it/s, v_num=-30E, loss/train=7.410]Epoch 0:   3%|▎         | 95/3104 [02:38<1:23:55,  0.60it/s, v_num=-30E, loss/train=7.640]Epoch 0:   3%|▎         | 96/3104 [02:39<1:23:06,  0.60it/s, v_num=-30E, loss/train=7.640]Epoch 0:   3%|▎         | 96/3104 [02:39<1:23:07,  0.60it/s, v_num=-30E, loss/train=8.250]Epoch 0:   3%|▎         | 97/3104 [02:39<1:22:18,  0.61it/s, v_num=-30E, loss/train=8.250]Epoch 0:   3%|▎         | 97/3104 [02:39<1:22:20,  0.61it/s, v_num=-30E, loss/train=8.080]Epoch 0:   3%|▎         | 98/3104 [02:39<1:21:32,  0.61it/s, v_num=-30E, loss/train=8.080]Epoch 0:   3%|▎         | 98/3104 [02:39<1:21:33,  0.61it/s, v_num=-30E, loss/train=6.650]Epoch 0:   3%|▎         | 99/3104 [02:39<1:20:47,  0.62it/s, v_num=-30E, loss/train=6.650]Epoch 0:   3%|▎         | 99/3104 [02:39<1:20:49,  0.62it/s, v_num=-30E, loss/train=8.390]Epoch 0:   3%|▎         | 100/3104 [02:47<1:23:51,  0.60it/s, v_num=-30E, loss/train=8.390]Epoch 0:   3%|▎         | 100/3104 [02:47<1:23:53,  0.60it/s, v_num=-30E, loss/train=6.910]Epoch 0:   3%|▎         | 101/3104 [02:47<1:23:06,  0.60it/s, v_num=-30E, loss/train=6.910]Epoch 0:   3%|▎         | 101/3104 [02:47<1:23:07,  0.60it/s, v_num=-30E, loss/train=6.720]Epoch 0:   3%|▎         | 102/3104 [02:47<1:22:20,  0.61it/s, v_num=-30E, loss/train=6.720]Epoch 0:   3%|▎         | 102/3104 [02:47<1:22:22,  0.61it/s, v_num=-30E, loss/train=6.610]Epoch 0:   3%|▎         | 103/3104 [02:48<1:21:36,  0.61it/s, v_num=-30E, loss/train=6.610]Epoch 0:   3%|▎         | 103/3104 [02:48<1:21:38,  0.61it/s, v_num=-30E, loss/train=8.290]Epoch 0:   3%|▎         | 104/3104 [02:48<1:20:53,  0.62it/s, v_num=-30E, loss/train=8.290]Epoch 0:   3%|▎         | 104/3104 [02:48<1:20:55,  0.62it/s, v_num=-30E, loss/train=8.100]Epoch 0:   3%|▎         | 105/3104 [02:54<1:23:06,  0.60it/s, v_num=-30E, loss/train=8.100]Epoch 0:   3%|▎         | 105/3104 [02:54<1:23:07,  0.60it/s, v_num=-30E, loss/train=6.690]Epoch 0:   3%|▎         | 106/3104 [02:54<1:22:23,  0.61it/s, v_num=-30E, loss/train=6.690]Epoch 0:   3%|▎         | 106/3104 [02:54<1:22:24,  0.61it/s, v_num=-30E, loss/train=6.740]Epoch 0:   3%|▎         | 107/3104 [02:54<1:21:40,  0.61it/s, v_num=-30E, loss/train=6.740]Epoch 0:   3%|▎         | 107/3104 [02:55<1:21:41,  0.61it/s, v_num=-30E, loss/train=8.280]Epoch 0:   3%|▎         | 108/3104 [02:55<1:20:58,  0.62it/s, v_num=-30E, loss/train=8.280]Epoch 0:   3%|▎         | 108/3104 [02:55<1:21:00,  0.62it/s, v_num=-30E, loss/train=7.100]Epoch 0:   4%|▎         | 109/3104 [02:55<1:20:17,  0.62it/s, v_num=-30E, loss/train=7.100]Epoch 0:   4%|▎         | 109/3104 [02:55<1:20:18,  0.62it/s, v_num=-30E, loss/train=6.620]Epoch 0:   4%|▎         | 110/3104 [03:01<1:22:25,  0.61it/s, v_num=-30E, loss/train=6.620]Epoch 0:   4%|▎         | 110/3104 [03:01<1:22:26,  0.61it/s, v_num=-30E, loss/train=8.440]Epoch 0:   4%|▎         | 111/3104 [03:01<1:21:44,  0.61it/s, v_num=-30E, loss/train=8.440]Epoch 0:   4%|▎         | 111/3104 [03:01<1:21:45,  0.61it/s, v_num=-30E, loss/train=6.550]Epoch 0:   4%|▎         | 112/3104 [03:02<1:21:04,  0.62it/s, v_num=-30E, loss/train=6.550]Epoch 0:   4%|▎         | 112/3104 [03:02<1:21:05,  0.61it/s, v_num=-30E, loss/train=6.830]Epoch 0:   4%|▎         | 113/3104 [03:02<1:20:24,  0.62it/s, v_num=-30E, loss/train=6.830]Epoch 0:   4%|▎         | 113/3104 [03:02<1:20:25,  0.62it/s, v_num=-30E, loss/train=9.010]Epoch 0:   4%|▎         | 114/3104 [03:02<1:19:45,  0.62it/s, v_num=-30E, loss/train=9.010]Epoch 0:   4%|▎         | 114/3104 [03:02<1:19:45,  0.62it/s, v_num=-30E, loss/train=9.350]Epoch 0:   4%|▎         | 115/3104 [03:11<1:23:01,  0.60it/s, v_num=-30E, loss/train=9.350]Epoch 0:   4%|▎         | 115/3104 [03:11<1:23:02,  0.60it/s, v_num=-30E, loss/train=8.200]Epoch 0:   4%|▎         | 116/3104 [03:11<1:22:22,  0.60it/s, v_num=-30E, loss/train=8.200]Epoch 0:   4%|▎         | 116/3104 [03:11<1:22:24,  0.60it/s, v_num=-30E, loss/train=6.590]Epoch 0:   4%|▍         | 117/3104 [03:12<1:21:43,  0.61it/s, v_num=-30E, loss/train=6.590]Epoch 0:   4%|▍         | 117/3104 [03:12<1:21:44,  0.61it/s, v_num=-30E, loss/train=6.880]Epoch 0:   4%|▍         | 118/3104 [03:12<1:21:04,  0.61it/s, v_num=-30E, loss/train=6.880]Epoch 0:   4%|▍         | 118/3104 [03:12<1:21:05,  0.61it/s, v_num=-30E, loss/train=7.490]Epoch 0:   4%|▍         | 119/3104 [03:12<1:20:26,  0.62it/s, v_num=-30E, loss/train=7.490]Epoch 0:   4%|▍         | 119/3104 [03:12<1:20:27,  0.62it/s, v_num=-30E, loss/train=7.100]Epoch 0:   4%|▍         | 120/3104 [03:19<1:22:49,  0.60it/s, v_num=-30E, loss/train=7.100]Epoch 0:   4%|▍         | 120/3104 [03:19<1:22:50,  0.60it/s, v_num=-30E, loss/train=7.050]Epoch 0:   4%|▍         | 121/3104 [03:20<1:22:11,  0.60it/s, v_num=-30E, loss/train=7.050]Epoch 0:   4%|▍         | 121/3104 [03:20<1:22:13,  0.60it/s, v_num=-30E, loss/train=8.180]Epoch 0:   4%|▍         | 122/3104 [03:20<1:21:34,  0.61it/s, v_num=-30E, loss/train=8.180]Epoch 0:   4%|▍         | 122/3104 [03:20<1:21:35,  0.61it/s, v_num=-30E, loss/train=8.350]Epoch 0:   4%|▍         | 123/3104 [03:20<1:20:57,  0.61it/s, v_num=-30E, loss/train=8.350]Epoch 0:   4%|▍         | 123/3104 [03:20<1:20:58,  0.61it/s, v_num=-30E, loss/train=8.950]Epoch 0:   4%|▍         | 124/3104 [03:20<1:20:20,  0.62it/s, v_num=-30E, loss/train=8.950]Epoch 0:   4%|▍         | 124/3104 [03:20<1:20:22,  0.62it/s, v_num=-30E, loss/train=7.270]Epoch 0:   4%|▍         | 125/3104 [03:30<1:23:33,  0.59it/s, v_num=-30E, loss/train=7.270]Epoch 0:   4%|▍         | 125/3104 [03:30<1:23:34,  0.59it/s, v_num=-30E, loss/train=6.770]Epoch 0:   4%|▍         | 126/3104 [03:30<1:22:56,  0.60it/s, v_num=-30E, loss/train=6.770]Epoch 0:   4%|▍         | 126/3104 [03:30<1:22:57,  0.60it/s, v_num=-30E, loss/train=7.180]Epoch 0:   4%|▍         | 127/3104 [03:30<1:22:20,  0.60it/s, v_num=-30E, loss/train=7.180]Epoch 0:   4%|▍         | 127/3104 [03:30<1:22:21,  0.60it/s, v_num=-30E, loss/train=6.940]Epoch 0:   4%|▍         | 128/3104 [03:30<1:21:44,  0.61it/s, v_num=-30E, loss/train=6.940]Epoch 0:   4%|▍         | 128/3104 [03:30<1:21:45,  0.61it/s, v_num=-30E, loss/train=7.100]Epoch 0:   4%|▍         | 129/3104 [03:31<1:21:08,  0.61it/s, v_num=-30E, loss/train=7.100]Epoch 0:   4%|▍         | 129/3104 [03:31<1:21:09,  0.61it/s, v_num=-30E, loss/train=7.960]Epoch 0:   4%|▍         | 130/3104 [03:40<1:23:53,  0.59it/s, v_num=-30E, loss/train=7.960]Epoch 0:   4%|▍         | 130/3104 [03:40<1:23:53,  0.59it/s, v_num=-30E, loss/train=8.050]Epoch 0:   4%|▍         | 131/3104 [03:40<1:23:17,  0.59it/s, v_num=-30E, loss/train=8.050]Epoch 0:   4%|▍         | 131/3104 [03:40<1:23:18,  0.59it/s, v_num=-30E, loss/train=8.180]Epoch 0:   4%|▍         | 132/3104 [03:40<1:22:42,  0.60it/s, v_num=-30E, loss/train=8.180]Epoch 0:   4%|▍         | 132/3104 [03:40<1:22:43,  0.60it/s, v_num=-30E, loss/train=7.580]Epoch 0:   4%|▍         | 133/3104 [03:40<1:22:07,  0.60it/s, v_num=-30E, loss/train=7.580]Epoch 0:   4%|▍         | 133/3104 [03:40<1:22:07,  0.60it/s, v_num=-30E, loss/train=6.610]Epoch 0:   4%|▍         | 134/3104 [03:40<1:21:32,  0.61it/s, v_num=-30E, loss/train=6.610]Epoch 0:   4%|▍         | 134/3104 [03:40<1:21:33,  0.61it/s, v_num=-30E, loss/train=7.050]Epoch 0:   4%|▍         | 135/3104 [03:47<1:23:29,  0.59it/s, v_num=-30E, loss/train=7.050]Epoch 0:   4%|▍         | 135/3104 [03:47<1:23:30,  0.59it/s, v_num=-30E, loss/train=8.620]Epoch 0:   4%|▍         | 136/3104 [03:47<1:22:54,  0.60it/s, v_num=-30E, loss/train=8.620]Epoch 0:   4%|▍         | 136/3104 [03:47<1:22:55,  0.60it/s, v_num=-30E, loss/train=7.410]Epoch 0:   4%|▍         | 137/3104 [03:48<1:22:20,  0.60it/s, v_num=-30E, loss/train=7.410]Epoch 0:   4%|▍         | 137/3104 [03:48<1:22:21,  0.60it/s, v_num=-30E, loss/train=6.890]Epoch 0:   4%|▍         | 138/3104 [03:48<1:21:47,  0.60it/s, v_num=-30E, loss/train=6.890]Epoch 0:   4%|▍         | 138/3104 [03:48<1:21:49,  0.60it/s, v_num=-30E, loss/train=7.550]Epoch 0:   4%|▍         | 139/3104 [03:48<1:21:15,  0.61it/s, v_num=-30E, loss/train=7.550]Epoch 0:   4%|▍         | 139/3104 [03:48<1:21:16,  0.61it/s, v_num=-30E, loss/train=7.940]Epoch 0:   5%|▍         | 140/3104 [03:59<1:24:33,  0.58it/s, v_num=-30E, loss/train=7.940]Epoch 0:   5%|▍         | 140/3104 [03:59<1:24:34,  0.58it/s, v_num=-30E, loss/train=7.460]Epoch 0:   5%|▍         | 141/3104 [03:59<1:23:59,  0.59it/s, v_num=-30E, loss/train=7.460]Epoch 0:   5%|▍         | 141/3104 [03:59<1:24:00,  0.59it/s, v_num=-30E, loss/train=6.860]Epoch 0:   5%|▍         | 142/3104 [03:59<1:23:25,  0.59it/s, v_num=-30E, loss/train=6.860]Epoch 0:   5%|▍         | 142/3104 [04:00<1:23:26,  0.59it/s, v_num=-30E, loss/train=8.600]Epoch 0:   5%|▍         | 143/3104 [04:00<1:22:52,  0.60it/s, v_num=-30E, loss/train=8.600]Epoch 0:   5%|▍         | 143/3104 [04:00<1:22:53,  0.60it/s, v_num=-30E, loss/train=8.120]Epoch 0:   5%|▍         | 144/3104 [04:00<1:22:20,  0.60it/s, v_num=-30E, loss/train=8.120]Epoch 0:   5%|▍         | 144/3104 [04:00<1:22:21,  0.60it/s, v_num=-30E, loss/train=6.900]Epoch 0:   5%|▍         | 145/3104 [04:09<1:24:53,  0.58it/s, v_num=-30E, loss/train=6.900]Epoch 0:   5%|▍         | 145/3104 [04:09<1:24:54,  0.58it/s, v_num=-30E, loss/train=7.620]Epoch 0:   5%|▍         | 146/3104 [04:09<1:24:20,  0.58it/s, v_num=-30E, loss/train=7.620]Epoch 0:   5%|▍         | 146/3104 [04:09<1:24:21,  0.58it/s, v_num=-30E, loss/train=6.520]Epoch 0:   5%|▍         | 147/3104 [04:09<1:23:48,  0.59it/s, v_num=-30E, loss/train=6.520]Epoch 0:   5%|▍         | 147/3104 [04:10<1:23:49,  0.59it/s, v_num=-30E, loss/train=7.210]Epoch 0:   5%|▍         | 148/3104 [04:10<1:23:16,  0.59it/s, v_num=-30E, loss/train=7.210]Epoch 0:   5%|▍         | 148/3104 [04:10<1:23:17,  0.59it/s, v_num=-30E, loss/train=6.960]Epoch 0:   5%|▍         | 149/3104 [04:10<1:22:44,  0.60it/s, v_num=-30E, loss/train=6.960]Epoch 0:   5%|▍         | 149/3104 [04:10<1:22:46,  0.60it/s, v_num=-30E, loss/train=9.110]Epoch 0:   5%|▍         | 150/3104 [04:14<1:23:40,  0.59it/s, v_num=-30E, loss/train=9.110]Epoch 0:   5%|▍         | 150/3104 [04:14<1:23:41,  0.59it/s, v_num=-30E, loss/train=8.090]Epoch 0:   5%|▍         | 151/3104 [04:15<1:23:09,  0.59it/s, v_num=-30E, loss/train=8.090]Epoch 0:   5%|▍         | 151/3104 [04:15<1:23:10,  0.59it/s, v_num=-30E, loss/train=7.050]Epoch 0:   5%|▍         | 152/3104 [04:15<1:22:38,  0.60it/s, v_num=-30E, loss/train=7.050]Epoch 0:   5%|▍         | 152/3104 [04:15<1:22:39,  0.60it/s, v_num=-30E, loss/train=6.950]Epoch 0:   5%|▍         | 153/3104 [04:15<1:22:07,  0.60it/s, v_num=-30E, loss/train=6.950]Epoch 0:   5%|▍         | 153/3104 [04:15<1:22:08,  0.60it/s, v_num=-30E, loss/train=7.700]Epoch 0:   5%|▍         | 154/3104 [04:15<1:21:37,  0.60it/s, v_num=-30E, loss/train=7.700]Epoch 0:   5%|▍         | 154/3104 [04:15<1:21:38,  0.60it/s, v_num=-30E, loss/train=6.850]Epoch 0:   5%|▍         | 155/3104 [04:28<1:25:15,  0.58it/s, v_num=-30E, loss/train=6.850]Epoch 0:   5%|▍         | 155/3104 [04:28<1:25:16,  0.58it/s, v_num=-30E, loss/train=9.480]Epoch 0:   5%|▌         | 156/3104 [04:29<1:24:44,  0.58it/s, v_num=-30E, loss/train=9.480]Epoch 0:   5%|▌         | 156/3104 [04:29<1:24:45,  0.58it/s, v_num=-30E, loss/train=8.200]Epoch 0:   5%|▌         | 157/3104 [04:29<1:24:13,  0.58it/s, v_num=-30E, loss/train=8.200]Epoch 0:   5%|▌         | 157/3104 [04:29<1:24:14,  0.58it/s, v_num=-30E, loss/train=8.300]Epoch 0:   5%|▌         | 158/3104 [04:29<1:23:43,  0.59it/s, v_num=-30E, loss/train=8.300]Epoch 0:   5%|▌         | 158/3104 [04:29<1:23:43,  0.59it/s, v_num=-30E, loss/train=6.850]Epoch 0:   5%|▌         | 159/3104 [04:29<1:23:13,  0.59it/s, v_num=-30E, loss/train=6.850]Epoch 0:   5%|▌         | 159/3104 [04:29<1:23:14,  0.59it/s, v_num=-30E, loss/train=6.890]Epoch 0:   5%|▌         | 160/3104 [04:39<1:25:50,  0.57it/s, v_num=-30E, loss/train=6.890]Epoch 0:   5%|▌         | 160/3104 [04:39<1:25:51,  0.57it/s, v_num=-30E, loss/train=6.900]Epoch 0:   5%|▌         | 161/3104 [04:40<1:25:20,  0.57it/s, v_num=-30E, loss/train=6.900]Epoch 0:   5%|▌         | 161/3104 [04:40<1:25:21,  0.57it/s, v_num=-30E, loss/train=7.620]Epoch 0:   5%|▌         | 162/3104 [04:40<1:24:50,  0.58it/s, v_num=-30E, loss/train=7.620]Epoch 0:   5%|▌         | 162/3104 [04:40<1:24:50,  0.58it/s, v_num=-30E, loss/train=7.240]Epoch 0:   5%|▌         | 163/3104 [04:40<1:24:20,  0.58it/s, v_num=-30E, loss/train=7.240]Epoch 0:   5%|▌         | 163/3104 [04:40<1:24:21,  0.58it/s, v_num=-30E, loss/train=6.030]Epoch 0:   5%|▌         | 164/3104 [04:40<1:23:51,  0.58it/s, v_num=-30E, loss/train=6.030]Epoch 0:   5%|▌         | 164/3104 [04:40<1:23:52,  0.58it/s, v_num=-30E, loss/train=6.030]Epoch 0:   5%|▌         | 165/3104 [04:50<1:26:12,  0.57it/s, v_num=-30E, loss/train=6.030]Epoch 0:   5%|▌         | 165/3104 [04:50<1:26:14,  0.57it/s, v_num=-30E, loss/train=7.050]Epoch 0:   5%|▌         | 166/3104 [04:50<1:25:43,  0.57it/s, v_num=-30E, loss/train=7.050]Epoch 0:   5%|▌         | 166/3104 [04:50<1:25:44,  0.57it/s, v_num=-30E, loss/train=6.070]Epoch 0:   5%|▌         | 167/3104 [04:50<1:25:14,  0.57it/s, v_num=-30E, loss/train=6.070]Epoch 0:   5%|▌         | 167/3104 [04:50<1:25:14,  0.57it/s, v_num=-30E, loss/train=7.400]Epoch 0:   5%|▌         | 168/3104 [04:50<1:24:44,  0.58it/s, v_num=-30E, loss/train=7.400]Epoch 0:   5%|▌         | 168/3104 [04:50<1:24:45,  0.58it/s, v_num=-30E, loss/train=7.390]Epoch 0:   5%|▌         | 169/3104 [04:51<1:24:15,  0.58it/s, v_num=-30E, loss/train=7.390]Epoch 0:   5%|▌         | 169/3104 [04:51<1:24:16,  0.58it/s, v_num=-30E, loss/train=6.750]Epoch 0:   5%|▌         | 170/3104 [04:57<1:25:35,  0.57it/s, v_num=-30E, loss/train=6.750]Epoch 0:   5%|▌         | 170/3104 [04:57<1:25:35,  0.57it/s, v_num=-30E, loss/train=6.560]Epoch 0:   6%|▌         | 171/3104 [04:57<1:25:06,  0.57it/s, v_num=-30E, loss/train=6.560]Epoch 0:   6%|▌         | 171/3104 [04:57<1:25:06,  0.57it/s, v_num=-30E, loss/train=6.470]Epoch 0:   6%|▌         | 172/3104 [04:57<1:24:37,  0.58it/s, v_num=-30E, loss/train=6.470]Epoch 0:   6%|▌         | 172/3104 [04:57<1:24:38,  0.58it/s, v_num=-30E, loss/train=5.960]Epoch 0:   6%|▌         | 173/3104 [04:58<1:24:09,  0.58it/s, v_num=-30E, loss/train=5.960]Epoch 0:   6%|▌         | 173/3104 [04:58<1:24:10,  0.58it/s, v_num=-30E, loss/train=6.720]Epoch 0:   6%|▌         | 174/3104 [04:58<1:23:42,  0.58it/s, v_num=-30E, loss/train=6.720]Epoch 0:   6%|▌         | 174/3104 [04:58<1:23:43,  0.58it/s, v_num=-30E, loss/train=7.350]Epoch 0:   6%|▌         | 175/3104 [05:11<1:26:50,  0.56it/s, v_num=-30E, loss/train=7.350]Epoch 0:   6%|▌         | 175/3104 [05:11<1:26:50,  0.56it/s, v_num=-30E, loss/train=6.980]Epoch 0:   6%|▌         | 176/3104 [05:11<1:26:21,  0.57it/s, v_num=-30E, loss/train=6.980]Epoch 0:   6%|▌         | 176/3104 [05:11<1:26:22,  0.57it/s, v_num=-30E, loss/train=6.240]Epoch 0:   6%|▌         | 177/3104 [05:11<1:25:53,  0.57it/s, v_num=-30E, loss/train=6.240]Epoch 0:   6%|▌         | 177/3104 [05:11<1:25:54,  0.57it/s, v_num=-30E, loss/train=5.710]Epoch 0:   6%|▌         | 178/3104 [05:11<1:25:26,  0.57it/s, v_num=-30E, loss/train=5.710]Epoch 0:   6%|▌         | 178/3104 [05:11<1:25:27,  0.57it/s, v_num=-30E, loss/train=6.510]Epoch 0:   6%|▌         | 179/3104 [05:12<1:24:59,  0.57it/s, v_num=-30E, loss/train=6.510]Epoch 0:   6%|▌         | 179/3104 [05:12<1:25:00,  0.57it/s, v_num=-30E, loss/train=6.400]Epoch 0:   6%|▌         | 180/3104 [05:22<1:27:11,  0.56it/s, v_num=-30E, loss/train=6.400]Epoch 0:   6%|▌         | 180/3104 [05:22<1:27:11,  0.56it/s, v_num=-30E, loss/train=6.510]Epoch 0:   6%|▌         | 181/3104 [05:22<1:26:43,  0.56it/s, v_num=-30E, loss/train=6.510]Epoch 0:   6%|▌         | 181/3104 [05:22<1:26:44,  0.56it/s, v_num=-30E, loss/train=7.070]Epoch 0:   6%|▌         | 182/3104 [05:22<1:26:16,  0.56it/s, v_num=-30E, loss/train=7.070]Epoch 0:   6%|▌         | 182/3104 [05:22<1:26:16,  0.56it/s, v_num=-30E, loss/train=6.970]Epoch 0:   6%|▌         | 183/3104 [05:22<1:25:48,  0.57it/s, v_num=-30E, loss/train=6.970]Epoch 0:   6%|▌         | 183/3104 [05:22<1:25:49,  0.57it/s, v_num=-30E, loss/train=6.580]Epoch 0:   6%|▌         | 184/3104 [05:22<1:25:21,  0.57it/s, v_num=-30E, loss/train=6.580]Epoch 0:   6%|▌         | 184/3104 [05:22<1:25:22,  0.57it/s, v_num=-30E, loss/train=6.610]Epoch 0:   6%|▌         | 185/3104 [05:33<1:27:34,  0.56it/s, v_num=-30E, loss/train=6.610]Epoch 0:   6%|▌         | 185/3104 [05:33<1:27:35,  0.56it/s, v_num=-30E, loss/train=6.000]Epoch 0:   6%|▌         | 186/3104 [05:33<1:27:07,  0.56it/s, v_num=-30E, loss/train=6.000]Epoch 0:   6%|▌         | 186/3104 [05:33<1:27:08,  0.56it/s, v_num=-30E, loss/train=5.650]Epoch 0:   6%|▌         | 187/3104 [05:33<1:26:40,  0.56it/s, v_num=-30E, loss/train=5.650]Epoch 0:   6%|▌         | 187/3104 [05:33<1:26:41,  0.56it/s, v_num=-30E, loss/train=7.140]Epoch 0:   6%|▌         | 188/3104 [05:33<1:26:14,  0.56it/s, v_num=-30E, loss/train=7.140]Epoch 0:   6%|▌         | 188/3104 [05:33<1:26:14,  0.56it/s, v_num=-30E, loss/train=7.000]Epoch 0:   6%|▌         | 189/3104 [05:33<1:25:47,  0.57it/s, v_num=-30E, loss/train=7.000]Epoch 0:   6%|▌         | 189/3104 [05:33<1:25:48,  0.57it/s, v_num=-30E, loss/train=6.330]Epoch 0:   6%|▌         | 190/3104 [05:44<1:27:58,  0.55it/s, v_num=-30E, loss/train=6.330]Epoch 0:   6%|▌         | 190/3104 [05:44<1:27:59,  0.55it/s, v_num=-30E, loss/train=6.420]Epoch 0:   6%|▌         | 191/3104 [05:44<1:27:31,  0.55it/s, v_num=-30E, loss/train=6.420]Epoch 0:   6%|▌         | 191/3104 [05:44<1:27:32,  0.55it/s, v_num=-30E, loss/train=6.230]Epoch 0:   6%|▌         | 192/3104 [05:44<1:27:05,  0.56it/s, v_num=-30E, loss/train=6.230]Epoch 0:   6%|▌         | 192/3104 [05:44<1:27:05,  0.56it/s, v_num=-30E, loss/train=6.280]Epoch 0:   6%|▌         | 193/3104 [05:44<1:26:39,  0.56it/s, v_num=-30E, loss/train=6.280]Epoch 0:   6%|▌         | 193/3104 [05:44<1:26:40,  0.56it/s, v_num=-30E, loss/train=7.190]Epoch 0:   6%|▋         | 194/3104 [05:44<1:26:13,  0.56it/s, v_num=-30E, loss/train=7.190]Epoch 0:   6%|▋         | 194/3104 [05:44<1:26:14,  0.56it/s, v_num=-30E, loss/train=6.760]Epoch 0:   6%|▋         | 195/3104 [05:54<1:28:04,  0.55it/s, v_num=-30E, loss/train=6.760]Epoch 0:   6%|▋         | 195/3104 [05:54<1:28:05,  0.55it/s, v_num=-30E, loss/train=6.820]Epoch 0:   6%|▋         | 196/3104 [05:54<1:27:38,  0.55it/s, v_num=-30E, loss/train=6.820]Epoch 0:   6%|▋         | 196/3104 [05:54<1:27:38,  0.55it/s, v_num=-30E, loss/train=6.030]Epoch 0:   6%|▋         | 197/3104 [05:54<1:27:16,  0.56it/s, v_num=-30E, loss/train=6.030]Epoch 0:   6%|▋         | 197/3104 [05:54<1:27:16,  0.56it/s, v_num=-30E, loss/train=5.840]Epoch 0:   6%|▋         | 198/3104 [05:55<1:26:53,  0.56it/s, v_num=-30E, loss/train=5.840]Epoch 0:   6%|▋         | 198/3104 [05:55<1:26:54,  0.56it/s, v_num=-30E, loss/train=6.660]Epoch 0:   6%|▋         | 199/3104 [05:55<1:26:28,  0.56it/s, v_num=-30E, loss/train=6.660]Epoch 0:   6%|▋         | 199/3104 [05:55<1:26:29,  0.56it/s, v_num=-30E, loss/train=5.480]Epoch 0:   6%|▋         | 200/3104 [06:03<1:28:03,  0.55it/s, v_num=-30E, loss/train=5.480]Epoch 0:   6%|▋         | 200/3104 [06:03<1:28:04,  0.55it/s, v_num=-30E, loss/train=5.980]Epoch 0:   6%|▋         | 201/3104 [06:04<1:27:38,  0.55it/s, v_num=-30E, loss/train=5.980]Epoch 0:   6%|▋         | 201/3104 [06:04<1:27:39,  0.55it/s, v_num=-30E, loss/train=6.990]Epoch 0:   7%|▋         | 202/3104 [06:04<1:27:13,  0.55it/s, v_num=-30E, loss/train=6.990]Epoch 0:   7%|▋         | 202/3104 [06:04<1:27:13,  0.55it/s, v_num=-30E, loss/train=5.680]Epoch 0:   7%|▋         | 203/3104 [06:04<1:26:48,  0.56it/s, v_num=-30E, loss/train=5.680]Epoch 0:   7%|▋         | 203/3104 [06:04<1:26:48,  0.56it/s, v_num=-30E, loss/train=5.870]Epoch 0:   7%|▋         | 204/3104 [06:04<1:26:23,  0.56it/s, v_num=-30E, loss/train=5.870]Epoch 0:   7%|▋         | 204/3104 [06:04<1:26:23,  0.56it/s, v_num=-30E, loss/train=6.030]Epoch 0:   7%|▋         | 205/3104 [06:11<1:27:35,  0.55it/s, v_num=-30E, loss/train=6.030]Epoch 0:   7%|▋         | 205/3104 [06:11<1:27:36,  0.55it/s, v_num=-30E, loss/train=6.620]Epoch 0:   7%|▋         | 206/3104 [06:11<1:27:10,  0.55it/s, v_num=-30E, loss/train=6.620]Epoch 0:   7%|▋         | 206/3104 [06:11<1:27:11,  0.55it/s, v_num=-30E, loss/train=7.010]Epoch 0:   7%|▋         | 207/3104 [06:12<1:26:50,  0.56it/s, v_num=-30E, loss/train=7.010]Epoch 0:   7%|▋         | 207/3104 [06:12<1:26:50,  0.56it/s, v_num=-30E, loss/train=5.330]Epoch 0:   7%|▋         | 208/3104 [06:12<1:26:25,  0.56it/s, v_num=-30E, loss/train=5.330]Epoch 0:   7%|▋         | 208/3104 [06:12<1:26:26,  0.56it/s, v_num=-30E, loss/train=5.330]Epoch 0:   7%|▋         | 209/3104 [06:12<1:26:04,  0.56it/s, v_num=-30E, loss/train=5.330]Epoch 0:   7%|▋         | 209/3104 [06:12<1:26:05,  0.56it/s, v_num=-30E, loss/train=5.350]Epoch 0:   7%|▋         | 210/3104 [06:23<1:27:58,  0.55it/s, v_num=-30E, loss/train=5.350]Epoch 0:   7%|▋         | 210/3104 [06:23<1:27:59,  0.55it/s, v_num=-30E, loss/train=5.310]Epoch 0:   7%|▋         | 211/3104 [06:23<1:27:34,  0.55it/s, v_num=-30E, loss/train=5.310]Epoch 0:   7%|▋         | 211/3104 [06:23<1:27:34,  0.55it/s, v_num=-30E, loss/train=6.480]Epoch 0:   7%|▋         | 212/3104 [06:23<1:27:09,  0.55it/s, v_num=-30E, loss/train=6.480]Epoch 0:   7%|▋         | 212/3104 [06:23<1:27:10,  0.55it/s, v_num=-30E, loss/train=7.550]Epoch 0:   7%|▋         | 213/3104 [06:23<1:26:49,  0.55it/s, v_num=-30E, loss/train=7.550]Epoch 0:   7%|▋         | 213/3104 [06:23<1:26:50,  0.55it/s, v_num=-30E, loss/train=5.440]Epoch 0:   7%|▋         | 214/3104 [06:24<1:26:26,  0.56it/s, v_num=-30E, loss/train=5.440]Epoch 0:   7%|▋         | 214/3104 [06:24<1:26:26,  0.56it/s, v_num=-30E, loss/train=4.860]Epoch 0:   7%|▋         | 215/3104 [06:34<1:28:18,  0.55it/s, v_num=-30E, loss/train=4.860]Epoch 0:   7%|▋         | 215/3104 [06:34<1:28:19,  0.55it/s, v_num=-30E, loss/train=6.170]Epoch 0:   7%|▋         | 216/3104 [06:34<1:27:55,  0.55it/s, v_num=-30E, loss/train=6.170]Epoch 0:   7%|▋         | 216/3104 [06:34<1:27:55,  0.55it/s, v_num=-30E, loss/train=5.070]Epoch 0:   7%|▋         | 217/3104 [06:34<1:27:31,  0.55it/s, v_num=-30E, loss/train=5.070]Epoch 0:   7%|▋         | 217/3104 [06:34<1:27:32,  0.55it/s, v_num=-30E, loss/train=5.020]Epoch 0:   7%|▋         | 218/3104 [06:34<1:27:08,  0.55it/s, v_num=-30E, loss/train=5.020]Epoch 0:   7%|▋         | 218/3104 [06:34<1:27:08,  0.55it/s, v_num=-30E, loss/train=6.500]Epoch 0:   7%|▋         | 219/3104 [06:35<1:26:45,  0.55it/s, v_num=-30E, loss/train=6.500]Epoch 0:   7%|▋         | 219/3104 [06:35<1:26:45,  0.55it/s, v_num=-30E, loss/train=6.890]Epoch 0:   7%|▋         | 220/3104 [06:43<1:28:06,  0.55it/s, v_num=-30E, loss/train=6.890]Epoch 0:   7%|▋         | 220/3104 [06:43<1:28:07,  0.55it/s, v_num=-30E, loss/train=5.480]Epoch 0:   7%|▋         | 221/3104 [06:43<1:27:43,  0.55it/s, v_num=-30E, loss/train=5.480]Epoch 0:   7%|▋         | 221/3104 [06:43<1:27:43,  0.55it/s, v_num=-30E, loss/train=5.810]Epoch 0:   7%|▋         | 222/3104 [06:43<1:27:20,  0.55it/s, v_num=-30E, loss/train=5.810]Epoch 0:   7%|▋         | 222/3104 [06:43<1:27:20,  0.55it/s, v_num=-30E, loss/train=5.790]Epoch 0:   7%|▋         | 223/3104 [06:43<1:26:56,  0.55it/s, v_num=-30E, loss/train=5.790]Epoch 0:   7%|▋         | 223/3104 [06:43<1:26:57,  0.55it/s, v_num=-30E, loss/train=6.350]Epoch 0:   7%|▋         | 224/3104 [06:43<1:26:34,  0.55it/s, v_num=-30E, loss/train=6.350]Epoch 0:   7%|▋         | 224/3104 [06:44<1:26:34,  0.55it/s, v_num=-30E, loss/train=6.210]Epoch 0:   7%|▋         | 225/3104 [06:55<1:28:41,  0.54it/s, v_num=-30E, loss/train=6.210]Epoch 0:   7%|▋         | 225/3104 [06:55<1:28:41,  0.54it/s, v_num=-30E, loss/train=6.480]Epoch 0:   7%|▋         | 226/3104 [06:56<1:28:18,  0.54it/s, v_num=-30E, loss/train=6.480]Epoch 0:   7%|▋         | 226/3104 [06:56<1:28:19,  0.54it/s, v_num=-30E, loss/train=6.510]Epoch 0:   7%|▋         | 227/3104 [06:56<1:27:55,  0.55it/s, v_num=-30E, loss/train=6.510]Epoch 0:   7%|▋         | 227/3104 [06:56<1:27:56,  0.55it/s, v_num=-30E, loss/train=4.640]Epoch 0:   7%|▋         | 228/3104 [06:56<1:27:33,  0.55it/s, v_num=-30E, loss/train=4.640]Epoch 0:   7%|▋         | 228/3104 [06:56<1:27:34,  0.55it/s, v_num=-30E, loss/train=5.470]Epoch 0:   7%|▋         | 229/3104 [06:56<1:27:10,  0.55it/s, v_num=-30E, loss/train=5.470]Epoch 0:   7%|▋         | 229/3104 [06:56<1:27:11,  0.55it/s, v_num=-30E, loss/train=5.990]Epoch 0:   7%|▋         | 230/3104 [07:06<1:28:52,  0.54it/s, v_num=-30E, loss/train=5.990]Epoch 0:   7%|▋         | 230/3104 [07:06<1:28:53,  0.54it/s, v_num=-30E, loss/train=5.370]Epoch 0:   7%|▋         | 231/3104 [07:06<1:28:29,  0.54it/s, v_num=-30E, loss/train=5.370]Epoch 0:   7%|▋         | 231/3104 [07:06<1:28:30,  0.54it/s, v_num=-30E, loss/train=6.880]Epoch 0:   7%|▋         | 232/3104 [07:07<1:28:07,  0.54it/s, v_num=-30E, loss/train=6.880]Epoch 0:   7%|▋         | 232/3104 [07:07<1:28:08,  0.54it/s, v_num=-30E, loss/train=7.020]Epoch 0:   8%|▊         | 233/3104 [07:07<1:27:45,  0.55it/s, v_num=-30E, loss/train=7.020]Epoch 0:   8%|▊         | 233/3104 [07:07<1:27:45,  0.55it/s, v_num=-30E, loss/train=5.500]Epoch 0:   8%|▊         | 234/3104 [07:07<1:27:23,  0.55it/s, v_num=-30E, loss/train=5.500]Epoch 0:   8%|▊         | 234/3104 [07:07<1:27:23,  0.55it/s, v_num=-30E, loss/train=6.120]Epoch 0:   8%|▊         | 235/3104 [07:16<1:28:43,  0.54it/s, v_num=-30E, loss/train=6.120]Epoch 0:   8%|▊         | 235/3104 [07:16<1:28:43,  0.54it/s, v_num=-30E, loss/train=5.660]Epoch 0:   8%|▊         | 236/3104 [07:16<1:28:21,  0.54it/s, v_num=-30E, loss/train=5.660]Epoch 0:   8%|▊         | 236/3104 [07:16<1:28:21,  0.54it/s, v_num=-30E, loss/train=5.260]Epoch 0:   8%|▊         | 237/3104 [07:16<1:27:59,  0.54it/s, v_num=-30E, loss/train=5.260]Epoch 0:   8%|▊         | 237/3104 [07:16<1:27:59,  0.54it/s, v_num=-30E, loss/train=6.230]Epoch 0:   8%|▊         | 238/3104 [07:16<1:27:37,  0.55it/s, v_num=-30E, loss/train=6.230]Epoch 0:   8%|▊         | 238/3104 [07:16<1:27:37,  0.55it/s, v_num=-30E, loss/train=6.940]Epoch 0:   8%|▊         | 239/3104 [07:16<1:27:15,  0.55it/s, v_num=-30E, loss/train=6.940]Epoch 0:   8%|▊         | 239/3104 [07:16<1:27:16,  0.55it/s, v_num=-30E, loss/train=6.900]Epoch 0:   8%|▊         | 240/3104 [07:26<1:28:47,  0.54it/s, v_num=-30E, loss/train=6.900]Epoch 0:   8%|▊         | 240/3104 [07:26<1:28:48,  0.54it/s, v_num=-30E, loss/train=5.780]Epoch 0:   8%|▊         | 241/3104 [07:26<1:28:25,  0.54it/s, v_num=-30E, loss/train=5.780]Epoch 0:   8%|▊         | 241/3104 [07:26<1:28:26,  0.54it/s, v_num=-30E, loss/train=5.720]Epoch 0:   8%|▊         | 242/3104 [07:26<1:28:04,  0.54it/s, v_num=-30E, loss/train=5.720]Epoch 0:   8%|▊         | 242/3104 [07:26<1:28:04,  0.54it/s, v_num=-30E, loss/train=5.620]Epoch 0:   8%|▊         | 243/3104 [07:27<1:27:43,  0.54it/s, v_num=-30E, loss/train=5.620]Epoch 0:   8%|▊         | 243/3104 [07:27<1:27:43,  0.54it/s, v_num=-30E, loss/train=5.580]Epoch 0:   8%|▊         | 244/3104 [07:27<1:27:21,  0.55it/s, v_num=-30E, loss/train=5.580]Epoch 0:   8%|▊         | 244/3104 [07:27<1:27:22,  0.55it/s, v_num=-30E, loss/train=6.670]Epoch 0:   8%|▊         | 245/3104 [07:35<1:28:38,  0.54it/s, v_num=-30E, loss/train=6.670]Epoch 0:   8%|▊         | 245/3104 [07:35<1:28:39,  0.54it/s, v_num=-30E, loss/train=6.730]Epoch 0:   8%|▊         | 246/3104 [07:35<1:28:17,  0.54it/s, v_num=-30E, loss/train=6.730]Epoch 0:   8%|▊         | 246/3104 [07:35<1:28:17,  0.54it/s, v_num=-30E, loss/train=5.790]Epoch 0:   8%|▊         | 247/3104 [07:36<1:27:56,  0.54it/s, v_num=-30E, loss/train=5.790]Epoch 0:   8%|▊         | 247/3104 [07:36<1:27:56,  0.54it/s, v_num=-30E, loss/train=5.930]Epoch 0:   8%|▊         | 248/3104 [07:36<1:27:35,  0.54it/s, v_num=-30E, loss/train=5.930]Epoch 0:   8%|▊         | 248/3104 [07:36<1:27:35,  0.54it/s, v_num=-30E, loss/train=5.850]Epoch 0:   8%|▊         | 249/3104 [07:36<1:27:14,  0.55it/s, v_num=-30E, loss/train=5.850]Epoch 0:   8%|▊         | 249/3104 [07:36<1:27:14,  0.55it/s, v_num=-30E, loss/train=6.450]Epoch 0:   8%|▊         | 250/3104 [07:44<1:28:26,  0.54it/s, v_num=-30E, loss/train=6.450]Epoch 0:   8%|▊         | 250/3104 [07:44<1:28:26,  0.54it/s, v_num=-30E, loss/train=6.590]Epoch 0:   8%|▊         | 251/3104 [07:44<1:28:05,  0.54it/s, v_num=-30E, loss/train=6.590]Epoch 0:   8%|▊         | 251/3104 [07:45<1:28:05,  0.54it/s, v_num=-30E, loss/train=6.200]Epoch 0:   8%|▊         | 252/3104 [07:45<1:27:44,  0.54it/s, v_num=-30E, loss/train=6.200]Epoch 0:   8%|▊         | 252/3104 [07:45<1:27:44,  0.54it/s, v_num=-30E, loss/train=6.010]Epoch 0:   8%|▊         | 253/3104 [07:45<1:27:23,  0.54it/s, v_num=-30E, loss/train=6.010]Epoch 0:   8%|▊         | 253/3104 [07:45<1:27:24,  0.54it/s, v_num=-30E, loss/train=6.010]Epoch 0:   8%|▊         | 254/3104 [07:45<1:27:03,  0.55it/s, v_num=-30E, loss/train=6.010]Epoch 0:   8%|▊         | 254/3104 [07:45<1:27:03,  0.55it/s, v_num=-30E, loss/train=5.820]Epoch 0:   8%|▊         | 255/3104 [07:51<1:27:51,  0.54it/s, v_num=-30E, loss/train=5.820]Epoch 0:   8%|▊         | 255/3104 [07:51<1:27:52,  0.54it/s, v_num=-30E, loss/train=6.420]Epoch 0:   8%|▊         | 256/3104 [07:52<1:27:31,  0.54it/s, v_num=-30E, loss/train=6.420]Epoch 0:   8%|▊         | 256/3104 [07:52<1:27:31,  0.54it/s, v_num=-30E, loss/train=6.140]Epoch 0:   8%|▊         | 257/3104 [07:52<1:27:11,  0.54it/s, v_num=-30E, loss/train=6.140]Epoch 0:   8%|▊         | 257/3104 [07:52<1:27:11,  0.54it/s, v_num=-30E, loss/train=4.880]Epoch 0:   8%|▊         | 258/3104 [07:52<1:26:51,  0.55it/s, v_num=-30E, loss/train=4.880]Epoch 0:   8%|▊         | 258/3104 [07:52<1:26:51,  0.55it/s, v_num=-30E, loss/train=5.940]Epoch 0:   8%|▊         | 259/3104 [07:52<1:26:31,  0.55it/s, v_num=-30E, loss/train=5.940]Epoch 0:   8%|▊         | 259/3104 [07:52<1:26:31,  0.55it/s, v_num=-30E, loss/train=5.900]Epoch 0:   8%|▊         | 260/3104 [08:03<1:28:08,  0.54it/s, v_num=-30E, loss/train=5.900]Epoch 0:   8%|▊         | 260/3104 [08:03<1:28:09,  0.54it/s, v_num=-30E, loss/train=6.120]Epoch 0:   8%|▊         | 261/3104 [08:03<1:27:48,  0.54it/s, v_num=-30E, loss/train=6.120]Epoch 0:   8%|▊         | 261/3104 [08:03<1:27:49,  0.54it/s, v_num=-30E, loss/train=6.160]Epoch 0:   8%|▊         | 262/3104 [08:03<1:27:29,  0.54it/s, v_num=-30E, loss/train=6.160]Epoch 0:   8%|▊         | 262/3104 [08:03<1:27:29,  0.54it/s, v_num=-30E, loss/train=5.850]Epoch 0:   8%|▊         | 263/3104 [08:04<1:27:09,  0.54it/s, v_num=-30E, loss/train=5.850]Epoch 0:   8%|▊         | 263/3104 [08:04<1:27:09,  0.54it/s, v_num=-30E, loss/train=5.480]Epoch 0:   9%|▊         | 264/3104 [08:04<1:26:49,  0.55it/s, v_num=-30E, loss/train=5.480]Epoch 0:   9%|▊         | 264/3104 [08:04<1:26:49,  0.55it/s, v_num=-30E, loss/train=6.150]Epoch 0:   9%|▊         | 265/3104 [08:14<1:28:22,  0.54it/s, v_num=-30E, loss/train=6.150]Epoch 0:   9%|▊         | 265/3104 [08:15<1:28:23,  0.54it/s, v_num=-30E, loss/train=6.120]Epoch 0:   9%|▊         | 266/3104 [08:15<1:28:03,  0.54it/s, v_num=-30E, loss/train=6.120]Epoch 0:   9%|▊         | 266/3104 [08:15<1:28:03,  0.54it/s, v_num=-30E, loss/train=5.990]Epoch 0:   9%|▊         | 267/3104 [08:15<1:27:43,  0.54it/s, v_num=-30E, loss/train=5.990]Epoch 0:   9%|▊         | 267/3104 [08:15<1:27:44,  0.54it/s, v_num=-30E, loss/train=5.870]Epoch 0:   9%|▊         | 268/3104 [08:15<1:27:24,  0.54it/s, v_num=-30E, loss/train=5.870]Epoch 0:   9%|▊         | 268/3104 [08:15<1:27:24,  0.54it/s, v_num=-30E, loss/train=6.330]Epoch 0:   9%|▊         | 269/3104 [08:15<1:27:04,  0.54it/s, v_num=-30E, loss/train=6.330]Epoch 0:   9%|▊         | 269/3104 [08:15<1:27:04,  0.54it/s, v_num=-30E, loss/train=6.000]Epoch 0:   9%|▊         | 270/3104 [08:25<1:28:24,  0.53it/s, v_num=-30E, loss/train=6.000]Epoch 0:   9%|▊         | 270/3104 [08:25<1:28:25,  0.53it/s, v_num=-30E, loss/train=5.250]Epoch 0:   9%|▊         | 271/3104 [08:25<1:28:05,  0.54it/s, v_num=-30E, loss/train=5.250]Epoch 0:   9%|▊         | 271/3104 [08:25<1:28:06,  0.54it/s, v_num=-30E, loss/train=5.580]Epoch 0:   9%|▉         | 272/3104 [08:25<1:27:46,  0.54it/s, v_num=-30E, loss/train=5.580]Epoch 0:   9%|▉         | 272/3104 [08:25<1:27:46,  0.54it/s, v_num=-30E, loss/train=6.170]Epoch 0:   9%|▉         | 273/3104 [08:26<1:27:27,  0.54it/s, v_num=-30E, loss/train=6.170]Epoch 0:   9%|▉         | 273/3104 [08:26<1:27:27,  0.54it/s, v_num=-30E, loss/train=5.630]Epoch 0:   9%|▉         | 274/3104 [08:26<1:27:08,  0.54it/s, v_num=-30E, loss/train=5.630]Epoch 0:   9%|▉         | 274/3104 [08:26<1:27:08,  0.54it/s, v_num=-30E, loss/train=5.200]Epoch 0:   9%|▉         | 275/3104 [08:36<1:28:35,  0.53it/s, v_num=-30E, loss/train=5.200]Epoch 0:   9%|▉         | 275/3104 [08:36<1:28:35,  0.53it/s, v_num=-30E, loss/train=5.220]Epoch 0:   9%|▉         | 276/3104 [08:36<1:28:16,  0.53it/s, v_num=-30E, loss/train=5.220]Epoch 0:   9%|▉         | 276/3104 [08:36<1:28:16,  0.53it/s, v_num=-30E, loss/train=5.110]Epoch 0:   9%|▉         | 277/3104 [08:37<1:27:57,  0.54it/s, v_num=-30E, loss/train=5.110]Epoch 0:   9%|▉         | 277/3104 [08:37<1:27:58,  0.54it/s, v_num=-30E, loss/train=6.030]Epoch 0:   9%|▉         | 278/3104 [08:37<1:27:38,  0.54it/s, v_num=-30E, loss/train=6.030]Epoch 0:   9%|▉         | 278/3104 [08:37<1:27:39,  0.54it/s, v_num=-30E, loss/train=6.030]Epoch 0:   9%|▉         | 279/3104 [08:37<1:27:19,  0.54it/s, v_num=-30E, loss/train=6.030]Epoch 0:   9%|▉         | 279/3104 [08:37<1:27:20,  0.54it/s, v_num=-30E, loss/train=5.190]Epoch 0:   9%|▉         | 280/3104 [08:46<1:28:33,  0.53it/s, v_num=-30E, loss/train=5.190]Epoch 0:   9%|▉         | 280/3104 [08:46<1:28:33,  0.53it/s, v_num=-30E, loss/train=5.290]Epoch 0:   9%|▉         | 281/3104 [08:47<1:28:14,  0.53it/s, v_num=-30E, loss/train=5.290]Epoch 0:   9%|▉         | 281/3104 [08:47<1:28:15,  0.53it/s, v_num=-30E, loss/train=5.020]Epoch 0:   9%|▉         | 282/3104 [08:47<1:27:55,  0.53it/s, v_num=-30E, loss/train=5.020]Epoch 0:   9%|▉         | 282/3104 [08:47<1:27:56,  0.53it/s, v_num=-30E, loss/train=5.340]Epoch 0:   9%|▉         | 283/3104 [08:47<1:27:37,  0.54it/s, v_num=-30E, loss/train=5.340]Epoch 0:   9%|▉         | 283/3104 [08:47<1:27:37,  0.54it/s, v_num=-30E, loss/train=6.280]Epoch 0:   9%|▉         | 284/3104 [08:47<1:27:18,  0.54it/s, v_num=-30E, loss/train=6.280]Epoch 0:   9%|▉         | 284/3104 [08:47<1:27:18,  0.54it/s, v_num=-30E, loss/train=6.540]Epoch 0:   9%|▉         | 285/3104 [08:56<1:28:25,  0.53it/s, v_num=-30E, loss/train=6.540]Epoch 0:   9%|▉         | 285/3104 [08:56<1:28:26,  0.53it/s, v_num=-30E, loss/train=5.230]Epoch 0:   9%|▉         | 286/3104 [08:56<1:28:07,  0.53it/s, v_num=-30E, loss/train=5.230]Epoch 0:   9%|▉         | 286/3104 [08:56<1:28:08,  0.53it/s, v_num=-30E, loss/train=4.730]Epoch 0:   9%|▉         | 287/3104 [08:56<1:27:48,  0.53it/s, v_num=-30E, loss/train=4.730]Epoch 0:   9%|▉         | 287/3104 [08:56<1:27:49,  0.53it/s, v_num=-30E, loss/train=5.090]Epoch 0:   9%|▉         | 288/3104 [08:56<1:27:30,  0.54it/s, v_num=-30E, loss/train=5.090]Epoch 0:   9%|▉         | 288/3104 [08:57<1:27:30,  0.54it/s, v_num=-30E, loss/train=5.840]Epoch 0:   9%|▉         | 289/3104 [08:57<1:27:12,  0.54it/s, v_num=-30E, loss/train=5.840]Epoch 0:   9%|▉         | 289/3104 [08:57<1:27:12,  0.54it/s, v_num=-30E, loss/train=5.930]Epoch 0:   9%|▉         | 290/3104 [09:00<1:27:27,  0.54it/s, v_num=-30E, loss/train=5.930]Epoch 0:   9%|▉         | 290/3104 [09:00<1:27:28,  0.54it/s, v_num=-30E, loss/train=6.390]Epoch 0:   9%|▉         | 291/3104 [09:01<1:27:09,  0.54it/s, v_num=-30E, loss/train=6.390]Epoch 0:   9%|▉         | 291/3104 [09:01<1:27:10,  0.54it/s, v_num=-30E, loss/train=5.920]Epoch 0:   9%|▉         | 292/3104 [09:01<1:26:51,  0.54it/s, v_num=-30E, loss/train=5.920]Epoch 0:   9%|▉         | 292/3104 [09:01<1:26:52,  0.54it/s, v_num=-30E, loss/train=5.420]Epoch 0:   9%|▉         | 293/3104 [09:01<1:26:33,  0.54it/s, v_num=-30E, loss/train=5.420]Epoch 0:   9%|▉         | 293/3104 [09:01<1:26:34,  0.54it/s, v_num=-30E, loss/train=5.300]Epoch 0:   9%|▉         | 294/3104 [09:01<1:26:16,  0.54it/s, v_num=-30E, loss/train=5.300]Epoch 0:   9%|▉         | 294/3104 [09:01<1:26:16,  0.54it/s, v_num=-30E, loss/train=5.390]Epoch 0:  10%|▉         | 295/3104 [09:09<1:27:08,  0.54it/s, v_num=-30E, loss/train=5.390]Epoch 0:  10%|▉         | 295/3104 [09:09<1:27:08,  0.54it/s, v_num=-30E, loss/train=6.190]Epoch 0:  10%|▉         | 296/3104 [09:09<1:26:50,  0.54it/s, v_num=-30E, loss/train=6.190]Epoch 0:  10%|▉         | 296/3104 [09:09<1:26:51,  0.54it/s, v_num=-30E, loss/train=6.180]Epoch 0:  10%|▉         | 297/3104 [09:09<1:26:33,  0.54it/s, v_num=-30E, loss/train=6.180]Epoch 0:  10%|▉         | 297/3104 [09:09<1:26:33,  0.54it/s, v_num=-30E, loss/train=5.590]Epoch 0:  10%|▉         | 298/3104 [09:09<1:26:15,  0.54it/s, v_num=-30E, loss/train=5.590]Epoch 0:  10%|▉         | 298/3104 [09:09<1:26:15,  0.54it/s, v_num=-30E, loss/train=5.320]Epoch 0:  10%|▉         | 299/3104 [09:09<1:25:58,  0.54it/s, v_num=-30E, loss/train=5.320]Epoch 0:  10%|▉         | 299/3104 [09:09<1:25:58,  0.54it/s, v_num=-30E, loss/train=5.760]Epoch 0:  10%|▉         | 300/3104 [09:17<1:26:51,  0.54it/s, v_num=-30E, loss/train=5.760]Epoch 0:  10%|▉         | 300/3104 [09:17<1:26:51,  0.54it/s, v_num=-30E, loss/train=5.240]Epoch 0:  10%|▉         | 301/3104 [09:17<1:26:34,  0.54it/s, v_num=-30E, loss/train=5.240]Epoch 0:  10%|▉         | 301/3104 [09:17<1:26:34,  0.54it/s, v_num=-30E, loss/train=5.490]Epoch 0:  10%|▉         | 302/3104 [09:17<1:26:16,  0.54it/s, v_num=-30E, loss/train=5.490]Epoch 0:  10%|▉         | 302/3104 [09:17<1:26:17,  0.54it/s, v_num=-30E, loss/train=5.990]Epoch 0:  10%|▉         | 303/3104 [09:18<1:25:59,  0.54it/s, v_num=-30E, loss/train=5.990]Epoch 0:  10%|▉         | 303/3104 [09:18<1:26:00,  0.54it/s, v_num=-30E, loss/train=6.130]Epoch 0:  10%|▉         | 304/3104 [09:18<1:25:42,  0.54it/s, v_num=-30E, loss/train=6.130]Epoch 0:  10%|▉         | 304/3104 [09:18<1:25:43,  0.54it/s, v_num=-30E, loss/train=4.820]Epoch 0:  10%|▉         | 305/3104 [09:22<1:26:06,  0.54it/s, v_num=-30E, loss/train=4.820]Epoch 0:  10%|▉         | 305/3104 [09:23<1:26:06,  0.54it/s, v_num=-30E, loss/train=5.170]Epoch 0:  10%|▉         | 306/3104 [09:23<1:25:49,  0.54it/s, v_num=-30E, loss/train=5.170]Epoch 0:  10%|▉         | 306/3104 [09:23<1:25:49,  0.54it/s, v_num=-30E, loss/train=5.100]Epoch 0:  10%|▉         | 307/3104 [09:23<1:25:32,  0.54it/s, v_num=-30E, loss/train=5.100]Epoch 0:  10%|▉         | 307/3104 [09:23<1:25:32,  0.54it/s, v_num=-30E, loss/train=5.410]Epoch 0:  10%|▉         | 308/3104 [09:23<1:25:15,  0.55it/s, v_num=-30E, loss/train=5.410]Epoch 0:  10%|▉         | 308/3104 [09:23<1:25:15,  0.55it/s, v_num=-30E, loss/train=5.020]Epoch 0:  10%|▉         | 309/3104 [09:23<1:24:58,  0.55it/s, v_num=-30E, loss/train=5.020]Epoch 0:  10%|▉         | 309/3104 [09:23<1:24:58,  0.55it/s, v_num=-30E, loss/train=5.670]Epoch 0:  10%|▉         | 310/3104 [09:35<1:26:25,  0.54it/s, v_num=-30E, loss/train=5.670]Epoch 0:  10%|▉         | 310/3104 [09:35<1:26:25,  0.54it/s, v_num=-30E, loss/train=5.900]Epoch 0:  10%|█         | 311/3104 [09:35<1:26:08,  0.54it/s, v_num=-30E, loss/train=5.900]Epoch 0:  10%|█         | 311/3104 [09:35<1:26:08,  0.54it/s, v_num=-30E, loss/train=5.590]Epoch 0:  10%|█         | 312/3104 [09:35<1:25:51,  0.54it/s, v_num=-30E, loss/train=5.590]Epoch 0:  10%|█         | 312/3104 [09:35<1:25:51,  0.54it/s, v_num=-30E, loss/train=5.310]Epoch 0:  10%|█         | 313/3104 [09:35<1:25:34,  0.54it/s, v_num=-30E, loss/train=5.310]Epoch 0:  10%|█         | 313/3104 [09:35<1:25:35,  0.54it/s, v_num=-30E, loss/train=5.610]Epoch 0:  10%|█         | 314/3104 [09:36<1:25:18,  0.55it/s, v_num=-30E, loss/train=5.610]Epoch 0:  10%|█         | 314/3104 [09:36<1:25:18,  0.55it/s, v_num=-30E, loss/train=4.970]Epoch 0:  10%|█         | 315/3104 [09:44<1:26:14,  0.54it/s, v_num=-30E, loss/train=4.970]Epoch 0:  10%|█         | 315/3104 [09:44<1:26:14,  0.54it/s, v_num=-30E, loss/train=5.410]Epoch 0:  10%|█         | 316/3104 [09:44<1:25:57,  0.54it/s, v_num=-30E, loss/train=5.410]Epoch 0:  10%|█         | 316/3104 [09:44<1:25:58,  0.54it/s, v_num=-30E, loss/train=5.510]Epoch 0:  10%|█         | 317/3104 [09:44<1:25:41,  0.54it/s, v_num=-30E, loss/train=5.510]Epoch 0:  10%|█         | 317/3104 [09:44<1:25:41,  0.54it/s, v_num=-30E, loss/train=5.740]Epoch 0:  10%|█         | 318/3104 [09:44<1:25:24,  0.54it/s, v_num=-30E, loss/train=5.740]Epoch 0:  10%|█         | 318/3104 [09:45<1:25:25,  0.54it/s, v_num=-30E, loss/train=6.020]Epoch 0:  10%|█         | 319/3104 [09:45<1:25:08,  0.55it/s, v_num=-30E, loss/train=6.020]Epoch 0:  10%|█         | 319/3104 [09:45<1:25:08,  0.55it/s, v_num=-30E, loss/train=5.570]Epoch 0:  10%|█         | 320/3104 [09:53<1:26:01,  0.54it/s, v_num=-30E, loss/train=5.570]Epoch 0:  10%|█         | 320/3104 [09:53<1:26:01,  0.54it/s, v_num=-30E, loss/train=4.750]Epoch 0:  10%|█         | 321/3104 [09:53<1:25:44,  0.54it/s, v_num=-30E, loss/train=4.750]Epoch 0:  10%|█         | 321/3104 [09:53<1:25:45,  0.54it/s, v_num=-30E, loss/train=4.910]Epoch 0:  10%|█         | 322/3104 [09:53<1:25:28,  0.54it/s, v_num=-30E, loss/train=4.910]Epoch 0:  10%|█         | 322/3104 [09:53<1:25:28,  0.54it/s, v_num=-30E, loss/train=5.690]Epoch 0:  10%|█         | 323/3104 [09:53<1:25:12,  0.54it/s, v_num=-30E, loss/train=5.690]Epoch 0:  10%|█         | 323/3104 [09:53<1:25:12,  0.54it/s, v_num=-30E, loss/train=5.800]Epoch 0:  10%|█         | 324/3104 [09:53<1:24:56,  0.55it/s, v_num=-30E, loss/train=5.800]Epoch 0:  10%|█         | 324/3104 [09:54<1:24:56,  0.55it/s, v_num=-30E, loss/train=5.050]Epoch 0:  10%|█         | 325/3104 [10:04<1:26:07,  0.54it/s, v_num=-30E, loss/train=5.050]Epoch 0:  10%|█         | 325/3104 [10:04<1:26:07,  0.54it/s, v_num=-30E, loss/train=5.480]Epoch 0:  11%|█         | 326/3104 [10:04<1:25:51,  0.54it/s, v_num=-30E, loss/train=5.480]Epoch 0:  11%|█         | 326/3104 [10:04<1:25:51,  0.54it/s, v_num=-30E, loss/train=5.370]Epoch 0:  11%|█         | 327/3104 [10:04<1:25:35,  0.54it/s, v_num=-30E, loss/train=5.370]Epoch 0:  11%|█         | 327/3104 [10:04<1:25:35,  0.54it/s, v_num=-30E, loss/train=5.720]Epoch 0:  11%|█         | 328/3104 [10:04<1:25:19,  0.54it/s, v_num=-30E, loss/train=5.720]Epoch 0:  11%|█         | 328/3104 [10:04<1:25:19,  0.54it/s, v_num=-30E, loss/train=5.740]Epoch 0:  11%|█         | 329/3104 [10:05<1:25:03,  0.54it/s, v_num=-30E, loss/train=5.740]Epoch 0:  11%|█         | 329/3104 [10:05<1:25:03,  0.54it/s, v_num=-30E, loss/train=5.990]Epoch 0:  11%|█         | 330/3104 [10:12<1:25:45,  0.54it/s, v_num=-30E, loss/train=5.990]Epoch 0:  11%|█         | 330/3104 [10:12<1:25:46,  0.54it/s, v_num=-30E, loss/train=5.480]Epoch 0:  11%|█         | 331/3104 [10:12<1:25:29,  0.54it/s, v_num=-30E, loss/train=5.480]Epoch 0:  11%|█         | 331/3104 [10:12<1:25:30,  0.54it/s, v_num=-30E, loss/train=5.080]Epoch 0:  11%|█         | 332/3104 [10:12<1:25:14,  0.54it/s, v_num=-30E, loss/train=5.080]Epoch 0:  11%|█         | 332/3104 [10:12<1:25:14,  0.54it/s, v_num=-30E, loss/train=4.920]Epoch 0:  11%|█         | 333/3104 [10:12<1:24:58,  0.54it/s, v_num=-30E, loss/train=4.920]Epoch 0:  11%|█         | 333/3104 [10:12<1:24:59,  0.54it/s, v_num=-30E, loss/train=5.060]Epoch 0:  11%|█         | 334/3104 [10:12<1:24:43,  0.54it/s, v_num=-30E, loss/train=5.060]Epoch 0:  11%|█         | 334/3104 [10:12<1:24:43,  0.54it/s, v_num=-30E, loss/train=5.660]Epoch 0:  11%|█         | 335/3104 [10:22<1:25:45,  0.54it/s, v_num=-30E, loss/train=5.660]Epoch 0:  11%|█         | 335/3104 [10:22<1:25:45,  0.54it/s, v_num=-30E, loss/train=5.270]Epoch 0:  11%|█         | 336/3104 [10:22<1:25:29,  0.54it/s, v_num=-30E, loss/train=5.270]Epoch 0:  11%|█         | 336/3104 [10:22<1:25:30,  0.54it/s, v_num=-30E, loss/train=5.720]Epoch 0:  11%|█         | 337/3104 [10:22<1:25:14,  0.54it/s, v_num=-30E, loss/train=5.720]Epoch 0:  11%|█         | 337/3104 [10:22<1:25:14,  0.54it/s, v_num=-30E, loss/train=5.830]Epoch 0:  11%|█         | 338/3104 [10:23<1:24:58,  0.54it/s, v_num=-30E, loss/train=5.830]Epoch 0:  11%|█         | 338/3104 [10:23<1:24:58,  0.54it/s, v_num=-30E, loss/train=5.940]Epoch 0:  11%|█         | 339/3104 [10:23<1:24:43,  0.54it/s, v_num=-30E, loss/train=5.940]Epoch 0:  11%|█         | 339/3104 [10:23<1:24:43,  0.54it/s, v_num=-30E, loss/train=6.130]Epoch 0:  11%|█         | 340/3104 [10:27<1:25:04,  0.54it/s, v_num=-30E, loss/train=6.130]Epoch 0:  11%|█         | 340/3104 [10:27<1:25:04,  0.54it/s, v_num=-30E, loss/train=5.800]Epoch 0:  11%|█         | 341/3104 [10:28<1:24:48,  0.54it/s, v_num=-30E, loss/train=5.800]Epoch 0:  11%|█         | 341/3104 [10:28<1:24:48,  0.54it/s, v_num=-30E, loss/train=5.370]Epoch 0:  11%|█         | 342/3104 [10:28<1:24:33,  0.54it/s, v_num=-30E, loss/train=5.370]Epoch 0:  11%|█         | 342/3104 [10:28<1:24:33,  0.54it/s, v_num=-30E, loss/train=5.000]Epoch 0:  11%|█         | 343/3104 [10:28<1:24:18,  0.55it/s, v_num=-30E, loss/train=5.000]Epoch 0:  11%|█         | 343/3104 [10:28<1:24:18,  0.55it/s, v_num=-30E, loss/train=5.070]Epoch 0:  11%|█         | 344/3104 [10:28<1:24:03,  0.55it/s, v_num=-30E, loss/train=5.070]Epoch 0:  11%|█         | 344/3104 [10:28<1:24:03,  0.55it/s, v_num=-30E, loss/train=5.520]Epoch 0:  11%|█         | 345/3104 [10:37<1:25:01,  0.54it/s, v_num=-30E, loss/train=5.520]Epoch 0:  11%|█         | 345/3104 [10:37<1:25:01,  0.54it/s, v_num=-30E, loss/train=5.960]Epoch 0:  11%|█         | 346/3104 [10:38<1:24:46,  0.54it/s, v_num=-30E, loss/train=5.960]Epoch 0:  11%|█         | 346/3104 [10:38<1:24:46,  0.54it/s, v_num=-30E, loss/train=5.510]Epoch 0:  11%|█         | 347/3104 [10:38<1:24:31,  0.54it/s, v_num=-30E, loss/train=5.510]Epoch 0:  11%|█         | 347/3104 [10:38<1:24:31,  0.54it/s, v_num=-30E, loss/train=5.260]Epoch 0:  11%|█         | 348/3104 [10:38<1:24:16,  0.55it/s, v_num=-30E, loss/train=5.260]Epoch 0:  11%|█         | 348/3104 [10:38<1:24:16,  0.55it/s, v_num=-30E, loss/train=5.870]Epoch 0:  11%|█         | 349/3104 [10:38<1:24:01,  0.55it/s, v_num=-30E, loss/train=5.870]Epoch 0:  11%|█         | 349/3104 [10:38<1:24:01,  0.55it/s, v_num=-30E, loss/train=6.090]Epoch 0:  11%|█▏        | 350/3104 [10:47<1:24:51,  0.54it/s, v_num=-30E, loss/train=6.090]Epoch 0:  11%|█▏        | 350/3104 [10:47<1:24:51,  0.54it/s, v_num=-30E, loss/train=5.040]Epoch 0:  11%|█▏        | 351/3104 [10:47<1:24:36,  0.54it/s, v_num=-30E, loss/train=5.040]Epoch 0:  11%|█▏        | 351/3104 [10:47<1:24:36,  0.54it/s, v_num=-30E, loss/train=5.500]Epoch 0:  11%|█▏        | 352/3104 [10:47<1:24:21,  0.54it/s, v_num=-30E, loss/train=5.500]Epoch 0:  11%|█▏        | 352/3104 [10:47<1:24:22,  0.54it/s, v_num=-30E, loss/train=5.400]Epoch 0:  11%|█▏        | 353/3104 [10:47<1:24:06,  0.55it/s, v_num=-30E, loss/train=5.400]Epoch 0:  11%|█▏        | 353/3104 [10:47<1:24:07,  0.55it/s, v_num=-30E, loss/train=5.570]Epoch 0:  11%|█▏        | 354/3104 [10:47<1:23:52,  0.55it/s, v_num=-30E, loss/train=5.570]Epoch 0:  11%|█▏        | 354/3104 [10:47<1:23:52,  0.55it/s, v_num=-30E, loss/train=5.370]Epoch 0:  11%|█▏        | 355/3104 [10:56<1:24:40,  0.54it/s, v_num=-30E, loss/train=5.370]Epoch 0:  11%|█▏        | 355/3104 [10:56<1:24:41,  0.54it/s, v_num=-30E, loss/train=5.520]Epoch 0:  11%|█▏        | 356/3104 [10:56<1:24:26,  0.54it/s, v_num=-30E, loss/train=5.520]Epoch 0:  11%|█▏        | 356/3104 [10:56<1:24:26,  0.54it/s, v_num=-30E, loss/train=5.450]Epoch 0:  12%|█▏        | 357/3104 [10:56<1:24:11,  0.54it/s, v_num=-30E, loss/train=5.450]Epoch 0:  12%|█▏        | 357/3104 [10:56<1:24:11,  0.54it/s, v_num=-30E, loss/train=5.830]Epoch 0:  12%|█▏        | 358/3104 [10:56<1:23:56,  0.55it/s, v_num=-30E, loss/train=5.830]Epoch 0:  12%|█▏        | 358/3104 [10:56<1:23:57,  0.55it/s, v_num=-30E, loss/train=5.740]Epoch 0:  12%|█▏        | 359/3104 [10:56<1:23:42,  0.55it/s, v_num=-30E, loss/train=5.740]Epoch 0:  12%|█▏        | 359/3104 [10:56<1:23:42,  0.55it/s, v_num=-30E, loss/train=5.270]Epoch 0:  12%|█▏        | 360/3104 [11:03<1:24:14,  0.54it/s, v_num=-30E, loss/train=5.270]Epoch 0:  12%|█▏        | 360/3104 [11:03<1:24:14,  0.54it/s, v_num=-30E, loss/train=5.220]Epoch 0:  12%|█▏        | 361/3104 [11:03<1:24:00,  0.54it/s, v_num=-30E, loss/train=5.220]Epoch 0:  12%|█▏        | 361/3104 [11:03<1:24:00,  0.54it/s, v_num=-30E, loss/train=4.810]Epoch 0:  12%|█▏        | 362/3104 [11:03<1:23:45,  0.55it/s, v_num=-30E, loss/train=4.810]Epoch 0:  12%|█▏        | 362/3104 [11:03<1:23:46,  0.55it/s, v_num=-30E, loss/train=5.840]Epoch 0:  12%|█▏        | 363/3104 [11:03<1:23:31,  0.55it/s, v_num=-30E, loss/train=5.840]Epoch 0:  12%|█▏        | 363/3104 [11:03<1:23:31,  0.55it/s, v_num=-30E, loss/train=5.200]Epoch 0:  12%|█▏        | 364/3104 [11:03<1:23:17,  0.55it/s, v_num=-30E, loss/train=5.200]Epoch 0:  12%|█▏        | 364/3104 [11:03<1:23:17,  0.55it/s, v_num=-30E, loss/train=5.470]Epoch 0:  12%|█▏        | 365/3104 [11:12<1:24:04,  0.54it/s, v_num=-30E, loss/train=5.470]Epoch 0:  12%|█▏        | 365/3104 [11:12<1:24:04,  0.54it/s, v_num=-30E, loss/train=6.740]Epoch 0:  12%|█▏        | 366/3104 [11:12<1:23:50,  0.54it/s, v_num=-30E, loss/train=6.740]Epoch 0:  12%|█▏        | 366/3104 [11:12<1:23:50,  0.54it/s, v_num=-30E, loss/train=6.110]Epoch 0:  12%|█▏        | 367/3104 [11:12<1:23:36,  0.55it/s, v_num=-30E, loss/train=6.110]Epoch 0:  12%|█▏        | 367/3104 [11:12<1:23:36,  0.55it/s, v_num=-30E, loss/train=4.920]Epoch 0:  12%|█▏        | 368/3104 [11:12<1:23:22,  0.55it/s, v_num=-30E, loss/train=4.920]Epoch 0:  12%|█▏        | 368/3104 [11:12<1:23:22,  0.55it/s, v_num=-30E, loss/train=4.810]Epoch 0:  12%|█▏        | 369/3104 [11:12<1:23:08,  0.55it/s, v_num=-30E, loss/train=4.810]Epoch 0:  12%|█▏        | 369/3104 [11:13<1:23:08,  0.55it/s, v_num=-30E, loss/train=5.120]Epoch 0:  12%|█▏        | 370/3104 [11:18<1:23:34,  0.55it/s, v_num=-30E, loss/train=5.120]Epoch 0:  12%|█▏        | 370/3104 [11:18<1:23:34,  0.55it/s, v_num=-30E, loss/train=5.660]Epoch 0:  12%|█▏        | 371/3104 [11:18<1:23:20,  0.55it/s, v_num=-30E, loss/train=5.660]Epoch 0:  12%|█▏        | 371/3104 [11:18<1:23:20,  0.55it/s, v_num=-30E, loss/train=5.130]Epoch 0:  12%|█▏        | 372/3104 [11:18<1:23:06,  0.55it/s, v_num=-30E, loss/train=5.130]Epoch 0:  12%|█▏        | 372/3104 [11:18<1:23:06,  0.55it/s, v_num=-30E, loss/train=5.200]Epoch 0:  12%|█▏        | 373/3104 [11:19<1:22:52,  0.55it/s, v_num=-30E, loss/train=5.200]Epoch 0:  12%|█▏        | 373/3104 [11:19<1:22:52,  0.55it/s, v_num=-30E, loss/train=5.080]Epoch 0:  12%|█▏        | 374/3104 [11:19<1:22:38,  0.55it/s, v_num=-30E, loss/train=5.080]Epoch 0:  12%|█▏        | 374/3104 [11:19<1:22:39,  0.55it/s, v_num=-30E, loss/train=5.610]Epoch 0:  12%|█▏        | 375/3104 [11:28<1:23:33,  0.54it/s, v_num=-30E, loss/train=5.610]Epoch 0:  12%|█▏        | 375/3104 [11:28<1:23:34,  0.54it/s, v_num=-30E, loss/train=6.530]Epoch 0:  12%|█▏        | 376/3104 [11:29<1:23:20,  0.55it/s, v_num=-30E, loss/train=6.530]Epoch 0:  12%|█▏        | 376/3104 [11:29<1:23:20,  0.55it/s, v_num=-30E, loss/train=5.200]Epoch 0:  12%|█▏        | 377/3104 [11:29<1:23:06,  0.55it/s, v_num=-30E, loss/train=5.200]Epoch 0:  12%|█▏        | 377/3104 [11:29<1:23:06,  0.55it/s, v_num=-30E, loss/train=5.760]Epoch 0:  12%|█▏        | 378/3104 [11:29<1:22:52,  0.55it/s, v_num=-30E, loss/train=5.760]Epoch 0:  12%|█▏        | 378/3104 [11:29<1:22:52,  0.55it/s, v_num=-30E, loss/train=5.320]Epoch 0:  12%|█▏        | 379/3104 [11:29<1:22:38,  0.55it/s, v_num=-30E, loss/train=5.320]Epoch 0:  12%|█▏        | 379/3104 [11:29<1:22:39,  0.55it/s, v_num=-30E, loss/train=4.960]Epoch 0:  12%|█▏        | 380/3104 [11:37<1:23:19,  0.54it/s, v_num=-30E, loss/train=4.960]Epoch 0:  12%|█▏        | 380/3104 [11:37<1:23:19,  0.54it/s, v_num=-30E, loss/train=4.790]Epoch 0:  12%|█▏        | 381/3104 [11:37<1:23:05,  0.55it/s, v_num=-30E, loss/train=4.790]Epoch 0:  12%|█▏        | 381/3104 [11:37<1:23:05,  0.55it/s, v_num=-30E, loss/train=5.420]Epoch 0:  12%|█▏        | 382/3104 [11:37<1:22:51,  0.55it/s, v_num=-30E, loss/train=5.420]Epoch 0:  12%|█▏        | 382/3104 [11:37<1:22:52,  0.55it/s, v_num=-30E, loss/train=5.390]Epoch 0:  12%|█▏        | 383/3104 [11:37<1:22:38,  0.55it/s, v_num=-30E, loss/train=5.390]Epoch 0:  12%|█▏        | 383/3104 [11:37<1:22:38,  0.55it/s, v_num=-30E, loss/train=5.130]Epoch 0:  12%|█▏        | 384/3104 [11:38<1:22:25,  0.55it/s, v_num=-30E, loss/train=5.130]Epoch 0:  12%|█▏        | 384/3104 [11:38<1:22:25,  0.55it/s, v_num=-30E, loss/train=5.260]Epoch 0:  12%|█▏        | 385/3104 [11:45<1:23:01,  0.55it/s, v_num=-30E, loss/train=5.260]Epoch 0:  12%|█▏        | 385/3104 [11:45<1:23:02,  0.55it/s, v_num=-30E, loss/train=6.260]Epoch 0:  12%|█▏        | 386/3104 [11:45<1:22:48,  0.55it/s, v_num=-30E, loss/train=6.260]Epoch 0:  12%|█▏        | 386/3104 [11:45<1:22:48,  0.55it/s, v_num=-30E, loss/train=5.450]Epoch 0:  12%|█▏        | 387/3104 [11:45<1:22:35,  0.55it/s, v_num=-30E, loss/train=5.450]Epoch 0:  12%|█▏        | 387/3104 [11:45<1:22:35,  0.55it/s, v_num=-30E, loss/train=5.020]Epoch 0:  12%|█▎        | 388/3104 [11:45<1:22:21,  0.55it/s, v_num=-30E, loss/train=5.020]Epoch 0:  12%|█▎        | 388/3104 [11:46<1:22:22,  0.55it/s, v_num=-30E, loss/train=5.060]Epoch 0:  13%|█▎        | 389/3104 [11:46<1:22:08,  0.55it/s, v_num=-30E, loss/train=5.060]Epoch 0:  13%|█▎        | 389/3104 [11:46<1:22:08,  0.55it/s, v_num=-30E, loss/train=4.870]Epoch 0:  13%|█▎        | 390/3104 [11:51<1:22:31,  0.55it/s, v_num=-30E, loss/train=4.870]Epoch 0:  13%|█▎        | 390/3104 [11:51<1:22:31,  0.55it/s, v_num=-30E, loss/train=5.600]Epoch 0:  13%|█▎        | 391/3104 [11:51<1:22:18,  0.55it/s, v_num=-30E, loss/train=5.600]Epoch 0:  13%|█▎        | 391/3104 [11:51<1:22:18,  0.55it/s, v_num=-30E, loss/train=5.990]Epoch 0:  13%|█▎        | 392/3104 [11:51<1:22:04,  0.55it/s, v_num=-30E, loss/train=5.990]Epoch 0:  13%|█▎        | 392/3104 [11:51<1:22:05,  0.55it/s, v_num=-30E, loss/train=5.760]Epoch 0:  13%|█▎        | 393/3104 [11:52<1:21:51,  0.55it/s, v_num=-30E, loss/train=5.760]Epoch 0:  13%|█▎        | 393/3104 [11:52<1:21:52,  0.55it/s, v_num=-30E, loss/train=5.830]Epoch 0:  13%|█▎        | 394/3104 [11:52<1:21:40,  0.55it/s, v_num=-30E, loss/train=5.830]Epoch 0:  13%|█▎        | 394/3104 [11:52<1:21:40,  0.55it/s, v_num=-30E, loss/train=5.200]Epoch 0:  13%|█▎        | 395/3104 [12:01<1:22:30,  0.55it/s, v_num=-30E, loss/train=5.200]Epoch 0:  13%|█▎        | 395/3104 [12:01<1:22:30,  0.55it/s, v_num=-30E, loss/train=4.920]Epoch 0:  13%|█▎        | 396/3104 [12:01<1:22:17,  0.55it/s, v_num=-30E, loss/train=4.920]Epoch 0:  13%|█▎        | 396/3104 [12:02<1:22:17,  0.55it/s, v_num=-30E, loss/train=5.490]Epoch 0:  13%|█▎        | 397/3104 [12:02<1:22:04,  0.55it/s, v_num=-30E, loss/train=5.490]Epoch 0:  13%|█▎        | 397/3104 [12:02<1:22:04,  0.55it/s, v_num=-30E, loss/train=6.600]Epoch 0:  13%|█▎        | 398/3104 [12:02<1:21:51,  0.55it/s, v_num=-30E, loss/train=6.600]Epoch 0:  13%|█▎        | 398/3104 [12:02<1:21:51,  0.55it/s, v_num=-30E, loss/train=6.220]Epoch 0:  13%|█▎        | 399/3104 [12:02<1:21:39,  0.55it/s, v_num=-30E, loss/train=6.220]Epoch 0:  13%|█▎        | 399/3104 [12:02<1:21:40,  0.55it/s, v_num=-30E, loss/train=5.060]Epoch 0:  13%|█▎        | 400/3104 [12:09<1:22:11,  0.55it/s, v_num=-30E, loss/train=5.060]Epoch 0:  13%|█▎        | 400/3104 [12:09<1:22:11,  0.55it/s, v_num=-30E, loss/train=5.040]Epoch 0:  13%|█▎        | 401/3104 [12:09<1:21:58,  0.55it/s, v_num=-30E, loss/train=5.040]Epoch 0:  13%|█▎        | 401/3104 [12:09<1:21:59,  0.55it/s, v_num=-30E, loss/train=5.730]Epoch 0:  13%|█▎        | 402/3104 [12:09<1:21:46,  0.55it/s, v_num=-30E, loss/train=5.730]Epoch 0:  13%|█▎        | 402/3104 [12:09<1:21:46,  0.55it/s, v_num=-30E, loss/train=5.620]Epoch 0:  13%|█▎        | 403/3104 [12:10<1:21:33,  0.55it/s, v_num=-30E, loss/train=5.620]Epoch 0:  13%|█▎        | 403/3104 [12:10<1:21:33,  0.55it/s, v_num=-30E, loss/train=4.620]Epoch 0:  13%|█▎        | 404/3104 [12:10<1:21:20,  0.55it/s, v_num=-30E, loss/train=4.620]Epoch 0:  13%|█▎        | 404/3104 [12:10<1:21:20,  0.55it/s, v_num=-30E, loss/train=6.320]Epoch 0:  13%|█▎        | 405/3104 [12:17<1:21:54,  0.55it/s, v_num=-30E, loss/train=6.320]Epoch 0:  13%|█▎        | 405/3104 [12:17<1:21:54,  0.55it/s, v_num=-30E, loss/train=5.310]Epoch 0:  13%|█▎        | 406/3104 [12:17<1:21:41,  0.55it/s, v_num=-30E, loss/train=5.310]Epoch 0:  13%|█▎        | 406/3104 [12:17<1:21:41,  0.55it/s, v_num=-30E, loss/train=4.850]Epoch 0:  13%|█▎        | 407/3104 [12:17<1:21:28,  0.55it/s, v_num=-30E, loss/train=4.850]Epoch 0:  13%|█▎        | 407/3104 [12:17<1:21:29,  0.55it/s, v_num=-30E, loss/train=5.280]Epoch 0:  13%|█▎        | 408/3104 [12:17<1:21:16,  0.55it/s, v_num=-30E, loss/train=5.280]Epoch 0:  13%|█▎        | 408/3104 [12:18<1:21:16,  0.55it/s, v_num=-30E, loss/train=5.230]Epoch 0:  13%|█▎        | 409/3104 [12:18<1:21:05,  0.55it/s, v_num=-30E, loss/train=5.230]Epoch 0:  13%|█▎        | 409/3104 [12:18<1:21:05,  0.55it/s, v_num=-30E, loss/train=5.810]Epoch 0:  13%|█▎        | 410/3104 [12:23<1:21:27,  0.55it/s, v_num=-30E, loss/train=5.810]Epoch 0:  13%|█▎        | 410/3104 [12:23<1:21:27,  0.55it/s, v_num=-30E, loss/train=5.230]Epoch 0:  13%|█▎        | 411/3104 [12:23<1:21:14,  0.55it/s, v_num=-30E, loss/train=5.230]Epoch 0:  13%|█▎        | 411/3104 [12:23<1:21:14,  0.55it/s, v_num=-30E, loss/train=6.110]Epoch 0:  13%|█▎        | 412/3104 [12:24<1:21:02,  0.55it/s, v_num=-30E, loss/train=6.110]Epoch 0:  13%|█▎        | 412/3104 [12:24<1:21:02,  0.55it/s, v_num=-30E, loss/train=5.160]Epoch 0:  13%|█▎        | 413/3104 [12:24<1:20:49,  0.55it/s, v_num=-30E, loss/train=5.160]Epoch 0:  13%|█▎        | 413/3104 [12:24<1:20:50,  0.55it/s, v_num=-30E, loss/train=4.920]Epoch 0:  13%|█▎        | 414/3104 [12:24<1:20:37,  0.56it/s, v_num=-30E, loss/train=4.920]Epoch 0:  13%|█▎        | 414/3104 [12:24<1:20:38,  0.56it/s, v_num=-30E, loss/train=5.300]Epoch 0:  13%|█▎        | 415/3104 [12:31<1:21:09,  0.55it/s, v_num=-30E, loss/train=5.300]Epoch 0:  13%|█▎        | 415/3104 [12:31<1:21:10,  0.55it/s, v_num=-30E, loss/train=5.140]Epoch 0:  13%|█▎        | 416/3104 [12:31<1:20:57,  0.55it/s, v_num=-30E, loss/train=5.140]Epoch 0:  13%|█▎        | 416/3104 [12:31<1:20:57,  0.55it/s, v_num=-30E, loss/train=5.160]Epoch 0:  13%|█▎        | 417/3104 [12:31<1:20:45,  0.55it/s, v_num=-30E, loss/train=5.160]Epoch 0:  13%|█▎        | 417/3104 [12:31<1:20:45,  0.55it/s, v_num=-30E, loss/train=5.830]Epoch 0:  13%|█▎        | 418/3104 [12:32<1:20:34,  0.56it/s, v_num=-30E, loss/train=5.830]Epoch 0:  13%|█▎        | 418/3104 [12:32<1:20:35,  0.56it/s, v_num=-30E, loss/train=6.470]Epoch 0:  13%|█▎        | 419/3104 [12:32<1:20:22,  0.56it/s, v_num=-30E, loss/train=6.470]Epoch 0:  13%|█▎        | 419/3104 [12:32<1:20:23,  0.56it/s, v_num=-30E, loss/train=5.420]Epoch 0:  14%|█▎        | 420/3104 [12:38<1:20:47,  0.55it/s, v_num=-30E, loss/train=5.420]Epoch 0:  14%|█▎        | 420/3104 [12:38<1:20:47,  0.55it/s, v_num=-30E, loss/train=5.260]Epoch 0:  14%|█▎        | 421/3104 [12:38<1:20:34,  0.55it/s, v_num=-30E, loss/train=5.260]Epoch 0:  14%|█▎        | 421/3104 [12:38<1:20:35,  0.55it/s, v_num=-30E, loss/train=5.110]Epoch 0:  14%|█▎        | 422/3104 [12:39<1:20:24,  0.56it/s, v_num=-30E, loss/train=5.110]Epoch 0:  14%|█▎        | 422/3104 [12:39<1:20:24,  0.56it/s, v_num=-30E, loss/train=5.020]Epoch 0:  14%|█▎        | 423/3104 [12:39<1:20:12,  0.56it/s, v_num=-30E, loss/train=5.020]Epoch 0:  14%|█▎        | 423/3104 [12:39<1:20:12,  0.56it/s, v_num=-30E, loss/train=4.980]Epoch 0:  14%|█▎        | 424/3104 [12:39<1:20:00,  0.56it/s, v_num=-30E, loss/train=4.980]Epoch 0:  14%|█▎        | 424/3104 [12:39<1:20:00,  0.56it/s, v_num=-30E, loss/train=4.850]Epoch 0:  14%|█▎        | 425/3104 [12:46<1:20:31,  0.55it/s, v_num=-30E, loss/train=4.850]Epoch 0:  14%|█▎        | 425/3104 [12:46<1:20:31,  0.55it/s, v_num=-30E, loss/train=6.180]Epoch 0:  14%|█▎        | 426/3104 [12:46<1:20:19,  0.56it/s, v_num=-30E, loss/train=6.180]Epoch 0:  14%|█▎        | 426/3104 [12:46<1:20:19,  0.56it/s, v_num=-30E, loss/train=5.400]Epoch 0:  14%|█▍        | 427/3104 [12:46<1:20:07,  0.56it/s, v_num=-30E, loss/train=5.400]Epoch 0:  14%|█▍        | 427/3104 [12:46<1:20:07,  0.56it/s, v_num=-30E, loss/train=5.100]Epoch 0:  14%|█▍        | 428/3104 [12:46<1:19:55,  0.56it/s, v_num=-30E, loss/train=5.100]Epoch 0:  14%|█▍        | 428/3104 [12:47<1:19:55,  0.56it/s, v_num=-30E, loss/train=4.990]Epoch 0:  14%|█▍        | 429/3104 [12:47<1:19:43,  0.56it/s, v_num=-30E, loss/train=4.990]Epoch 0:  14%|█▍        | 429/3104 [12:47<1:19:43,  0.56it/s, v_num=-30E, loss/train=5.060]Epoch 0:  14%|█▍        | 430/3104 [12:51<1:19:59,  0.56it/s, v_num=-30E, loss/train=5.060]Epoch 0:  14%|█▍        | 430/3104 [12:51<1:20:00,  0.56it/s, v_num=-30E, loss/train=5.630]Epoch 0:  14%|█▍        | 431/3104 [12:52<1:19:48,  0.56it/s, v_num=-30E, loss/train=5.630]Epoch 0:  14%|█▍        | 431/3104 [12:52<1:19:48,  0.56it/s, v_num=-30E, loss/train=5.120]Epoch 0:  14%|█▍        | 432/3104 [12:52<1:19:36,  0.56it/s, v_num=-30E, loss/train=5.120]Epoch 0:  14%|█▍        | 432/3104 [12:52<1:19:37,  0.56it/s, v_num=-30E, loss/train=5.270]Epoch 0:  14%|█▍        | 433/3104 [12:52<1:19:25,  0.56it/s, v_num=-30E, loss/train=5.270]Epoch 0:  14%|█▍        | 433/3104 [12:52<1:19:25,  0.56it/s, v_num=-30E, loss/train=4.960]Epoch 0:  14%|█▍        | 434/3104 [12:52<1:19:13,  0.56it/s, v_num=-30E, loss/train=4.960]Epoch 0:  14%|█▍        | 434/3104 [12:52<1:19:13,  0.56it/s, v_num=-30E, loss/train=5.330]Epoch 0:  14%|█▍        | 435/3104 [12:52<1:19:02,  0.56it/s, v_num=-30E, loss/train=5.330]Epoch 0:  14%|█▍        | 435/3104 [12:52<1:19:02,  0.56it/s, v_num=-30E, loss/train=5.080]Epoch 0:  14%|█▍        | 436/3104 [12:53<1:18:50,  0.56it/s, v_num=-30E, loss/train=5.080]Epoch 0:  14%|█▍        | 436/3104 [12:53<1:18:50,  0.56it/s, v_num=-30E, loss/train=5.290]Epoch 0:  14%|█▍        | 437/3104 [12:53<1:18:39,  0.57it/s, v_num=-30E, loss/train=5.290]Epoch 0:  14%|█▍        | 437/3104 [12:53<1:18:39,  0.57it/s, v_num=-30E, loss/train=5.630]Epoch 0:  14%|█▍        | 438/3104 [12:53<1:18:27,  0.57it/s, v_num=-30E, loss/train=5.630]Epoch 0:  14%|█▍        | 438/3104 [12:53<1:18:28,  0.57it/s, v_num=-30E, loss/train=4.690]Epoch 0:  14%|█▍        | 439/3104 [12:53<1:18:16,  0.57it/s, v_num=-30E, loss/train=4.690]Epoch 0:  14%|█▍        | 439/3104 [12:53<1:18:16,  0.57it/s, v_num=-30E, loss/train=4.800]Epoch 0:  14%|█▍        | 440/3104 [12:56<1:18:18,  0.57it/s, v_num=-30E, loss/train=4.800]Epoch 0:  14%|█▍        | 440/3104 [12:56<1:18:18,  0.57it/s, v_num=-30E, loss/train=5.160]Epoch 0:  14%|█▍        | 441/3104 [12:56<1:18:07,  0.57it/s, v_num=-30E, loss/train=5.160]Epoch 0:  14%|█▍        | 441/3104 [12:56<1:18:07,  0.57it/s, v_num=-30E, loss/train=4.840]Epoch 0:  14%|█▍        | 442/3104 [13:01<1:18:25,  0.57it/s, v_num=-30E, loss/train=4.840]Epoch 0:  14%|█▍        | 442/3104 [13:01<1:18:26,  0.57it/s, v_num=-30E, loss/train=5.980]Epoch 0:  14%|█▍        | 443/3104 [13:01<1:18:14,  0.57it/s, v_num=-30E, loss/train=5.980]Epoch 0:  14%|█▍        | 443/3104 [13:01<1:18:14,  0.57it/s, v_num=-30E, loss/train=5.260]Epoch 0:  14%|█▍        | 444/3104 [13:01<1:18:03,  0.57it/s, v_num=-30E, loss/train=5.260]Epoch 0:  14%|█▍        | 444/3104 [13:01<1:18:03,  0.57it/s, v_num=-30E, loss/train=4.850]Epoch 0:  14%|█▍        | 445/3104 [13:06<1:18:18,  0.57it/s, v_num=-30E, loss/train=4.850]Epoch 0:  14%|█▍        | 445/3104 [13:06<1:18:19,  0.57it/s, v_num=-30E, loss/train=5.080]Epoch 0:  14%|█▍        | 446/3104 [13:06<1:18:07,  0.57it/s, v_num=-30E, loss/train=5.080]Epoch 0:  14%|█▍        | 446/3104 [13:06<1:18:08,  0.57it/s, v_num=-30E, loss/train=5.040]Epoch 0:  14%|█▍        | 447/3104 [13:14<1:18:40,  0.56it/s, v_num=-30E, loss/train=5.040]Epoch 0:  14%|█▍        | 447/3104 [13:14<1:18:40,  0.56it/s, v_num=-30E, loss/train=4.970]Epoch 0:  14%|█▍        | 448/3104 [13:14<1:18:29,  0.56it/s, v_num=-30E, loss/train=4.970]Epoch 0:  14%|█▍        | 448/3104 [13:14<1:18:29,  0.56it/s, v_num=-30E, loss/train=5.640]Epoch 0:  14%|█▍        | 449/3104 [13:14<1:18:18,  0.57it/s, v_num=-30E, loss/train=5.640]Epoch 0:  14%|█▍        | 449/3104 [13:14<1:18:18,  0.57it/s, v_num=-30E, loss/train=4.620]Epoch 0:  14%|█▍        | 450/3104 [13:16<1:18:19,  0.56it/s, v_num=-30E, loss/train=4.620]Epoch 0:  14%|█▍        | 450/3104 [13:16<1:18:19,  0.56it/s, v_num=-30E, loss/train=5.160]Epoch 0:  15%|█▍        | 451/3104 [13:16<1:18:08,  0.57it/s, v_num=-30E, loss/train=5.160]Epoch 0:  15%|█▍        | 451/3104 [13:17<1:18:08,  0.57it/s, v_num=-30E, loss/train=5.290]Epoch 0:  15%|█▍        | 452/3104 [13:23<1:18:32,  0.56it/s, v_num=-30E, loss/train=5.290]Epoch 0:  15%|█▍        | 452/3104 [13:23<1:18:33,  0.56it/s, v_num=-30E, loss/train=5.200]Epoch 0:  15%|█▍        | 453/3104 [13:23<1:18:21,  0.56it/s, v_num=-30E, loss/train=5.200]Epoch 0:  15%|█▍        | 453/3104 [13:23<1:18:22,  0.56it/s, v_num=-30E, loss/train=5.670]Epoch 0:  15%|█▍        | 454/3104 [13:23<1:18:10,  0.56it/s, v_num=-30E, loss/train=5.670]Epoch 0:  15%|█▍        | 454/3104 [13:23<1:18:10,  0.56it/s, v_num=-30E, loss/train=5.520]Epoch 0:  15%|█▍        | 455/3104 [13:23<1:17:59,  0.57it/s, v_num=-30E, loss/train=5.520]Epoch 0:  15%|█▍        | 455/3104 [13:23<1:18:00,  0.57it/s, v_num=-30E, loss/train=4.980]Epoch 0:  15%|█▍        | 456/3104 [13:24<1:17:48,  0.57it/s, v_num=-30E, loss/train=4.980]Epoch 0:  15%|█▍        | 456/3104 [13:24<1:17:49,  0.57it/s, v_num=-30E, loss/train=5.240]Epoch 0:  15%|█▍        | 457/3104 [13:30<1:18:14,  0.56it/s, v_num=-30E, loss/train=5.240]Epoch 0:  15%|█▍        | 457/3104 [13:30<1:18:14,  0.56it/s, v_num=-30E, loss/train=4.880]Epoch 0:  15%|█▍        | 458/3104 [13:30<1:18:03,  0.57it/s, v_num=-30E, loss/train=4.880]Epoch 0:  15%|█▍        | 458/3104 [13:30<1:18:03,  0.56it/s, v_num=-30E, loss/train=5.250]Epoch 0:  15%|█▍        | 459/3104 [13:30<1:17:52,  0.57it/s, v_num=-30E, loss/train=5.250]Epoch 0:  15%|█▍        | 459/3104 [13:30<1:17:52,  0.57it/s, v_num=-30E, loss/train=5.010]Epoch 0:  15%|█▍        | 460/3104 [13:32<1:17:50,  0.57it/s, v_num=-30E, loss/train=5.010]Epoch 0:  15%|█▍        | 460/3104 [13:32<1:17:50,  0.57it/s, v_num=-30E, loss/train=5.310]Epoch 0:  15%|█▍        | 461/3104 [13:32<1:17:39,  0.57it/s, v_num=-30E, loss/train=5.310]Epoch 0:  15%|█▍        | 461/3104 [13:32<1:17:39,  0.57it/s, v_num=-30E, loss/train=4.950]Epoch 0:  15%|█▍        | 462/3104 [13:37<1:17:57,  0.56it/s, v_num=-30E, loss/train=4.950]Epoch 0:  15%|█▍        | 462/3104 [13:37<1:17:57,  0.56it/s, v_num=-30E, loss/train=5.260]Epoch 0:  15%|█▍        | 463/3104 [13:38<1:17:46,  0.57it/s, v_num=-30E, loss/train=5.260]Epoch 0:  15%|█▍        | 463/3104 [13:38<1:17:46,  0.57it/s, v_num=-30E, loss/train=5.310]Epoch 0:  15%|█▍        | 464/3104 [13:38<1:17:35,  0.57it/s, v_num=-30E, loss/train=5.310]Epoch 0:  15%|█▍        | 464/3104 [13:38<1:17:35,  0.57it/s, v_num=-30E, loss/train=5.320]Epoch 0:  15%|█▍        | 465/3104 [13:38<1:17:24,  0.57it/s, v_num=-30E, loss/train=5.320]Epoch 0:  15%|█▍        | 465/3104 [13:38<1:17:25,  0.57it/s, v_num=-30E, loss/train=4.690]Epoch 0:  15%|█▌        | 466/3104 [13:38<1:17:14,  0.57it/s, v_num=-30E, loss/train=4.690]Epoch 0:  15%|█▌        | 466/3104 [13:38<1:17:14,  0.57it/s, v_num=-30E, loss/train=4.620]Epoch 0:  15%|█▌        | 467/3104 [13:39<1:17:06,  0.57it/s, v_num=-30E, loss/train=4.620]Epoch 0:  15%|█▌        | 467/3104 [13:39<1:17:06,  0.57it/s, v_num=-30E, loss/train=4.580]Epoch 0:  15%|█▌        | 468/3104 [13:39<1:16:56,  0.57it/s, v_num=-30E, loss/train=4.580]Epoch 0:  15%|█▌        | 468/3104 [13:39<1:16:56,  0.57it/s, v_num=-30E, loss/train=5.040]Epoch 0:  15%|█▌        | 469/3104 [13:39<1:16:45,  0.57it/s, v_num=-30E, loss/train=5.040]Epoch 0:  15%|█▌        | 469/3104 [13:39<1:16:45,  0.57it/s, v_num=-30E, loss/train=4.770]Epoch 0:  15%|█▌        | 470/3104 [13:43<1:16:52,  0.57it/s, v_num=-30E, loss/train=4.770]Epoch 0:  15%|█▌        | 470/3104 [13:43<1:16:53,  0.57it/s, v_num=-30E, loss/train=5.370]Epoch 0:  15%|█▌        | 471/3104 [13:43<1:16:42,  0.57it/s, v_num=-30E, loss/train=5.370]Epoch 0:  15%|█▌        | 471/3104 [13:43<1:16:42,  0.57it/s, v_num=-30E, loss/train=5.330]Epoch 0:  15%|█▌        | 472/3104 [13:48<1:16:59,  0.57it/s, v_num=-30E, loss/train=5.330]Epoch 0:  15%|█▌        | 472/3104 [13:48<1:17:00,  0.57it/s, v_num=-30E, loss/train=4.630]Epoch 0:  15%|█▌        | 473/3104 [13:48<1:16:49,  0.57it/s, v_num=-30E, loss/train=4.630]Epoch 0:  15%|█▌        | 473/3104 [13:48<1:16:49,  0.57it/s, v_num=-30E, loss/train=5.140]Epoch 0:  15%|█▌        | 474/3104 [13:48<1:16:38,  0.57it/s, v_num=-30E, loss/train=5.140]Epoch 0:  15%|█▌        | 474/3104 [13:48<1:16:39,  0.57it/s, v_num=-30E, loss/train=4.880]Epoch 0:  15%|█▌        | 475/3104 [13:54<1:16:58,  0.57it/s, v_num=-30E, loss/train=4.880]Epoch 0:  15%|█▌        | 475/3104 [13:54<1:16:59,  0.57it/s, v_num=-30E, loss/train=5.220]Epoch 0:  15%|█▌        | 476/3104 [13:54<1:16:48,  0.57it/s, v_num=-30E, loss/train=5.220]Epoch 0:  15%|█▌        | 476/3104 [13:54<1:16:48,  0.57it/s, v_num=-30E, loss/train=5.710]Epoch 0:  15%|█▌        | 477/3104 [13:57<1:16:51,  0.57it/s, v_num=-30E, loss/train=5.710]Epoch 0:  15%|█▌        | 477/3104 [13:57<1:16:52,  0.57it/s, v_num=-30E, loss/train=5.060]Epoch 0:  15%|█▌        | 478/3104 [13:57<1:16:41,  0.57it/s, v_num=-30E, loss/train=5.060]Epoch 0:  15%|█▌        | 478/3104 [13:57<1:16:41,  0.57it/s, v_num=-30E, loss/train=5.020]Epoch 0:  15%|█▌        | 479/3104 [13:57<1:16:31,  0.57it/s, v_num=-30E, loss/train=5.020]Epoch 0:  15%|█▌        | 479/3104 [13:57<1:16:31,  0.57it/s, v_num=-30E, loss/train=5.310]Epoch 0:  15%|█▌        | 480/3104 [14:01<1:16:40,  0.57it/s, v_num=-30E, loss/train=5.310]Epoch 0:  15%|█▌        | 480/3104 [14:01<1:16:40,  0.57it/s, v_num=-30E, loss/train=5.220]Epoch 0:  15%|█▌        | 481/3104 [14:01<1:16:30,  0.57it/s, v_num=-30E, loss/train=5.220]Epoch 0:  15%|█▌        | 481/3104 [14:01<1:16:30,  0.57it/s, v_num=-30E, loss/train=4.860]Epoch 0:  16%|█▌        | 482/3104 [14:03<1:16:30,  0.57it/s, v_num=-30E, loss/train=4.860]Epoch 0:  16%|█▌        | 482/3104 [14:03<1:16:31,  0.57it/s, v_num=-30E, loss/train=5.460]Epoch 0:  16%|█▌        | 483/3104 [14:04<1:16:20,  0.57it/s, v_num=-30E, loss/train=5.460]Epoch 0:  16%|█▌        | 483/3104 [14:04<1:16:20,  0.57it/s, v_num=-30E, loss/train=5.380]Epoch 0:  16%|█▌        | 484/3104 [14:04<1:16:10,  0.57it/s, v_num=-30E, loss/train=5.380]Epoch 0:  16%|█▌        | 484/3104 [14:04<1:16:10,  0.57it/s, v_num=-30E, loss/train=4.510]Epoch 0:  16%|█▌        | 485/3104 [14:07<1:16:19,  0.57it/s, v_num=-30E, loss/train=4.510]Epoch 0:  16%|█▌        | 485/3104 [14:08<1:16:19,  0.57it/s, v_num=-30E, loss/train=4.480]Epoch 0:  16%|█▌        | 486/3104 [14:08<1:16:08,  0.57it/s, v_num=-30E, loss/train=4.480]Epoch 0:  16%|█▌        | 486/3104 [14:08<1:16:09,  0.57it/s, v_num=-30E, loss/train=4.840]Epoch 0:  16%|█▌        | 487/3104 [14:11<1:16:15,  0.57it/s, v_num=-30E, loss/train=4.840]Epoch 0:  16%|█▌        | 487/3104 [14:11<1:16:15,  0.57it/s, v_num=-30E, loss/train=5.000]Epoch 0:  16%|█▌        | 488/3104 [14:11<1:16:05,  0.57it/s, v_num=-30E, loss/train=5.000]Epoch 0:  16%|█▌        | 488/3104 [14:11<1:16:05,  0.57it/s, v_num=-30E, loss/train=6.280]Epoch 0:  16%|█▌        | 489/3104 [14:11<1:15:55,  0.57it/s, v_num=-30E, loss/train=6.280]Epoch 0:  16%|█▌        | 489/3104 [14:11<1:15:55,  0.57it/s, v_num=-30E, loss/train=4.860]Epoch 0:  16%|█▌        | 490/3104 [14:13<1:15:50,  0.57it/s, v_num=-30E, loss/train=4.860]Epoch 0:  16%|█▌        | 490/3104 [14:13<1:15:51,  0.57it/s, v_num=-30E, loss/train=5.340]Epoch 0:  16%|█▌        | 491/3104 [14:13<1:15:40,  0.58it/s, v_num=-30E, loss/train=5.340]Epoch 0:  16%|█▌        | 491/3104 [14:13<1:15:41,  0.58it/s, v_num=-30E, loss/train=5.160]Epoch 0:  16%|█▌        | 492/3104 [14:19<1:16:02,  0.57it/s, v_num=-30E, loss/train=5.160]Epoch 0:  16%|█▌        | 492/3104 [14:19<1:16:02,  0.57it/s, v_num=-30E, loss/train=5.250]Epoch 0:  16%|█▌        | 493/3104 [14:19<1:15:52,  0.57it/s, v_num=-30E, loss/train=5.250]Epoch 0:  16%|█▌        | 493/3104 [14:19<1:15:52,  0.57it/s, v_num=-30E, loss/train=4.990]Epoch 0:  16%|█▌        | 494/3104 [14:19<1:15:42,  0.57it/s, v_num=-30E, loss/train=4.990]Epoch 0:  16%|█▌        | 494/3104 [14:19<1:15:43,  0.57it/s, v_num=-30E, loss/train=4.720]Epoch 0:  16%|█▌        | 495/3104 [14:20<1:15:32,  0.58it/s, v_num=-30E, loss/train=4.720]Epoch 0:  16%|█▌        | 495/3104 [14:20<1:15:33,  0.58it/s, v_num=-30E, loss/train=5.010]Epoch 0:  16%|█▌        | 496/3104 [14:20<1:15:23,  0.58it/s, v_num=-30E, loss/train=5.010]Epoch 0:  16%|█▌        | 496/3104 [14:20<1:15:23,  0.58it/s, v_num=-30E, loss/train=5.410]Epoch 0:  16%|█▌        | 497/3104 [14:26<1:15:43,  0.57it/s, v_num=-30E, loss/train=5.410]Epoch 0:  16%|█▌        | 497/3104 [14:26<1:15:43,  0.57it/s, v_num=-30E, loss/train=5.600]Epoch 0:  16%|█▌        | 498/3104 [14:26<1:15:33,  0.57it/s, v_num=-30E, loss/train=5.600]Epoch 0:  16%|█▌        | 498/3104 [14:26<1:15:33,  0.57it/s, v_num=-30E, loss/train=5.140]Epoch 0:  16%|█▌        | 499/3104 [14:26<1:15:23,  0.58it/s, v_num=-30E, loss/train=5.140]Epoch 0:  16%|█▌        | 499/3104 [14:26<1:15:23,  0.58it/s, v_num=-30E, loss/train=5.100]Epoch 0:  16%|█▌        | 500/3104 [14:29<1:15:26,  0.58it/s, v_num=-30E, loss/train=5.100]Epoch 0:  16%|█▌        | 500/3104 [14:29<1:15:27,  0.58it/s, v_num=-30E, loss/train=5.080]Epoch 0:  16%|█▌        | 501/3104 [14:29<1:15:17,  0.58it/s, v_num=-30E, loss/train=5.080]Epoch 0:  16%|█▌        | 501/3104 [14:29<1:15:17,  0.58it/s, v_num=-30E, loss/train=4.950]Epoch 0:  16%|█▌        | 502/3104 [14:33<1:15:25,  0.57it/s, v_num=-30E, loss/train=4.950]Epoch 0:  16%|█▌        | 502/3104 [14:33<1:15:25,  0.57it/s, v_num=-30E, loss/train=5.340]Epoch 0:  16%|█▌        | 503/3104 [14:33<1:15:15,  0.58it/s, v_num=-30E, loss/train=5.340]Epoch 0:  16%|█▌        | 503/3104 [14:33<1:15:16,  0.58it/s, v_num=-30E, loss/train=4.800]Epoch 0:  16%|█▌        | 504/3104 [14:33<1:15:06,  0.58it/s, v_num=-30E, loss/train=4.800]Epoch 0:  16%|█▌        | 504/3104 [14:33<1:15:06,  0.58it/s, v_num=-30E, loss/train=4.880]Epoch 0:  16%|█▋        | 505/3104 [14:37<1:15:16,  0.58it/s, v_num=-30E, loss/train=4.880]Epoch 0:  16%|█▋        | 505/3104 [14:37<1:15:16,  0.58it/s, v_num=-30E, loss/train=4.650]Epoch 0:  16%|█▋        | 506/3104 [14:37<1:15:06,  0.58it/s, v_num=-30E, loss/train=4.650]Epoch 0:  16%|█▋        | 506/3104 [14:37<1:15:06,  0.58it/s, v_num=-30E, loss/train=4.570]Epoch 0:  16%|█▋        | 507/3104 [14:40<1:15:09,  0.58it/s, v_num=-30E, loss/train=4.570]Epoch 0:  16%|█▋        | 507/3104 [14:40<1:15:09,  0.58it/s, v_num=-30E, loss/train=4.740]Epoch 0:  16%|█▋        | 508/3104 [14:40<1:14:59,  0.58it/s, v_num=-30E, loss/train=4.740]Epoch 0:  16%|█▋        | 508/3104 [14:40<1:14:59,  0.58it/s, v_num=-30E, loss/train=5.520]Epoch 0:  16%|█▋        | 509/3104 [14:40<1:14:49,  0.58it/s, v_num=-30E, loss/train=5.520]Epoch 0:  16%|█▋        | 509/3104 [14:40<1:14:50,  0.58it/s, v_num=-30E, loss/train=5.070]Epoch 0:  16%|█▋        | 510/3104 [14:44<1:14:59,  0.58it/s, v_num=-30E, loss/train=5.070]Epoch 0:  16%|█▋        | 510/3104 [14:44<1:14:59,  0.58it/s, v_num=-30E, loss/train=5.100]Epoch 0:  16%|█▋        | 511/3104 [14:44<1:14:50,  0.58it/s, v_num=-30E, loss/train=5.100]Epoch 0:  16%|█▋        | 511/3104 [14:44<1:14:50,  0.58it/s, v_num=-30E, loss/train=5.000]Epoch 0:  16%|█▋        | 512/3104 [14:48<1:15:00,  0.58it/s, v_num=-30E, loss/train=5.000]Epoch 0:  16%|█▋        | 512/3104 [14:49<1:15:00,  0.58it/s, v_num=-30E, loss/train=4.960]Epoch 0:  17%|█▋        | 513/3104 [14:49<1:14:51,  0.58it/s, v_num=-30E, loss/train=4.960]Epoch 0:  17%|█▋        | 513/3104 [14:49<1:14:51,  0.58it/s, v_num=-30E, loss/train=5.250]Epoch 0:  17%|█▋        | 514/3104 [14:49<1:14:41,  0.58it/s, v_num=-30E, loss/train=5.250]Epoch 0:  17%|█▋        | 514/3104 [14:49<1:14:41,  0.58it/s, v_num=-30E, loss/train=5.000]Epoch 0:  17%|█▋        | 515/3104 [14:49<1:14:32,  0.58it/s, v_num=-30E, loss/train=5.000]Epoch 0:  17%|█▋        | 515/3104 [14:49<1:14:32,  0.58it/s, v_num=-30E, loss/train=5.040]Epoch 0:  17%|█▋        | 516/3104 [14:49<1:14:22,  0.58it/s, v_num=-30E, loss/train=5.040]Epoch 0:  17%|█▋        | 516/3104 [14:49<1:14:22,  0.58it/s, v_num=-30E, loss/train=5.080]Epoch 0:  17%|█▋        | 517/3104 [14:56<1:14:45,  0.58it/s, v_num=-30E, loss/train=5.080]Epoch 0:  17%|█▋        | 517/3104 [14:56<1:14:45,  0.58it/s, v_num=-30E, loss/train=5.010]Epoch 0:  17%|█▋        | 518/3104 [14:56<1:14:35,  0.58it/s, v_num=-30E, loss/train=5.010]Epoch 0:  17%|█▋        | 518/3104 [14:56<1:14:36,  0.58it/s, v_num=-30E, loss/train=5.380]Epoch 0:  17%|█▋        | 519/3104 [14:56<1:14:26,  0.58it/s, v_num=-30E, loss/train=5.380]Epoch 0:  17%|█▋        | 519/3104 [14:56<1:14:26,  0.58it/s, v_num=-30E, loss/train=5.420]Epoch 0:  17%|█▋        | 520/3104 [14:56<1:14:17,  0.58it/s, v_num=-30E, loss/train=5.420]Epoch 0:  17%|█▋        | 520/3104 [14:56<1:14:17,  0.58it/s, v_num=-30E, loss/train=5.020]Epoch 0:  17%|█▋        | 521/3104 [14:57<1:14:07,  0.58it/s, v_num=-30E, loss/train=5.020]Epoch 0:  17%|█▋        | 521/3104 [14:57<1:14:07,  0.58it/s, v_num=-30E, loss/train=4.590]Epoch 0:  17%|█▋        | 522/3104 [15:02<1:14:21,  0.58it/s, v_num=-30E, loss/train=4.590]Epoch 0:  17%|█▋        | 522/3104 [15:02<1:14:22,  0.58it/s, v_num=-30E, loss/train=4.640]Epoch 0:  17%|█▋        | 523/3104 [15:02<1:14:12,  0.58it/s, v_num=-30E, loss/train=4.640]Epoch 0:  17%|█▋        | 523/3104 [15:02<1:14:12,  0.58it/s, v_num=-30E, loss/train=4.580]Epoch 0:  17%|█▋        | 524/3104 [15:02<1:14:03,  0.58it/s, v_num=-30E, loss/train=4.580]Epoch 0:  17%|█▋        | 524/3104 [15:02<1:14:03,  0.58it/s, v_num=-30E, loss/train=4.610]Epoch 0:  17%|█▋        | 525/3104 [15:02<1:13:54,  0.58it/s, v_num=-30E, loss/train=4.610]Epoch 0:  17%|█▋        | 525/3104 [15:02<1:13:54,  0.58it/s, v_num=-30E, loss/train=5.290]Epoch 0:  17%|█▋        | 526/3104 [15:02<1:13:45,  0.58it/s, v_num=-30E, loss/train=5.290]Epoch 0:  17%|█▋        | 526/3104 [15:02<1:13:45,  0.58it/s, v_num=-30E, loss/train=5.320]Epoch 0:  17%|█▋        | 527/3104 [15:08<1:14:02,  0.58it/s, v_num=-30E, loss/train=5.320]Epoch 0:  17%|█▋        | 527/3104 [15:08<1:14:02,  0.58it/s, v_num=-30E, loss/train=5.100]Epoch 0:  17%|█▋        | 528/3104 [15:08<1:13:52,  0.58it/s, v_num=-30E, loss/train=5.100]Epoch 0:  17%|█▋        | 528/3104 [15:08<1:13:53,  0.58it/s, v_num=-30E, loss/train=4.920]Epoch 0:  17%|█▋        | 529/3104 [15:08<1:13:43,  0.58it/s, v_num=-30E, loss/train=4.920]Epoch 0:  17%|█▋        | 529/3104 [15:08<1:13:44,  0.58it/s, v_num=-30E, loss/train=4.930]Epoch 0:  17%|█▋        | 530/3104 [15:12<1:13:52,  0.58it/s, v_num=-30E, loss/train=4.930]Epoch 0:  17%|█▋        | 530/3104 [15:12<1:13:53,  0.58it/s, v_num=-30E, loss/train=4.930]Epoch 0:  17%|█▋        | 531/3104 [15:12<1:13:43,  0.58it/s, v_num=-30E, loss/train=4.930]Epoch 0:  17%|█▋        | 531/3104 [15:13<1:13:44,  0.58it/s, v_num=-30E, loss/train=5.500]Epoch 0:  17%|█▋        | 532/3104 [15:14<1:13:41,  0.58it/s, v_num=-30E, loss/train=5.500]Epoch 0:  17%|█▋        | 532/3104 [15:14<1:13:41,  0.58it/s, v_num=-30E, loss/train=5.250]Epoch 0:  17%|█▋        | 533/3104 [15:14<1:13:32,  0.58it/s, v_num=-30E, loss/train=5.250]Epoch 0:  17%|█▋        | 533/3104 [15:14<1:13:32,  0.58it/s, v_num=-30E, loss/train=4.970]Epoch 0:  17%|█▋        | 534/3104 [15:14<1:13:23,  0.58it/s, v_num=-30E, loss/train=4.970]Epoch 0:  17%|█▋        | 534/3104 [15:14<1:13:23,  0.58it/s, v_num=-30E, loss/train=4.680]Epoch 0:  17%|█▋        | 535/3104 [15:19<1:13:34,  0.58it/s, v_num=-30E, loss/train=4.680]Epoch 0:  17%|█▋        | 535/3104 [15:19<1:13:35,  0.58it/s, v_num=-30E, loss/train=4.360]Epoch 0:  17%|█▋        | 536/3104 [15:19<1:13:25,  0.58it/s, v_num=-30E, loss/train=4.360]Epoch 0:  17%|█▋        | 536/3104 [15:19<1:13:25,  0.58it/s, v_num=-30E, loss/train=5.110]Epoch 0:  17%|█▋        | 537/3104 [15:22<1:13:30,  0.58it/s, v_num=-30E, loss/train=5.110]Epoch 0:  17%|█▋        | 537/3104 [15:22<1:13:30,  0.58it/s, v_num=-30E, loss/train=4.880]Epoch 0:  17%|█▋        | 538/3104 [15:22<1:13:21,  0.58it/s, v_num=-30E, loss/train=4.880]Epoch 0:  17%|█▋        | 538/3104 [15:22<1:13:21,  0.58it/s, v_num=-30E, loss/train=5.070]Epoch 0:  17%|█▋        | 539/3104 [15:22<1:13:12,  0.58it/s, v_num=-30E, loss/train=5.070]Epoch 0:  17%|█▋        | 539/3104 [15:22<1:13:12,  0.58it/s, v_num=-30E, loss/train=5.070]Epoch 0:  17%|█▋        | 540/3104 [15:26<1:13:19,  0.58it/s, v_num=-30E, loss/train=5.070]Epoch 0:  17%|█▋        | 540/3104 [15:26<1:13:19,  0.58it/s, v_num=-30E, loss/train=4.650]Epoch 0:  17%|█▋        | 541/3104 [15:26<1:13:10,  0.58it/s, v_num=-30E, loss/train=4.650]Epoch 0:  17%|█▋        | 541/3104 [15:26<1:13:10,  0.58it/s, v_num=-30E, loss/train=4.720]Epoch 0:  17%|█▋        | 542/3104 [15:30<1:13:16,  0.58it/s, v_num=-30E, loss/train=4.720]Epoch 0:  17%|█▋        | 542/3104 [15:30<1:13:16,  0.58it/s, v_num=-30E, loss/train=4.820]Epoch 0:  17%|█▋        | 543/3104 [15:30<1:13:07,  0.58it/s, v_num=-30E, loss/train=4.820]Epoch 0:  17%|█▋        | 543/3104 [15:30<1:13:07,  0.58it/s, v_num=-30E, loss/train=4.660]Epoch 0:  18%|█▊        | 544/3104 [15:30<1:12:58,  0.58it/s, v_num=-30E, loss/train=4.660]Epoch 0:  18%|█▊        | 544/3104 [15:30<1:12:59,  0.58it/s, v_num=-30E, loss/train=4.570]Epoch 0:  18%|█▊        | 545/3104 [15:35<1:13:11,  0.58it/s, v_num=-30E, loss/train=4.570]Epoch 0:  18%|█▊        | 545/3104 [15:35<1:13:11,  0.58it/s, v_num=-30E, loss/train=5.200]Epoch 0:  18%|█▊        | 546/3104 [15:35<1:13:02,  0.58it/s, v_num=-30E, loss/train=5.200]Epoch 0:  18%|█▊        | 546/3104 [15:35<1:13:02,  0.58it/s, v_num=-30E, loss/train=5.110]Epoch 0:  18%|█▊        | 547/3104 [15:38<1:13:07,  0.58it/s, v_num=-30E, loss/train=5.110]Epoch 0:  18%|█▊        | 547/3104 [15:38<1:13:07,  0.58it/s, v_num=-30E, loss/train=4.740]Epoch 0:  18%|█▊        | 548/3104 [15:38<1:12:58,  0.58it/s, v_num=-30E, loss/train=4.740]Epoch 0:  18%|█▊        | 548/3104 [15:38<1:12:58,  0.58it/s, v_num=-30E, loss/train=4.980]Epoch 0:  18%|█▊        | 549/3104 [15:38<1:12:49,  0.58it/s, v_num=-30E, loss/train=4.980]Epoch 0:  18%|█▊        | 549/3104 [15:38<1:12:49,  0.58it/s, v_num=-30E, loss/train=4.990]Epoch 0:  18%|█▊        | 550/3104 [15:45<1:13:09,  0.58it/s, v_num=-30E, loss/train=4.990]Epoch 0:  18%|█▊        | 550/3104 [15:45<1:13:09,  0.58it/s, v_num=-30E, loss/train=4.940]Epoch 0:  18%|█▊        | 551/3104 [15:45<1:13:00,  0.58it/s, v_num=-30E, loss/train=4.940]Epoch 0:  18%|█▊        | 551/3104 [15:45<1:13:00,  0.58it/s, v_num=-30E, loss/train=4.820]Epoch 0:  18%|█▊        | 552/3104 [15:47<1:13:01,  0.58it/s, v_num=-30E, loss/train=4.820]Epoch 0:  18%|█▊        | 552/3104 [15:47<1:13:01,  0.58it/s, v_num=-30E, loss/train=4.920]Epoch 0:  18%|█▊        | 553/3104 [15:47<1:12:52,  0.58it/s, v_num=-30E, loss/train=4.920]Epoch 0:  18%|█▊        | 553/3104 [15:47<1:12:53,  0.58it/s, v_num=-30E, loss/train=5.020]Epoch 0:  18%|█▊        | 554/3104 [15:48<1:12:44,  0.58it/s, v_num=-30E, loss/train=5.020]Epoch 0:  18%|█▊        | 554/3104 [15:48<1:12:44,  0.58it/s, v_num=-30E, loss/train=5.220]Epoch 0:  18%|█▊        | 555/3104 [15:54<1:13:04,  0.58it/s, v_num=-30E, loss/train=5.220]Epoch 0:  18%|█▊        | 555/3104 [15:54<1:13:04,  0.58it/s, v_num=-30E, loss/train=4.750]Epoch 0:  18%|█▊        | 556/3104 [15:54<1:12:55,  0.58it/s, v_num=-30E, loss/train=4.750]Epoch 0:  18%|█▊        | 556/3104 [15:54<1:12:56,  0.58it/s, v_num=-30E, loss/train=4.560]Epoch 0:  18%|█▊        | 557/3104 [15:55<1:12:47,  0.58it/s, v_num=-30E, loss/train=4.560]Epoch 0:  18%|█▊        | 557/3104 [15:55<1:12:47,  0.58it/s, v_num=-30E, loss/train=4.890]Epoch 0:  18%|█▊        | 558/3104 [15:55<1:12:38,  0.58it/s, v_num=-30E, loss/train=4.890]Epoch 0:  18%|█▊        | 558/3104 [15:55<1:12:38,  0.58it/s, v_num=-30E, loss/train=4.630]Epoch 0:  18%|█▊        | 559/3104 [15:55<1:12:29,  0.59it/s, v_num=-30E, loss/train=4.630]Epoch 0:  18%|█▊        | 559/3104 [15:55<1:12:30,  0.59it/s, v_num=-30E, loss/train=4.950]Epoch 0:  18%|█▊        | 560/3104 [15:57<1:12:29,  0.58it/s, v_num=-30E, loss/train=4.950]Epoch 0:  18%|█▊        | 560/3104 [15:57<1:12:29,  0.58it/s, v_num=-30E, loss/train=4.980]Epoch 0:  18%|█▊        | 561/3104 [15:57<1:12:20,  0.59it/s, v_num=-30E, loss/train=4.980]Epoch 0:  18%|█▊        | 561/3104 [15:57<1:12:21,  0.59it/s, v_num=-30E, loss/train=4.790]Epoch 0:  18%|█▊        | 562/3104 [16:00<1:12:22,  0.59it/s, v_num=-30E, loss/train=4.790]Epoch 0:  18%|█▊        | 562/3104 [16:00<1:12:22,  0.59it/s, v_num=-30E, loss/train=4.860]Epoch 0:  18%|█▊        | 563/3104 [16:00<1:12:13,  0.59it/s, v_num=-30E, loss/train=4.860]Epoch 0:  18%|█▊        | 563/3104 [16:00<1:12:13,  0.59it/s, v_num=-30E, loss/train=5.020]Epoch 0:  18%|█▊        | 564/3104 [16:00<1:12:05,  0.59it/s, v_num=-30E, loss/train=5.020]Epoch 0:  18%|█▊        | 564/3104 [16:00<1:12:05,  0.59it/s, v_num=-30E, loss/train=4.620]Epoch 0:  18%|█▊        | 565/3104 [16:08<1:12:32,  0.58it/s, v_num=-30E, loss/train=4.620]Epoch 0:  18%|█▊        | 565/3104 [16:08<1:12:32,  0.58it/s, v_num=-30E, loss/train=4.780]Epoch 0:  18%|█▊        | 566/3104 [16:08<1:12:23,  0.58it/s, v_num=-30E, loss/train=4.780]Epoch 0:  18%|█▊        | 566/3104 [16:08<1:12:23,  0.58it/s, v_num=-30E, loss/train=4.810]Epoch 0:  18%|█▊        | 567/3104 [16:09<1:12:17,  0.58it/s, v_num=-30E, loss/train=4.810]Epoch 0:  18%|█▊        | 567/3104 [16:09<1:12:18,  0.58it/s, v_num=-30E, loss/train=5.520]Epoch 0:  18%|█▊        | 568/3104 [16:09<1:12:09,  0.59it/s, v_num=-30E, loss/train=5.520]Epoch 0:  18%|█▊        | 568/3104 [16:09<1:12:09,  0.59it/s, v_num=-30E, loss/train=4.720]Epoch 0:  18%|█▊        | 569/3104 [16:09<1:12:01,  0.59it/s, v_num=-30E, loss/train=4.720]Epoch 0:  18%|█▊        | 569/3104 [16:09<1:12:01,  0.59it/s, v_num=-30E, loss/train=5.400]Epoch 0:  18%|█▊        | 570/3104 [16:19<1:12:32,  0.58it/s, v_num=-30E, loss/train=5.400]Epoch 0:  18%|█▊        | 570/3104 [16:19<1:12:32,  0.58it/s, v_num=-30E, loss/train=5.430]Epoch 0:  18%|█▊        | 571/3104 [16:19<1:12:23,  0.58it/s, v_num=-30E, loss/train=5.430]Epoch 0:  18%|█▊        | 571/3104 [16:19<1:12:24,  0.58it/s, v_num=-30E, loss/train=5.230]Epoch 0:  18%|█▊        | 572/3104 [16:19<1:12:17,  0.58it/s, v_num=-30E, loss/train=5.230]Epoch 0:  18%|█▊        | 572/3104 [16:19<1:12:17,  0.58it/s, v_num=-30E, loss/train=5.210]Epoch 0:  18%|█▊        | 573/3104 [16:20<1:12:09,  0.58it/s, v_num=-30E, loss/train=5.210]Epoch 0:  18%|█▊        | 573/3104 [16:20<1:12:09,  0.58it/s, v_num=-30E, loss/train=4.810]Epoch 0:  18%|█▊        | 574/3104 [16:20<1:12:00,  0.59it/s, v_num=-30E, loss/train=4.810]Epoch 0:  18%|█▊        | 574/3104 [16:20<1:12:00,  0.59it/s, v_num=-30E, loss/train=5.570]Epoch 0:  19%|█▊        | 575/3104 [16:25<1:12:16,  0.58it/s, v_num=-30E, loss/train=5.570]Epoch 0:  19%|█▊        | 575/3104 [16:25<1:12:16,  0.58it/s, v_num=-30E, loss/train=5.710]Epoch 0:  19%|█▊        | 576/3104 [16:26<1:12:07,  0.58it/s, v_num=-30E, loss/train=5.710]Epoch 0:  19%|█▊        | 576/3104 [16:26<1:12:08,  0.58it/s, v_num=-30E, loss/train=5.300]Epoch 0:  19%|█▊        | 577/3104 [16:29<1:12:15,  0.58it/s, v_num=-30E, loss/train=5.300]Epoch 0:  19%|█▊        | 577/3104 [16:29<1:12:15,  0.58it/s, v_num=-30E, loss/train=5.840]Epoch 0:  19%|█▊        | 578/3104 [16:30<1:12:07,  0.58it/s, v_num=-30E, loss/train=5.840]Epoch 0:  19%|█▊        | 578/3104 [16:30<1:12:07,  0.58it/s, v_num=-30E, loss/train=5.790]Epoch 0:  19%|█▊        | 579/3104 [16:30<1:11:58,  0.58it/s, v_num=-30E, loss/train=5.790]Epoch 0:  19%|█▊        | 579/3104 [16:30<1:11:59,  0.58it/s, v_num=-30E, loss/train=4.990]Epoch 0:  19%|█▊        | 580/3104 [16:35<1:12:12,  0.58it/s, v_num=-30E, loss/train=4.990]Epoch 0:  19%|█▊        | 580/3104 [16:35<1:12:12,  0.58it/s, v_num=-30E, loss/train=4.810]Epoch 0:  19%|█▊        | 581/3104 [16:35<1:12:03,  0.58it/s, v_num=-30E, loss/train=4.810]Epoch 0:  19%|█▊        | 581/3104 [16:35<1:12:04,  0.58it/s, v_num=-30E, loss/train=4.980]Epoch 0:  19%|█▉        | 582/3104 [16:37<1:12:01,  0.58it/s, v_num=-30E, loss/train=4.980]Epoch 0:  19%|█▉        | 582/3104 [16:37<1:12:01,  0.58it/s, v_num=-30E, loss/train=5.230]Epoch 0:  19%|█▉        | 583/3104 [16:37<1:11:52,  0.58it/s, v_num=-30E, loss/train=5.230]Epoch 0:  19%|█▉        | 583/3104 [16:37<1:11:53,  0.58it/s, v_num=-30E, loss/train=5.940]Epoch 0:  19%|█▉        | 584/3104 [16:37<1:11:44,  0.59it/s, v_num=-30E, loss/train=5.940]Epoch 0:  19%|█▉        | 584/3104 [16:37<1:11:44,  0.59it/s, v_num=-30E, loss/train=4.930]Epoch 0:  19%|█▉        | 585/3104 [16:47<1:12:19,  0.58it/s, v_num=-30E, loss/train=4.930]Epoch 0:  19%|█▉        | 585/3104 [16:47<1:12:19,  0.58it/s, v_num=-30E, loss/train=4.490]Epoch 0:  19%|█▉        | 586/3104 [16:47<1:12:10,  0.58it/s, v_num=-30E, loss/train=4.490]Epoch 0:  19%|█▉        | 586/3104 [16:47<1:12:11,  0.58it/s, v_num=-30E, loss/train=4.540]Epoch 0:  19%|█▉        | 587/3104 [16:48<1:12:02,  0.58it/s, v_num=-30E, loss/train=4.540]Epoch 0:  19%|█▉        | 587/3104 [16:48<1:12:02,  0.58it/s, v_num=-30E, loss/train=4.530]Epoch 0:  19%|█▉        | 588/3104 [16:48<1:11:54,  0.58it/s, v_num=-30E, loss/train=4.530]Epoch 0:  19%|█▉        | 588/3104 [16:48<1:11:54,  0.58it/s, v_num=-30E, loss/train=4.890]Epoch 0:  19%|█▉        | 589/3104 [16:48<1:11:46,  0.58it/s, v_num=-30E, loss/train=4.890]Epoch 0:  19%|█▉        | 589/3104 [16:48<1:11:46,  0.58it/s, v_num=-30E, loss/train=4.800]Epoch 0:  19%|█▉        | 590/3104 [16:57<1:12:14,  0.58it/s, v_num=-30E, loss/train=4.800]Epoch 0:  19%|█▉        | 590/3104 [16:57<1:12:14,  0.58it/s, v_num=-30E, loss/train=4.850]Epoch 0:  19%|█▉        | 591/3104 [16:57<1:12:06,  0.58it/s, v_num=-30E, loss/train=4.850]Epoch 0:  19%|█▉        | 591/3104 [16:57<1:12:06,  0.58it/s, v_num=-30E, loss/train=5.430]Epoch 0:  19%|█▉        | 592/3104 [16:57<1:11:58,  0.58it/s, v_num=-30E, loss/train=5.430]Epoch 0:  19%|█▉        | 592/3104 [16:57<1:11:59,  0.58it/s, v_num=-30E, loss/train=5.550]Epoch 0:  19%|█▉        | 593/3104 [16:58<1:11:50,  0.58it/s, v_num=-30E, loss/train=5.550]Epoch 0:  19%|█▉        | 593/3104 [16:58<1:11:50,  0.58it/s, v_num=-30E, loss/train=5.660]Epoch 0:  19%|█▉        | 594/3104 [16:58<1:11:42,  0.58it/s, v_num=-30E, loss/train=5.660]Epoch 0:  19%|█▉        | 594/3104 [16:58<1:11:42,  0.58it/s, v_num=-30E, loss/train=5.000]Epoch 0:  19%|█▉        | 595/3104 [17:01<1:11:48,  0.58it/s, v_num=-30E, loss/train=5.000]Epoch 0:  19%|█▉        | 595/3104 [17:01<1:11:48,  0.58it/s, v_num=-30E, loss/train=4.940]Epoch 0:  19%|█▉        | 596/3104 [17:01<1:11:40,  0.58it/s, v_num=-30E, loss/train=4.940]Epoch 0:  19%|█▉        | 596/3104 [17:01<1:11:40,  0.58it/s, v_num=-30E, loss/train=4.620]Epoch 0:  19%|█▉        | 597/3104 [17:02<1:11:32,  0.58it/s, v_num=-30E, loss/train=4.620]Epoch 0:  19%|█▉        | 597/3104 [17:02<1:11:32,  0.58it/s, v_num=-30E, loss/train=4.640]Epoch 0:  19%|█▉        | 598/3104 [17:02<1:11:23,  0.58it/s, v_num=-30E, loss/train=4.640]Epoch 0:  19%|█▉        | 598/3104 [17:02<1:11:24,  0.58it/s, v_num=-30E, loss/train=4.750]Epoch 0:  19%|█▉        | 599/3104 [17:02<1:11:15,  0.59it/s, v_num=-30E, loss/train=4.750]Epoch 0:  19%|█▉        | 599/3104 [17:02<1:11:16,  0.59it/s, v_num=-30E, loss/train=4.700]Epoch 0:  19%|█▉        | 600/3104 [17:13<1:11:51,  0.58it/s, v_num=-30E, loss/train=4.700]Epoch 0:  19%|█▉        | 600/3104 [17:13<1:11:51,  0.58it/s, v_num=-30E, loss/train=4.430]Epoch 0:  19%|█▉        | 601/3104 [17:13<1:11:43,  0.58it/s, v_num=-30E, loss/train=4.430]Epoch 0:  19%|█▉        | 601/3104 [17:13<1:11:43,  0.58it/s, v_num=-30E, loss/train=4.830]Epoch 0:  19%|█▉        | 602/3104 [17:13<1:11:35,  0.58it/s, v_num=-30E, loss/train=4.830]Epoch 0:  19%|█▉        | 602/3104 [17:13<1:11:35,  0.58it/s, v_num=-30E, loss/train=5.080]Epoch 0:  19%|█▉        | 603/3104 [17:13<1:11:27,  0.58it/s, v_num=-30E, loss/train=5.080]Epoch 0:  19%|█▉        | 603/3104 [17:13<1:11:27,  0.58it/s, v_num=-30E, loss/train=5.160]Epoch 0:  19%|█▉        | 604/3104 [17:13<1:11:18,  0.58it/s, v_num=-30E, loss/train=5.160]Epoch 0:  19%|█▉        | 604/3104 [17:13<1:11:19,  0.58it/s, v_num=-30E, loss/train=4.760]Epoch 0:  19%|█▉        | 605/3104 [17:24<1:11:54,  0.58it/s, v_num=-30E, loss/train=4.760]Epoch 0:  19%|█▉        | 605/3104 [17:24<1:11:54,  0.58it/s, v_num=-30E, loss/train=4.830]Epoch 0:  20%|█▉        | 606/3104 [17:24<1:11:46,  0.58it/s, v_num=-30E, loss/train=4.830]Epoch 0:  20%|█▉        | 606/3104 [17:24<1:11:46,  0.58it/s, v_num=-30E, loss/train=5.020]Epoch 0:  20%|█▉        | 607/3104 [17:24<1:11:38,  0.58it/s, v_num=-30E, loss/train=5.020]Epoch 0:  20%|█▉        | 607/3104 [17:24<1:11:38,  0.58it/s, v_num=-30E, loss/train=4.770]Epoch 0:  20%|█▉        | 608/3104 [17:25<1:11:30,  0.58it/s, v_num=-30E, loss/train=4.770]Epoch 0:  20%|█▉        | 608/3104 [17:25<1:11:30,  0.58it/s, v_num=-30E, loss/train=4.930]Epoch 0:  20%|█▉        | 609/3104 [17:25<1:11:22,  0.58it/s, v_num=-30E, loss/train=4.930]Epoch 0:  20%|█▉        | 609/3104 [17:25<1:11:22,  0.58it/s, v_num=-30E, loss/train=4.840]Epoch 0:  20%|█▉        | 610/3104 [17:30<1:11:36,  0.58it/s, v_num=-30E, loss/train=4.840]Epoch 0:  20%|█▉        | 610/3104 [17:30<1:11:36,  0.58it/s, v_num=-30E, loss/train=4.680]Epoch 0:  20%|█▉        | 611/3104 [17:31<1:11:28,  0.58it/s, v_num=-30E, loss/train=4.680]Epoch 0:  20%|█▉        | 611/3104 [17:31<1:11:28,  0.58it/s, v_num=-30E, loss/train=4.670]Epoch 0:  20%|█▉        | 612/3104 [17:31<1:11:20,  0.58it/s, v_num=-30E, loss/train=4.670]Epoch 0:  20%|█▉        | 612/3104 [17:31<1:11:20,  0.58it/s, v_num=-30E, loss/train=5.030]Epoch 0:  20%|█▉        | 613/3104 [17:31<1:11:12,  0.58it/s, v_num=-30E, loss/train=5.030]Epoch 0:  20%|█▉        | 613/3104 [17:31<1:11:12,  0.58it/s, v_num=-30E, loss/train=4.620]Epoch 0:  20%|█▉        | 614/3104 [17:31<1:11:04,  0.58it/s, v_num=-30E, loss/train=4.620]Epoch 0:  20%|█▉        | 614/3104 [17:31<1:11:05,  0.58it/s, v_num=-30E, loss/train=4.590]Epoch 0:  20%|█▉        | 615/3104 [17:39<1:11:29,  0.58it/s, v_num=-30E, loss/train=4.590]Epoch 0:  20%|█▉        | 615/3104 [17:39<1:11:29,  0.58it/s, v_num=-30E, loss/train=5.150]Epoch 0:  20%|█▉        | 616/3104 [17:40<1:11:21,  0.58it/s, v_num=-30E, loss/train=5.150]Epoch 0:  20%|█▉        | 616/3104 [17:40<1:11:21,  0.58it/s, v_num=-30E, loss/train=4.850]Epoch 0:  20%|█▉        | 617/3104 [17:40<1:11:13,  0.58it/s, v_num=-30E, loss/train=4.850]Epoch 0:  20%|█▉        | 617/3104 [17:40<1:11:13,  0.58it/s, v_num=-30E, loss/train=4.480]Epoch 0:  20%|█▉        | 618/3104 [17:40<1:11:05,  0.58it/s, v_num=-30E, loss/train=4.480]Epoch 0:  20%|█▉        | 618/3104 [17:40<1:11:05,  0.58it/s, v_num=-30E, loss/train=4.340]Epoch 0:  20%|█▉        | 619/3104 [17:40<1:10:57,  0.58it/s, v_num=-30E, loss/train=4.340]Epoch 0:  20%|█▉        | 619/3104 [17:40<1:10:58,  0.58it/s, v_num=-30E, loss/train=5.010]Epoch 0:  20%|█▉        | 620/3104 [17:49<1:11:23,  0.58it/s, v_num=-30E, loss/train=5.010]Epoch 0:  20%|█▉        | 620/3104 [17:49<1:11:23,  0.58it/s, v_num=-30E, loss/train=4.820]Epoch 0:  20%|██        | 621/3104 [17:49<1:11:15,  0.58it/s, v_num=-30E, loss/train=4.820]Epoch 0:  20%|██        | 621/3104 [17:49<1:11:15,  0.58it/s, v_num=-30E, loss/train=4.780]Epoch 0:  20%|██        | 622/3104 [17:49<1:11:07,  0.58it/s, v_num=-30E, loss/train=4.780]Epoch 0:  20%|██        | 622/3104 [17:49<1:11:08,  0.58it/s, v_num=-30E, loss/train=4.770]Epoch 0:  20%|██        | 623/3104 [17:49<1:11:00,  0.58it/s, v_num=-30E, loss/train=4.770]Epoch 0:  20%|██        | 623/3104 [17:49<1:11:00,  0.58it/s, v_num=-30E, loss/train=5.100]Epoch 0:  20%|██        | 624/3104 [17:49<1:10:52,  0.58it/s, v_num=-30E, loss/train=5.100]Epoch 0:  20%|██        | 624/3104 [17:49<1:10:52,  0.58it/s, v_num=-30E, loss/train=4.650]Epoch 0:  20%|██        | 625/3104 [17:56<1:11:11,  0.58it/s, v_num=-30E, loss/train=4.650]Epoch 0:  20%|██        | 625/3104 [17:56<1:11:11,  0.58it/s, v_num=-30E, loss/train=5.040]Epoch 0:  20%|██        | 626/3104 [17:57<1:11:03,  0.58it/s, v_num=-30E, loss/train=5.040]Epoch 0:  20%|██        | 626/3104 [17:57<1:11:03,  0.58it/s, v_num=-30E, loss/train=4.570]Epoch 0:  20%|██        | 627/3104 [17:57<1:10:55,  0.58it/s, v_num=-30E, loss/train=4.570]Epoch 0:  20%|██        | 627/3104 [17:57<1:10:55,  0.58it/s, v_num=-30E, loss/train=4.720]Epoch 0:  20%|██        | 628/3104 [17:57<1:10:47,  0.58it/s, v_num=-30E, loss/train=4.720]Epoch 0:  20%|██        | 628/3104 [17:57<1:10:48,  0.58it/s, v_num=-30E, loss/train=4.660]Epoch 0:  20%|██        | 629/3104 [17:57<1:10:40,  0.58it/s, v_num=-30E, loss/train=4.660]Epoch 0:  20%|██        | 629/3104 [17:57<1:10:40,  0.58it/s, v_num=-30E, loss/train=4.510]Epoch 0:  20%|██        | 630/3104 [18:07<1:11:08,  0.58it/s, v_num=-30E, loss/train=4.510]Epoch 0:  20%|██        | 630/3104 [18:07<1:11:08,  0.58it/s, v_num=-30E, loss/train=4.210]Epoch 0:  20%|██        | 631/3104 [18:07<1:11:00,  0.58it/s, v_num=-30E, loss/train=4.210]Epoch 0:  20%|██        | 631/3104 [18:07<1:11:01,  0.58it/s, v_num=-30E, loss/train=4.620]Epoch 0:  20%|██        | 632/3104 [18:07<1:10:53,  0.58it/s, v_num=-30E, loss/train=4.620]Epoch 0:  20%|██        | 632/3104 [18:07<1:10:53,  0.58it/s, v_num=-30E, loss/train=4.520]Epoch 0:  20%|██        | 633/3104 [18:07<1:10:45,  0.58it/s, v_num=-30E, loss/train=4.520]Epoch 0:  20%|██        | 633/3104 [18:07<1:10:45,  0.58it/s, v_num=-30E, loss/train=4.970]Epoch 0:  20%|██        | 634/3104 [18:07<1:10:37,  0.58it/s, v_num=-30E, loss/train=4.970]Epoch 0:  20%|██        | 634/3104 [18:07<1:10:38,  0.58it/s, v_num=-30E, loss/train=4.650]Epoch 0:  20%|██        | 635/3104 [18:17<1:11:06,  0.58it/s, v_num=-30E, loss/train=4.650]Epoch 0:  20%|██        | 635/3104 [18:17<1:11:06,  0.58it/s, v_num=-30E, loss/train=4.980]Epoch 0:  20%|██        | 636/3104 [18:17<1:10:59,  0.58it/s, v_num=-30E, loss/train=4.980]Epoch 0:  20%|██        | 636/3104 [18:17<1:10:59,  0.58it/s, v_num=-30E, loss/train=4.860]Epoch 0:  21%|██        | 637/3104 [18:17<1:10:51,  0.58it/s, v_num=-30E, loss/train=4.860]Epoch 0:  21%|██        | 637/3104 [18:17<1:10:52,  0.58it/s, v_num=-30E, loss/train=4.580]Epoch 0:  21%|██        | 638/3104 [18:18<1:10:44,  0.58it/s, v_num=-30E, loss/train=4.580]Epoch 0:  21%|██        | 638/3104 [18:18<1:10:44,  0.58it/s, v_num=-30E, loss/train=4.570]Epoch 0:  21%|██        | 639/3104 [18:18<1:10:36,  0.58it/s, v_num=-30E, loss/train=4.570]Epoch 0:  21%|██        | 639/3104 [18:18<1:10:36,  0.58it/s, v_num=-30E, loss/train=4.850]Epoch 0:  21%|██        | 640/3104 [18:25<1:10:55,  0.58it/s, v_num=-30E, loss/train=4.850]Epoch 0:  21%|██        | 640/3104 [18:25<1:10:56,  0.58it/s, v_num=-30E, loss/train=5.270]Epoch 0:  21%|██        | 641/3104 [18:25<1:10:48,  0.58it/s, v_num=-30E, loss/train=5.270]Epoch 0:  21%|██        | 641/3104 [18:25<1:10:48,  0.58it/s, v_num=-30E, loss/train=4.710]Epoch 0:  21%|██        | 642/3104 [18:25<1:10:40,  0.58it/s, v_num=-30E, loss/train=4.710]Epoch 0:  21%|██        | 642/3104 [18:25<1:10:40,  0.58it/s, v_num=-30E, loss/train=4.780]Epoch 0:  21%|██        | 643/3104 [18:25<1:10:33,  0.58it/s, v_num=-30E, loss/train=4.780]Epoch 0:  21%|██        | 643/3104 [18:26<1:10:33,  0.58it/s, v_num=-30E, loss/train=4.440]Epoch 0:  21%|██        | 644/3104 [18:26<1:10:26,  0.58it/s, v_num=-30E, loss/train=4.440]Epoch 0:  21%|██        | 644/3104 [18:26<1:10:26,  0.58it/s, v_num=-30E, loss/train=4.730]Epoch 0:  21%|██        | 645/3104 [18:37<1:10:58,  0.58it/s, v_num=-30E, loss/train=4.730]Epoch 0:  21%|██        | 645/3104 [18:37<1:10:58,  0.58it/s, v_num=-30E, loss/train=4.580]Epoch 0:  21%|██        | 646/3104 [18:37<1:10:51,  0.58it/s, v_num=-30E, loss/train=4.580]Epoch 0:  21%|██        | 646/3104 [18:37<1:10:51,  0.58it/s, v_num=-30E, loss/train=5.400]Epoch 0:  21%|██        | 647/3104 [18:37<1:10:43,  0.58it/s, v_num=-30E, loss/train=5.400]Epoch 0:  21%|██        | 647/3104 [18:37<1:10:43,  0.58it/s, v_num=-30E, loss/train=4.770]Epoch 0:  21%|██        | 648/3104 [18:37<1:10:35,  0.58it/s, v_num=-30E, loss/train=4.770]Epoch 0:  21%|██        | 648/3104 [18:37<1:10:35,  0.58it/s, v_num=-30E, loss/train=4.640]Epoch 0:  21%|██        | 649/3104 [18:37<1:10:28,  0.58it/s, v_num=-30E, loss/train=4.640]Epoch 0:  21%|██        | 649/3104 [18:37<1:10:28,  0.58it/s, v_num=-30E, loss/train=4.670]Epoch 0:  21%|██        | 650/3104 [18:46<1:10:52,  0.58it/s, v_num=-30E, loss/train=4.670]Epoch 0:  21%|██        | 650/3104 [18:46<1:10:53,  0.58it/s, v_num=-30E, loss/train=4.600]Epoch 0:  21%|██        | 651/3104 [18:46<1:10:45,  0.58it/s, v_num=-30E, loss/train=4.600]Epoch 0:  21%|██        | 651/3104 [18:46<1:10:45,  0.58it/s, v_num=-30E, loss/train=4.480]Epoch 0:  21%|██        | 652/3104 [18:46<1:10:37,  0.58it/s, v_num=-30E, loss/train=4.480]Epoch 0:  21%|██        | 652/3104 [18:46<1:10:37,  0.58it/s, v_num=-30E, loss/train=4.700]Epoch 0:  21%|██        | 653/3104 [18:47<1:10:30,  0.58it/s, v_num=-30E, loss/train=4.700]Epoch 0:  21%|██        | 653/3104 [18:47<1:10:30,  0.58it/s, v_num=-30E, loss/train=4.640]Epoch 0:  21%|██        | 654/3104 [18:47<1:10:22,  0.58it/s, v_num=-30E, loss/train=4.640]Epoch 0:  21%|██        | 654/3104 [18:47<1:10:22,  0.58it/s, v_num=-30E, loss/train=4.900]Epoch 0:  21%|██        | 655/3104 [18:54<1:10:43,  0.58it/s, v_num=-30E, loss/train=4.900]Epoch 0:  21%|██        | 655/3104 [18:54<1:10:43,  0.58it/s, v_num=-30E, loss/train=4.470]Epoch 0:  21%|██        | 656/3104 [18:55<1:10:35,  0.58it/s, v_num=-30E, loss/train=4.470]Epoch 0:  21%|██        | 656/3104 [18:55<1:10:35,  0.58it/s, v_num=-30E, loss/train=4.630]Epoch 0:  21%|██        | 657/3104 [18:55<1:10:28,  0.58it/s, v_num=-30E, loss/train=4.630]Epoch 0:  21%|██        | 657/3104 [18:55<1:10:28,  0.58it/s, v_num=-30E, loss/train=4.200]Epoch 0:  21%|██        | 658/3104 [18:55<1:10:20,  0.58it/s, v_num=-30E, loss/train=4.200]Epoch 0:  21%|██        | 658/3104 [18:55<1:10:20,  0.58it/s, v_num=-30E, loss/train=4.360]Epoch 0:  21%|██        | 659/3104 [18:55<1:10:13,  0.58it/s, v_num=-30E, loss/train=4.360]Epoch 0:  21%|██        | 659/3104 [18:55<1:10:13,  0.58it/s, v_num=-30E, loss/train=4.560]Epoch 0:  21%|██▏       | 660/3104 [19:01<1:10:26,  0.58it/s, v_num=-30E, loss/train=4.560]Epoch 0:  21%|██▏       | 660/3104 [19:01<1:10:26,  0.58it/s, v_num=-30E, loss/train=4.460]Epoch 0:  21%|██▏       | 661/3104 [19:01<1:10:18,  0.58it/s, v_num=-30E, loss/train=4.460]Epoch 0:  21%|██▏       | 661/3104 [19:01<1:10:19,  0.58it/s, v_num=-30E, loss/train=4.230]Epoch 0:  21%|██▏       | 662/3104 [19:01<1:10:11,  0.58it/s, v_num=-30E, loss/train=4.230]Epoch 0:  21%|██▏       | 662/3104 [19:01<1:10:11,  0.58it/s, v_num=-30E, loss/train=4.640]Epoch 0:  21%|██▏       | 663/3104 [19:01<1:10:04,  0.58it/s, v_num=-30E, loss/train=4.640]Epoch 0:  21%|██▏       | 663/3104 [19:01<1:10:04,  0.58it/s, v_num=-30E, loss/train=4.800]Epoch 0:  21%|██▏       | 664/3104 [19:02<1:09:56,  0.58it/s, v_num=-30E, loss/train=4.800]Epoch 0:  21%|██▏       | 664/3104 [19:02<1:09:56,  0.58it/s, v_num=-30E, loss/train=4.550]Epoch 0:  21%|██▏       | 665/3104 [19:12<1:10:27,  0.58it/s, v_num=-30E, loss/train=4.550]Epoch 0:  21%|██▏       | 665/3104 [19:12<1:10:28,  0.58it/s, v_num=-30E, loss/train=4.640]Epoch 0:  21%|██▏       | 666/3104 [19:12<1:10:20,  0.58it/s, v_num=-30E, loss/train=4.640]Epoch 0:  21%|██▏       | 666/3104 [19:12<1:10:20,  0.58it/s, v_num=-30E, loss/train=4.730]Epoch 0:  21%|██▏       | 667/3104 [19:13<1:10:13,  0.58it/s, v_num=-30E, loss/train=4.730]Epoch 0:  21%|██▏       | 667/3104 [19:13<1:10:13,  0.58it/s, v_num=-30E, loss/train=4.620]Epoch 0:  22%|██▏       | 668/3104 [19:13<1:10:05,  0.58it/s, v_num=-30E, loss/train=4.620]Epoch 0:  22%|██▏       | 668/3104 [19:13<1:10:06,  0.58it/s, v_num=-30E, loss/train=4.470]Epoch 0:  22%|██▏       | 669/3104 [19:13<1:09:58,  0.58it/s, v_num=-30E, loss/train=4.470]Epoch 0:  22%|██▏       | 669/3104 [19:13<1:09:58,  0.58it/s, v_num=-30E, loss/train=4.550]Epoch 0:  22%|██▏       | 670/3104 [19:22<1:10:23,  0.58it/s, v_num=-30E, loss/train=4.550]Epoch 0:  22%|██▏       | 670/3104 [19:22<1:10:23,  0.58it/s, v_num=-30E, loss/train=4.540]Epoch 0:  22%|██▏       | 671/3104 [19:22<1:10:16,  0.58it/s, v_num=-30E, loss/train=4.540]Epoch 0:  22%|██▏       | 671/3104 [19:22<1:10:16,  0.58it/s, v_num=-30E, loss/train=4.470]Epoch 0:  22%|██▏       | 672/3104 [19:22<1:10:08,  0.58it/s, v_num=-30E, loss/train=4.470]Epoch 0:  22%|██▏       | 672/3104 [19:23<1:10:09,  0.58it/s, v_num=-30E, loss/train=4.670]Epoch 0:  22%|██▏       | 673/3104 [19:23<1:10:02,  0.58it/s, v_num=-30E, loss/train=4.670]Epoch 0:  22%|██▏       | 673/3104 [19:23<1:10:02,  0.58it/s, v_num=-30E, loss/train=4.820]Epoch 0:  22%|██▏       | 674/3104 [19:23<1:09:55,  0.58it/s, v_num=-30E, loss/train=4.820]Epoch 0:  22%|██▏       | 674/3104 [19:23<1:09:55,  0.58it/s, v_num=-30E, loss/train=4.530]Epoch 0:  22%|██▏       | 675/3104 [19:30<1:10:11,  0.58it/s, v_num=-30E, loss/train=4.530]Epoch 0:  22%|██▏       | 675/3104 [19:30<1:10:11,  0.58it/s, v_num=-30E, loss/train=4.400]Epoch 0:  22%|██▏       | 676/3104 [19:30<1:10:04,  0.58it/s, v_num=-30E, loss/train=4.400]Epoch 0:  22%|██▏       | 676/3104 [19:30<1:10:04,  0.58it/s, v_num=-30E, loss/train=4.590]Epoch 0:  22%|██▏       | 677/3104 [19:30<1:09:56,  0.58it/s, v_num=-30E, loss/train=4.590]Epoch 0:  22%|██▏       | 677/3104 [19:30<1:09:57,  0.58it/s, v_num=-30E, loss/train=4.860]Epoch 0:  22%|██▏       | 678/3104 [19:30<1:09:49,  0.58it/s, v_num=-30E, loss/train=4.860]Epoch 0:  22%|██▏       | 678/3104 [19:30<1:09:49,  0.58it/s, v_num=-30E, loss/train=4.590]Epoch 0:  22%|██▏       | 679/3104 [19:31<1:09:42,  0.58it/s, v_num=-30E, loss/train=4.590]Epoch 0:  22%|██▏       | 679/3104 [19:31<1:09:42,  0.58it/s, v_num=-30E, loss/train=5.240]Epoch 0:  22%|██▏       | 680/3104 [19:40<1:10:09,  0.58it/s, v_num=-30E, loss/train=5.240]Epoch 0:  22%|██▏       | 680/3104 [19:40<1:10:09,  0.58it/s, v_num=-30E, loss/train=4.590]Epoch 0:  22%|██▏       | 681/3104 [19:40<1:10:01,  0.58it/s, v_num=-30E, loss/train=4.590]Epoch 0:  22%|██▏       | 681/3104 [19:41<1:10:02,  0.58it/s, v_num=-30E, loss/train=4.630]Epoch 0:  22%|██▏       | 682/3104 [19:41<1:09:54,  0.58it/s, v_num=-30E, loss/train=4.630]Epoch 0:  22%|██▏       | 682/3104 [19:41<1:09:54,  0.58it/s, v_num=-30E, loss/train=4.710]Epoch 0:  22%|██▏       | 683/3104 [19:41<1:09:47,  0.58it/s, v_num=-30E, loss/train=4.710]Epoch 0:  22%|██▏       | 683/3104 [19:41<1:09:47,  0.58it/s, v_num=-30E, loss/train=4.480]Epoch 0:  22%|██▏       | 684/3104 [19:41<1:09:40,  0.58it/s, v_num=-30E, loss/train=4.480]Epoch 0:  22%|██▏       | 684/3104 [19:41<1:09:40,  0.58it/s, v_num=-30E, loss/train=4.870]Epoch 0:  22%|██▏       | 685/3104 [19:48<1:09:58,  0.58it/s, v_num=-30E, loss/train=4.870]Epoch 0:  22%|██▏       | 685/3104 [19:48<1:09:58,  0.58it/s, v_num=-30E, loss/train=4.640]Epoch 0:  22%|██▏       | 686/3104 [19:49<1:09:50,  0.58it/s, v_num=-30E, loss/train=4.640]Epoch 0:  22%|██▏       | 686/3104 [19:49<1:09:51,  0.58it/s, v_num=-30E, loss/train=4.650]Epoch 0:  22%|██▏       | 687/3104 [19:49<1:09:43,  0.58it/s, v_num=-30E, loss/train=4.650]Epoch 0:  22%|██▏       | 687/3104 [19:49<1:09:43,  0.58it/s, v_num=-30E, loss/train=5.050]Epoch 0:  22%|██▏       | 688/3104 [19:49<1:09:37,  0.58it/s, v_num=-30E, loss/train=5.050]Epoch 0:  22%|██▏       | 688/3104 [19:49<1:09:37,  0.58it/s, v_num=-30E, loss/train=4.300]Epoch 0:  22%|██▏       | 689/3104 [19:49<1:09:30,  0.58it/s, v_num=-30E, loss/train=4.300]Epoch 0:  22%|██▏       | 689/3104 [19:49<1:09:30,  0.58it/s, v_num=-30E, loss/train=5.340]Epoch 0:  22%|██▏       | 690/3104 [19:58<1:09:53,  0.58it/s, v_num=-30E, loss/train=5.340]Epoch 0:  22%|██▏       | 690/3104 [19:58<1:09:54,  0.58it/s, v_num=-30E, loss/train=4.540]Epoch 0:  22%|██▏       | 691/3104 [19:58<1:09:46,  0.58it/s, v_num=-30E, loss/train=4.540]Epoch 0:  22%|██▏       | 691/3104 [19:58<1:09:46,  0.58it/s, v_num=-30E, loss/train=4.510]Epoch 0:  22%|██▏       | 692/3104 [19:59<1:09:39,  0.58it/s, v_num=-30E, loss/train=4.510]Epoch 0:  22%|██▏       | 692/3104 [19:59<1:09:39,  0.58it/s, v_num=-30E, loss/train=4.870]Epoch 0:  22%|██▏       | 693/3104 [19:59<1:09:32,  0.58it/s, v_num=-30E, loss/train=4.870]Epoch 0:  22%|██▏       | 693/3104 [19:59<1:09:32,  0.58it/s, v_num=-30E, loss/train=4.740]Epoch 0:  22%|██▏       | 694/3104 [19:59<1:09:25,  0.58it/s, v_num=-30E, loss/train=4.740]Epoch 0:  22%|██▏       | 694/3104 [19:59<1:09:25,  0.58it/s, v_num=-30E, loss/train=4.930]Epoch 0:  22%|██▏       | 695/3104 [20:07<1:09:44,  0.58it/s, v_num=-30E, loss/train=4.930]Epoch 0:  22%|██▏       | 695/3104 [20:07<1:09:44,  0.58it/s, v_num=-30E, loss/train=4.720]Epoch 0:  22%|██▏       | 696/3104 [20:07<1:09:37,  0.58it/s, v_num=-30E, loss/train=4.720]Epoch 0:  22%|██▏       | 696/3104 [20:07<1:09:37,  0.58it/s, v_num=-30E, loss/train=4.540]Epoch 0:  22%|██▏       | 697/3104 [20:09<1:09:36,  0.58it/s, v_num=-30E, loss/train=4.540]Epoch 0:  22%|██▏       | 697/3104 [20:09<1:09:37,  0.58it/s, v_num=-30E, loss/train=4.380]Epoch 0:  22%|██▏       | 698/3104 [20:09<1:09:29,  0.58it/s, v_num=-30E, loss/train=4.380]Epoch 0:  22%|██▏       | 698/3104 [20:09<1:09:30,  0.58it/s, v_num=-30E, loss/train=4.640]Epoch 0:  23%|██▎       | 699/3104 [20:09<1:09:22,  0.58it/s, v_num=-30E, loss/train=4.640]Epoch 0:  23%|██▎       | 699/3104 [20:09<1:09:23,  0.58it/s, v_num=-30E, loss/train=4.290]Epoch 0:  23%|██▎       | 700/3104 [20:18<1:09:46,  0.57it/s, v_num=-30E, loss/train=4.290]Epoch 0:  23%|██▎       | 700/3104 [20:18<1:09:46,  0.57it/s, v_num=-30E, loss/train=4.710]Epoch 0:  23%|██▎       | 701/3104 [20:19<1:09:39,  0.57it/s, v_num=-30E, loss/train=4.710]Epoch 0:  23%|██▎       | 701/3104 [20:19<1:09:39,  0.57it/s, v_num=-30E, loss/train=5.210]Epoch 0:  23%|██▎       | 702/3104 [20:20<1:09:36,  0.58it/s, v_num=-30E, loss/train=5.210]Epoch 0:  23%|██▎       | 702/3104 [20:20<1:09:36,  0.58it/s, v_num=-30E, loss/train=4.750]Epoch 0:  23%|██▎       | 703/3104 [20:20<1:09:29,  0.58it/s, v_num=-30E, loss/train=4.750]Epoch 0:  23%|██▎       | 703/3104 [20:20<1:09:29,  0.58it/s, v_num=-30E, loss/train=4.680]Epoch 0:  23%|██▎       | 704/3104 [20:20<1:09:22,  0.58it/s, v_num=-30E, loss/train=4.680]Epoch 0:  23%|██▎       | 704/3104 [20:20<1:09:22,  0.58it/s, v_num=-30E, loss/train=4.290]Epoch 0:  23%|██▎       | 705/3104 [20:27<1:09:38,  0.57it/s, v_num=-30E, loss/train=4.290]Epoch 0:  23%|██▎       | 705/3104 [20:28<1:09:38,  0.57it/s, v_num=-30E, loss/train=4.540]Epoch 0:  23%|██▎       | 706/3104 [20:28<1:09:31,  0.57it/s, v_num=-30E, loss/train=4.540]Epoch 0:  23%|██▎       | 706/3104 [20:28<1:09:31,  0.57it/s, v_num=-30E, loss/train=4.520]Epoch 0:  23%|██▎       | 707/3104 [20:28<1:09:26,  0.58it/s, v_num=-30E, loss/train=4.520]Epoch 0:  23%|██▎       | 707/3104 [20:29<1:09:26,  0.58it/s, v_num=-30E, loss/train=4.810]Epoch 0:  23%|██▎       | 708/3104 [20:29<1:09:19,  0.58it/s, v_num=-30E, loss/train=4.810]Epoch 0:  23%|██▎       | 708/3104 [20:29<1:09:19,  0.58it/s, v_num=-30E, loss/train=5.110]Epoch 0:  23%|██▎       | 709/3104 [20:29<1:09:12,  0.58it/s, v_num=-30E, loss/train=5.110]Epoch 0:  23%|██▎       | 709/3104 [20:29<1:09:12,  0.58it/s, v_num=-30E, loss/train=4.660]Epoch 0:  23%|██▎       | 710/3104 [20:37<1:09:33,  0.57it/s, v_num=-30E, loss/train=4.660]Epoch 0:  23%|██▎       | 710/3104 [20:37<1:09:33,  0.57it/s, v_num=-30E, loss/train=4.710]Epoch 0:  23%|██▎       | 711/3104 [20:37<1:09:26,  0.57it/s, v_num=-30E, loss/train=4.710]Epoch 0:  23%|██▎       | 711/3104 [20:37<1:09:26,  0.57it/s, v_num=-30E, loss/train=4.840]Epoch 0:  23%|██▎       | 712/3104 [20:38<1:09:19,  0.58it/s, v_num=-30E, loss/train=4.840]Epoch 0:  23%|██▎       | 712/3104 [20:38<1:09:19,  0.58it/s, v_num=-30E, loss/train=5.090]Epoch 0:  23%|██▎       | 713/3104 [20:38<1:09:12,  0.58it/s, v_num=-30E, loss/train=5.090]Epoch 0:  23%|██▎       | 713/3104 [20:38<1:09:12,  0.58it/s, v_num=-30E, loss/train=5.250]Epoch 0:  23%|██▎       | 714/3104 [20:38<1:09:05,  0.58it/s, v_num=-30E, loss/train=5.250]Epoch 0:  23%|██▎       | 714/3104 [20:38<1:09:05,  0.58it/s, v_num=-30E, loss/train=4.420]Epoch 0:  23%|██▎       | 715/3104 [20:47<1:09:27,  0.57it/s, v_num=-30E, loss/train=4.420]Epoch 0:  23%|██▎       | 715/3104 [20:47<1:09:27,  0.57it/s, v_num=-30E, loss/train=5.110]Epoch 0:  23%|██▎       | 716/3104 [20:47<1:09:20,  0.57it/s, v_num=-30E, loss/train=5.110]Epoch 0:  23%|██▎       | 716/3104 [20:47<1:09:20,  0.57it/s, v_num=-30E, loss/train=5.080]Epoch 0:  23%|██▎       | 717/3104 [20:47<1:09:13,  0.57it/s, v_num=-30E, loss/train=5.080]Epoch 0:  23%|██▎       | 717/3104 [20:47<1:09:13,  0.57it/s, v_num=-30E, loss/train=4.530]Epoch 0:  23%|██▎       | 718/3104 [20:47<1:09:06,  0.58it/s, v_num=-30E, loss/train=4.530]Epoch 0:  23%|██▎       | 718/3104 [20:47<1:09:06,  0.58it/s, v_num=-30E, loss/train=4.750]Epoch 0:  23%|██▎       | 719/3104 [20:47<1:08:59,  0.58it/s, v_num=-30E, loss/train=4.750]Epoch 0:  23%|██▎       | 719/3104 [20:48<1:08:59,  0.58it/s, v_num=-30E, loss/train=5.170]Epoch 0:  23%|██▎       | 720/3104 [20:55<1:09:17,  0.57it/s, v_num=-30E, loss/train=5.170]Epoch 0:  23%|██▎       | 720/3104 [20:55<1:09:17,  0.57it/s, v_num=-30E, loss/train=4.790]Epoch 0:  23%|██▎       | 721/3104 [20:55<1:09:10,  0.57it/s, v_num=-30E, loss/train=4.790]Epoch 0:  23%|██▎       | 721/3104 [20:55<1:09:10,  0.57it/s, v_num=-30E, loss/train=4.160]Epoch 0:  23%|██▎       | 722/3104 [20:55<1:09:03,  0.57it/s, v_num=-30E, loss/train=4.160]Epoch 0:  23%|██▎       | 722/3104 [20:55<1:09:03,  0.57it/s, v_num=-30E, loss/train=5.010]Epoch 0:  23%|██▎       | 723/3104 [20:56<1:08:56,  0.58it/s, v_num=-30E, loss/train=5.010]Epoch 0:  23%|██▎       | 723/3104 [20:56<1:08:56,  0.58it/s, v_num=-30E, loss/train=4.500]Epoch 0:  23%|██▎       | 724/3104 [20:56<1:08:49,  0.58it/s, v_num=-30E, loss/train=4.500]Epoch 0:  23%|██▎       | 724/3104 [20:56<1:08:49,  0.58it/s, v_num=-30E, loss/train=4.460]Epoch 0:  23%|██▎       | 725/3104 [21:05<1:09:11,  0.57it/s, v_num=-30E, loss/train=4.460]Epoch 0:  23%|██▎       | 725/3104 [21:05<1:09:11,  0.57it/s, v_num=-30E, loss/train=4.700]Epoch 0:  23%|██▎       | 726/3104 [21:05<1:09:04,  0.57it/s, v_num=-30E, loss/train=4.700]Epoch 0:  23%|██▎       | 726/3104 [21:05<1:09:04,  0.57it/s, v_num=-30E, loss/train=4.570]Epoch 0:  23%|██▎       | 727/3104 [21:05<1:08:57,  0.57it/s, v_num=-30E, loss/train=4.570]Epoch 0:  23%|██▎       | 727/3104 [21:05<1:08:57,  0.57it/s, v_num=-30E, loss/train=4.700]Epoch 0:  23%|██▎       | 728/3104 [21:05<1:08:50,  0.58it/s, v_num=-30E, loss/train=4.700]Epoch 0:  23%|██▎       | 728/3104 [21:05<1:08:50,  0.58it/s, v_num=-30E, loss/train=4.710]Epoch 0:  23%|██▎       | 729/3104 [21:05<1:08:43,  0.58it/s, v_num=-30E, loss/train=4.710]Epoch 0:  23%|██▎       | 729/3104 [21:05<1:08:43,  0.58it/s, v_num=-30E, loss/train=4.730]Epoch 0:  24%|██▎       | 730/3104 [21:12<1:08:58,  0.57it/s, v_num=-30E, loss/train=4.730]Epoch 0:  24%|██▎       | 730/3104 [21:12<1:08:58,  0.57it/s, v_num=-30E, loss/train=4.740]Epoch 0:  24%|██▎       | 731/3104 [21:12<1:08:51,  0.57it/s, v_num=-30E, loss/train=4.740]Epoch 0:  24%|██▎       | 731/3104 [21:12<1:08:51,  0.57it/s, v_num=-30E, loss/train=4.850]Epoch 0:  24%|██▎       | 732/3104 [21:12<1:08:44,  0.58it/s, v_num=-30E, loss/train=4.850]Epoch 0:  24%|██▎       | 732/3104 [21:13<1:08:45,  0.58it/s, v_num=-30E, loss/train=4.980]Epoch 0:  24%|██▎       | 733/3104 [21:13<1:08:38,  0.58it/s, v_num=-30E, loss/train=4.980]Epoch 0:  24%|██▎       | 733/3104 [21:13<1:08:38,  0.58it/s, v_num=-30E, loss/train=4.720]Epoch 0:  24%|██▎       | 734/3104 [21:13<1:08:31,  0.58it/s, v_num=-30E, loss/train=4.720]Epoch 0:  24%|██▎       | 734/3104 [21:13<1:08:31,  0.58it/s, v_num=-30E, loss/train=4.420]Epoch 0:  24%|██▎       | 735/3104 [21:22<1:08:54,  0.57it/s, v_num=-30E, loss/train=4.420]Epoch 0:  24%|██▎       | 735/3104 [21:22<1:08:54,  0.57it/s, v_num=-30E, loss/train=4.600]Epoch 0:  24%|██▎       | 736/3104 [21:22<1:08:47,  0.57it/s, v_num=-30E, loss/train=4.600]Epoch 0:  24%|██▎       | 736/3104 [21:22<1:08:47,  0.57it/s, v_num=-30E, loss/train=4.950]Epoch 0:  24%|██▎       | 737/3104 [21:23<1:08:40,  0.57it/s, v_num=-30E, loss/train=4.950]Epoch 0:  24%|██▎       | 737/3104 [21:23<1:08:40,  0.57it/s, v_num=-30E, loss/train=4.540]Epoch 0:  24%|██▍       | 738/3104 [21:23<1:08:33,  0.58it/s, v_num=-30E, loss/train=4.540]Epoch 0:  24%|██▍       | 738/3104 [21:23<1:08:34,  0.58it/s, v_num=-30E, loss/train=4.080]Epoch 0:  24%|██▍       | 739/3104 [21:23<1:08:27,  0.58it/s, v_num=-30E, loss/train=4.080]Epoch 0:  24%|██▍       | 739/3104 [21:23<1:08:27,  0.58it/s, v_num=-30E, loss/train=4.210]Epoch 0:  24%|██▍       | 740/3104 [21:31<1:08:45,  0.57it/s, v_num=-30E, loss/train=4.210]Epoch 0:  24%|██▍       | 740/3104 [21:31<1:08:45,  0.57it/s, v_num=-30E, loss/train=4.680]Epoch 0:  24%|██▍       | 741/3104 [21:31<1:08:38,  0.57it/s, v_num=-30E, loss/train=4.680]Epoch 0:  24%|██▍       | 741/3104 [21:31<1:08:38,  0.57it/s, v_num=-30E, loss/train=4.710]Epoch 0:  24%|██▍       | 742/3104 [21:31<1:08:31,  0.57it/s, v_num=-30E, loss/train=4.710]Epoch 0:  24%|██▍       | 742/3104 [21:31<1:08:31,  0.57it/s, v_num=-30E, loss/train=4.340]Epoch 0:  24%|██▍       | 743/3104 [21:31<1:08:24,  0.58it/s, v_num=-30E, loss/train=4.340]Epoch 0:  24%|██▍       | 743/3104 [21:31<1:08:25,  0.58it/s, v_num=-30E, loss/train=4.600]Epoch 0:  24%|██▍       | 744/3104 [21:32<1:08:18,  0.58it/s, v_num=-30E, loss/train=4.600]Epoch 0:  24%|██▍       | 744/3104 [21:32<1:08:18,  0.58it/s, v_num=-30E, loss/train=4.540]Epoch 0:  24%|██▍       | 745/3104 [21:40<1:08:37,  0.57it/s, v_num=-30E, loss/train=4.540]Epoch 0:  24%|██▍       | 745/3104 [21:40<1:08:37,  0.57it/s, v_num=-30E, loss/train=4.500]Epoch 0:  24%|██▍       | 746/3104 [21:40<1:08:31,  0.57it/s, v_num=-30E, loss/train=4.500]Epoch 0:  24%|██▍       | 746/3104 [21:40<1:08:31,  0.57it/s, v_num=-30E, loss/train=4.720]Epoch 0:  24%|██▍       | 747/3104 [21:40<1:08:24,  0.57it/s, v_num=-30E, loss/train=4.720]Epoch 0:  24%|██▍       | 747/3104 [21:40<1:08:24,  0.57it/s, v_num=-30E, loss/train=4.300]Epoch 0:  24%|██▍       | 748/3104 [21:41<1:08:17,  0.57it/s, v_num=-30E, loss/train=4.300]Epoch 0:  24%|██▍       | 748/3104 [21:41<1:08:18,  0.57it/s, v_num=-30E, loss/train=4.910]Epoch 0:  24%|██▍       | 749/3104 [21:41<1:08:11,  0.58it/s, v_num=-30E, loss/train=4.910]Epoch 0:  24%|██▍       | 749/3104 [21:41<1:08:11,  0.58it/s, v_num=-30E, loss/train=5.230]Epoch 0:  24%|██▍       | 750/3104 [21:50<1:08:32,  0.57it/s, v_num=-30E, loss/train=5.230]Epoch 0:  24%|██▍       | 750/3104 [21:50<1:08:32,  0.57it/s, v_num=-30E, loss/train=4.620]Epoch 0:  24%|██▍       | 751/3104 [21:50<1:08:25,  0.57it/s, v_num=-30E, loss/train=4.620]Epoch 0:  24%|██▍       | 751/3104 [21:50<1:08:25,  0.57it/s, v_num=-30E, loss/train=4.220]Epoch 0:  24%|██▍       | 752/3104 [21:50<1:08:19,  0.57it/s, v_num=-30E, loss/train=4.220]Epoch 0:  24%|██▍       | 752/3104 [21:50<1:08:19,  0.57it/s, v_num=-30E, loss/train=4.440]Epoch 0:  24%|██▍       | 753/3104 [21:50<1:08:12,  0.57it/s, v_num=-30E, loss/train=4.440]Epoch 0:  24%|██▍       | 753/3104 [21:50<1:08:12,  0.57it/s, v_num=-30E, loss/train=4.510]Epoch 0:  24%|██▍       | 754/3104 [21:51<1:08:06,  0.58it/s, v_num=-30E, loss/train=4.510]Epoch 0:  24%|██▍       | 754/3104 [21:51<1:08:06,  0.58it/s, v_num=-30E, loss/train=4.690]Epoch 0:  24%|██▍       | 755/3104 [21:59<1:08:24,  0.57it/s, v_num=-30E, loss/train=4.690]Epoch 0:  24%|██▍       | 755/3104 [21:59<1:08:24,  0.57it/s, v_num=-30E, loss/train=4.860]Epoch 0:  24%|██▍       | 756/3104 [21:59<1:08:17,  0.57it/s, v_num=-30E, loss/train=4.860]Epoch 0:  24%|██▍       | 756/3104 [21:59<1:08:17,  0.57it/s, v_num=-30E, loss/train=4.770]Epoch 0:  24%|██▍       | 757/3104 [21:59<1:08:11,  0.57it/s, v_num=-30E, loss/train=4.770]Epoch 0:  24%|██▍       | 757/3104 [21:59<1:08:11,  0.57it/s, v_num=-30E, loss/train=4.630]Epoch 0:  24%|██▍       | 758/3104 [21:59<1:08:04,  0.57it/s, v_num=-30E, loss/train=4.630]Epoch 0:  24%|██▍       | 758/3104 [21:59<1:08:04,  0.57it/s, v_num=-30E, loss/train=4.220]Epoch 0:  24%|██▍       | 759/3104 [21:59<1:07:58,  0.58it/s, v_num=-30E, loss/train=4.220]Epoch 0:  24%|██▍       | 759/3104 [21:59<1:07:58,  0.58it/s, v_num=-30E, loss/train=4.500]Epoch 0:  24%|██▍       | 760/3104 [22:09<1:08:20,  0.57it/s, v_num=-30E, loss/train=4.500]Epoch 0:  24%|██▍       | 760/3104 [22:09<1:08:20,  0.57it/s, v_num=-30E, loss/train=4.430]Epoch 0:  25%|██▍       | 761/3104 [22:09<1:08:13,  0.57it/s, v_num=-30E, loss/train=4.430]Epoch 0:  25%|██▍       | 761/3104 [22:09<1:08:14,  0.57it/s, v_num=-30E, loss/train=4.330]Epoch 0:  25%|██▍       | 762/3104 [22:09<1:08:07,  0.57it/s, v_num=-30E, loss/train=4.330]Epoch 0:  25%|██▍       | 762/3104 [22:09<1:08:07,  0.57it/s, v_num=-30E, loss/train=5.150]Epoch 0:  25%|██▍       | 763/3104 [22:10<1:08:00,  0.57it/s, v_num=-30E, loss/train=5.150]Epoch 0:  25%|██▍       | 763/3104 [22:10<1:08:00,  0.57it/s, v_num=-30E, loss/train=3.970]Epoch 0:  25%|██▍       | 764/3104 [22:10<1:07:54,  0.57it/s, v_num=-30E, loss/train=3.970]Epoch 0:  25%|██▍       | 764/3104 [22:10<1:07:54,  0.57it/s, v_num=-30E, loss/train=3.980]Epoch 0:  25%|██▍       | 765/3104 [22:19<1:08:14,  0.57it/s, v_num=-30E, loss/train=3.980]Epoch 0:  25%|██▍       | 765/3104 [22:19<1:08:15,  0.57it/s, v_num=-30E, loss/train=3.720]Epoch 0:  25%|██▍       | 766/3104 [22:19<1:08:08,  0.57it/s, v_num=-30E, loss/train=3.720]Epoch 0:  25%|██▍       | 766/3104 [22:19<1:08:08,  0.57it/s, v_num=-30E, loss/train=4.230]Epoch 0:  25%|██▍       | 767/3104 [22:19<1:08:01,  0.57it/s, v_num=-30E, loss/train=4.230]Epoch 0:  25%|██▍       | 767/3104 [22:19<1:08:02,  0.57it/s, v_num=-30E, loss/train=4.220]Epoch 0:  25%|██▍       | 768/3104 [22:19<1:07:55,  0.57it/s, v_num=-30E, loss/train=4.220]Epoch 0:  25%|██▍       | 768/3104 [22:19<1:07:55,  0.57it/s, v_num=-30E, loss/train=3.810]Epoch 0:  25%|██▍       | 769/3104 [22:20<1:07:48,  0.57it/s, v_num=-30E, loss/train=3.810]Epoch 0:  25%|██▍       | 769/3104 [22:20<1:07:48,  0.57it/s, v_num=-30E, loss/train=4.380]Epoch 0:  25%|██▍       | 770/3104 [22:27<1:08:04,  0.57it/s, v_num=-30E, loss/train=4.380]Epoch 0:  25%|██▍       | 770/3104 [22:27<1:08:04,  0.57it/s, v_num=-30E, loss/train=4.490]Epoch 0:  25%|██▍       | 771/3104 [22:27<1:07:58,  0.57it/s, v_num=-30E, loss/train=4.490]Epoch 0:  25%|██▍       | 771/3104 [22:27<1:07:58,  0.57it/s, v_num=-30E, loss/train=4.620]Epoch 0:  25%|██▍       | 772/3104 [22:27<1:07:51,  0.57it/s, v_num=-30E, loss/train=4.620]Epoch 0:  25%|██▍       | 772/3104 [22:27<1:07:51,  0.57it/s, v_num=-30E, loss/train=4.510]Epoch 0:  25%|██▍       | 773/3104 [22:28<1:07:45,  0.57it/s, v_num=-30E, loss/train=4.510]Epoch 0:  25%|██▍       | 773/3104 [22:28<1:07:45,  0.57it/s, v_num=-30E, loss/train=4.340]Epoch 0:  25%|██▍       | 774/3104 [22:28<1:07:38,  0.57it/s, v_num=-30E, loss/train=4.340]Epoch 0:  25%|██▍       | 774/3104 [22:28<1:07:38,  0.57it/s, v_num=-30E, loss/train=4.250]Epoch 0:  25%|██▍       | 775/3104 [22:37<1:07:59,  0.57it/s, v_num=-30E, loss/train=4.250]Epoch 0:  25%|██▍       | 775/3104 [22:37<1:07:59,  0.57it/s, v_num=-30E, loss/train=4.470]Epoch 0:  25%|██▌       | 776/3104 [22:37<1:07:52,  0.57it/s, v_num=-30E, loss/train=4.470]Epoch 0:  25%|██▌       | 776/3104 [22:37<1:07:52,  0.57it/s, v_num=-30E, loss/train=4.090]Epoch 0:  25%|██▌       | 777/3104 [22:37<1:07:46,  0.57it/s, v_num=-30E, loss/train=4.090]Epoch 0:  25%|██▌       | 777/3104 [22:37<1:07:46,  0.57it/s, v_num=-30E, loss/train=4.420]Epoch 0:  25%|██▌       | 778/3104 [22:37<1:07:39,  0.57it/s, v_num=-30E, loss/train=4.420]Epoch 0:  25%|██▌       | 778/3104 [22:38<1:07:40,  0.57it/s, v_num=-30E, loss/train=4.330]Epoch 0:  25%|██▌       | 779/3104 [22:38<1:07:33,  0.57it/s, v_num=-30E, loss/train=4.330]Epoch 0:  25%|██▌       | 779/3104 [22:38<1:07:33,  0.57it/s, v_num=-30E, loss/train=4.060]Epoch 0:  25%|██▌       | 780/3104 [22:42<1:07:39,  0.57it/s, v_num=-30E, loss/train=4.060]Epoch 0:  25%|██▌       | 780/3104 [22:42<1:07:39,  0.57it/s, v_num=-30E, loss/train=4.330]Epoch 0:  25%|██▌       | 781/3104 [22:42<1:07:33,  0.57it/s, v_num=-30E, loss/train=4.330]Epoch 0:  25%|██▌       | 781/3104 [22:42<1:07:33,  0.57it/s, v_num=-30E, loss/train=4.110]Epoch 0:  25%|██▌       | 782/3104 [22:42<1:07:26,  0.57it/s, v_num=-30E, loss/train=4.110]Epoch 0:  25%|██▌       | 782/3104 [22:42<1:07:26,  0.57it/s, v_num=-30E, loss/train=3.980]Epoch 0:  25%|██▌       | 783/3104 [22:43<1:07:20,  0.57it/s, v_num=-30E, loss/train=3.980]Epoch 0:  25%|██▌       | 783/3104 [22:43<1:07:20,  0.57it/s, v_num=-30E, loss/train=4.180]Epoch 0:  25%|██▌       | 784/3104 [22:43<1:07:14,  0.58it/s, v_num=-30E, loss/train=4.180]Epoch 0:  25%|██▌       | 784/3104 [22:43<1:07:14,  0.58it/s, v_num=-30E, loss/train=4.810]Epoch 0:  25%|██▌       | 785/3104 [22:53<1:07:36,  0.57it/s, v_num=-30E, loss/train=4.810]Epoch 0:  25%|██▌       | 785/3104 [22:53<1:07:36,  0.57it/s, v_num=-30E, loss/train=4.120]Epoch 0:  25%|██▌       | 786/3104 [22:53<1:07:29,  0.57it/s, v_num=-30E, loss/train=4.120]Epoch 0:  25%|██▌       | 786/3104 [22:53<1:07:29,  0.57it/s, v_num=-30E, loss/train=4.490]Epoch 0:  25%|██▌       | 787/3104 [22:53<1:07:23,  0.57it/s, v_num=-30E, loss/train=4.490]Epoch 0:  25%|██▌       | 787/3104 [22:53<1:07:23,  0.57it/s, v_num=-30E, loss/train=4.630]Epoch 0:  25%|██▌       | 788/3104 [22:53<1:07:17,  0.57it/s, v_num=-30E, loss/train=4.630]Epoch 0:  25%|██▌       | 788/3104 [22:53<1:07:17,  0.57it/s, v_num=-30E, loss/train=4.730]Epoch 0:  25%|██▌       | 789/3104 [22:53<1:07:10,  0.57it/s, v_num=-30E, loss/train=4.730]Epoch 0:  25%|██▌       | 789/3104 [22:53<1:07:11,  0.57it/s, v_num=-30E, loss/train=4.370]Epoch 0:  25%|██▌       | 790/3104 [23:02<1:07:30,  0.57it/s, v_num=-30E, loss/train=4.370]Epoch 0:  25%|██▌       | 790/3104 [23:02<1:07:30,  0.57it/s, v_num=-30E, loss/train=4.950]Epoch 0:  25%|██▌       | 791/3104 [23:02<1:07:24,  0.57it/s, v_num=-30E, loss/train=4.950]Epoch 0:  25%|██▌       | 791/3104 [23:03<1:07:24,  0.57it/s, v_num=-30E, loss/train=4.860]Epoch 0:  26%|██▌       | 792/3104 [23:04<1:07:20,  0.57it/s, v_num=-30E, loss/train=4.860]Epoch 0:  26%|██▌       | 792/3104 [23:04<1:07:21,  0.57it/s, v_num=-30E, loss/train=4.100]Epoch 0:  26%|██▌       | 793/3104 [23:04<1:07:14,  0.57it/s, v_num=-30E, loss/train=4.100]Epoch 0:  26%|██▌       | 793/3104 [23:04<1:07:14,  0.57it/s, v_num=-30E, loss/train=4.280]Epoch 0:  26%|██▌       | 794/3104 [23:04<1:07:08,  0.57it/s, v_num=-30E, loss/train=4.280]Epoch 0:  26%|██▌       | 794/3104 [23:04<1:07:08,  0.57it/s, v_num=-30E, loss/train=4.340]Epoch 0:  26%|██▌       | 795/3104 [23:12<1:07:25,  0.57it/s, v_num=-30E, loss/train=4.340]Epoch 0:  26%|██▌       | 795/3104 [23:13<1:07:25,  0.57it/s, v_num=-30E, loss/train=4.420]Epoch 0:  26%|██▌       | 796/3104 [23:13<1:07:19,  0.57it/s, v_num=-30E, loss/train=4.420]Epoch 0:  26%|██▌       | 796/3104 [23:13<1:07:19,  0.57it/s, v_num=-30E, loss/train=4.460]Epoch 0:  26%|██▌       | 797/3104 [23:14<1:07:15,  0.57it/s, v_num=-30E, loss/train=4.460]Epoch 0:  26%|██▌       | 797/3104 [23:14<1:07:16,  0.57it/s, v_num=-30E, loss/train=4.600]Epoch 0:  26%|██▌       | 798/3104 [23:14<1:07:09,  0.57it/s, v_num=-30E, loss/train=4.600]Epoch 0:  26%|██▌       | 798/3104 [23:14<1:07:09,  0.57it/s, v_num=-30E, loss/train=4.560]Epoch 0:  26%|██▌       | 799/3104 [23:14<1:07:03,  0.57it/s, v_num=-30E, loss/train=4.560]Epoch 0:  26%|██▌       | 799/3104 [23:14<1:07:03,  0.57it/s, v_num=-30E, loss/train=4.670]Epoch 0:  26%|██▌       | 800/3104 [23:22<1:07:18,  0.57it/s, v_num=-30E, loss/train=4.670]Epoch 0:  26%|██▌       | 800/3104 [23:22<1:07:18,  0.57it/s, v_num=-30E, loss/train=4.430]Epoch 0:  26%|██▌       | 801/3104 [23:22<1:07:11,  0.57it/s, v_num=-30E, loss/train=4.430]Epoch 0:  26%|██▌       | 801/3104 [23:22<1:07:12,  0.57it/s, v_num=-30E, loss/train=4.050]Epoch 0:  26%|██▌       | 802/3104 [23:24<1:07:11,  0.57it/s, v_num=-30E, loss/train=4.050]Epoch 0:  26%|██▌       | 802/3104 [23:24<1:07:11,  0.57it/s, v_num=-30E, loss/train=4.030]Epoch 0:  26%|██▌       | 803/3104 [23:24<1:07:05,  0.57it/s, v_num=-30E, loss/train=4.030]Epoch 0:  26%|██▌       | 803/3104 [23:24<1:07:05,  0.57it/s, v_num=-30E, loss/train=4.140]Epoch 0:  26%|██▌       | 804/3104 [23:24<1:06:58,  0.57it/s, v_num=-30E, loss/train=4.140]Epoch 0:  26%|██▌       | 804/3104 [23:24<1:06:59,  0.57it/s, v_num=-30E, loss/train=3.970]Epoch 0:  26%|██▌       | 805/3104 [23:32<1:07:14,  0.57it/s, v_num=-30E, loss/train=3.970]Epoch 0:  26%|██▌       | 805/3104 [23:32<1:07:14,  0.57it/s, v_num=-30E, loss/train=4.630]Epoch 0:  26%|██▌       | 806/3104 [23:32<1:07:08,  0.57it/s, v_num=-30E, loss/train=4.630]Epoch 0:  26%|██▌       | 806/3104 [23:32<1:07:08,  0.57it/s, v_num=-30E, loss/train=4.280]Epoch 0:  26%|██▌       | 807/3104 [23:33<1:07:01,  0.57it/s, v_num=-30E, loss/train=4.280]Epoch 0:  26%|██▌       | 807/3104 [23:33<1:07:02,  0.57it/s, v_num=-30E, loss/train=4.490]Epoch 0:  26%|██▌       | 808/3104 [23:33<1:06:55,  0.57it/s, v_num=-30E, loss/train=4.490]Epoch 0:  26%|██▌       | 808/3104 [23:33<1:06:55,  0.57it/s, v_num=-30E, loss/train=4.290]Epoch 0:  26%|██▌       | 809/3104 [23:33<1:06:49,  0.57it/s, v_num=-30E, loss/train=4.290]Epoch 0:  26%|██▌       | 809/3104 [23:33<1:06:49,  0.57it/s, v_num=-30E, loss/train=4.650]Epoch 0:  26%|██▌       | 810/3104 [23:41<1:07:04,  0.57it/s, v_num=-30E, loss/train=4.650]Epoch 0:  26%|██▌       | 810/3104 [23:41<1:07:04,  0.57it/s, v_num=-30E, loss/train=4.330]Epoch 0:  26%|██▌       | 811/3104 [23:41<1:06:58,  0.57it/s, v_num=-30E, loss/train=4.330]Epoch 0:  26%|██▌       | 811/3104 [23:41<1:06:58,  0.57it/s, v_num=-30E, loss/train=4.560]Epoch 0:  26%|██▌       | 812/3104 [23:41<1:06:52,  0.57it/s, v_num=-30E, loss/train=4.560]Epoch 0:  26%|██▌       | 812/3104 [23:41<1:06:52,  0.57it/s, v_num=-30E, loss/train=4.250]Epoch 0:  26%|██▌       | 813/3104 [23:41<1:06:46,  0.57it/s, v_num=-30E, loss/train=4.250]Epoch 0:  26%|██▌       | 813/3104 [23:41<1:06:46,  0.57it/s, v_num=-30E, loss/train=4.220]Epoch 0:  26%|██▌       | 814/3104 [23:41<1:06:40,  0.57it/s, v_num=-30E, loss/train=4.220]Epoch 0:  26%|██▌       | 814/3104 [23:41<1:06:40,  0.57it/s, v_num=-30E, loss/train=4.160]Epoch 0:  26%|██▋       | 815/3104 [23:51<1:06:59,  0.57it/s, v_num=-30E, loss/train=4.160]Epoch 0:  26%|██▋       | 815/3104 [23:51<1:07:00,  0.57it/s, v_num=-30E, loss/train=4.300]Epoch 0:  26%|██▋       | 816/3104 [23:51<1:06:53,  0.57it/s, v_num=-30E, loss/train=4.300]Epoch 0:  26%|██▋       | 816/3104 [23:51<1:06:53,  0.57it/s, v_num=-30E, loss/train=4.500]Epoch 0:  26%|██▋       | 817/3104 [23:52<1:06:49,  0.57it/s, v_num=-30E, loss/train=4.500]Epoch 0:  26%|██▋       | 817/3104 [23:52<1:06:49,  0.57it/s, v_num=-30E, loss/train=4.690]Epoch 0:  26%|██▋       | 818/3104 [23:52<1:06:43,  0.57it/s, v_num=-30E, loss/train=4.690]Epoch 0:  26%|██▋       | 818/3104 [23:52<1:06:43,  0.57it/s, v_num=-30E, loss/train=3.860]Epoch 0:  26%|██▋       | 819/3104 [23:52<1:06:37,  0.57it/s, v_num=-30E, loss/train=3.860]Epoch 0:  26%|██▋       | 819/3104 [23:52<1:06:37,  0.57it/s, v_num=-30E, loss/train=4.530]Epoch 0:  26%|██▋       | 820/3104 [24:00<1:06:52,  0.57it/s, v_num=-30E, loss/train=4.530]Epoch 0:  26%|██▋       | 820/3104 [24:00<1:06:52,  0.57it/s, v_num=-30E, loss/train=4.030]Epoch 0:  26%|██▋       | 821/3104 [24:00<1:06:45,  0.57it/s, v_num=-30E, loss/train=4.030]Epoch 0:  26%|██▋       | 821/3104 [24:00<1:06:46,  0.57it/s, v_num=-30E, loss/train=4.640]Epoch 0:  26%|██▋       | 822/3104 [24:00<1:06:39,  0.57it/s, v_num=-30E, loss/train=4.640]Epoch 0:  26%|██▋       | 822/3104 [24:00<1:06:39,  0.57it/s, v_num=-30E, loss/train=4.640]Epoch 0:  27%|██▋       | 823/3104 [24:00<1:06:33,  0.57it/s, v_num=-30E, loss/train=4.640]Epoch 0:  27%|██▋       | 823/3104 [24:01<1:06:33,  0.57it/s, v_num=-30E, loss/train=4.580]Epoch 0:  27%|██▋       | 824/3104 [24:01<1:06:28,  0.57it/s, v_num=-30E, loss/train=4.580]Epoch 0:  27%|██▋       | 824/3104 [24:01<1:06:28,  0.57it/s, v_num=-30E, loss/train=4.430]Epoch 0:  27%|██▋       | 825/3104 [24:08<1:06:41,  0.57it/s, v_num=-30E, loss/train=4.430]Epoch 0:  27%|██▋       | 825/3104 [24:08<1:06:42,  0.57it/s, v_num=-30E, loss/train=4.300]Epoch 0:  27%|██▋       | 826/3104 [24:08<1:06:35,  0.57it/s, v_num=-30E, loss/train=4.300]Epoch 0:  27%|██▋       | 826/3104 [24:08<1:06:35,  0.57it/s, v_num=-30E, loss/train=4.580]Epoch 0:  27%|██▋       | 827/3104 [24:13<1:06:41,  0.57it/s, v_num=-30E, loss/train=4.580]Epoch 0:  27%|██▋       | 827/3104 [24:13<1:06:42,  0.57it/s, v_num=-30E, loss/train=4.600]Epoch 0:  27%|██▋       | 828/3104 [24:13<1:06:35,  0.57it/s, v_num=-30E, loss/train=4.600]Epoch 0:  27%|██▋       | 828/3104 [24:13<1:06:36,  0.57it/s, v_num=-30E, loss/train=4.720]Epoch 0:  27%|██▋       | 829/3104 [24:13<1:06:29,  0.57it/s, v_num=-30E, loss/train=4.720]Epoch 0:  27%|██▋       | 829/3104 [24:13<1:06:29,  0.57it/s, v_num=-30E, loss/train=4.230]Epoch 0:  27%|██▋       | 830/3104 [24:15<1:06:27,  0.57it/s, v_num=-30E, loss/train=4.230]Epoch 0:  27%|██▋       | 830/3104 [24:15<1:06:27,  0.57it/s, v_num=-30E, loss/train=3.940]Epoch 0:  27%|██▋       | 831/3104 [24:15<1:06:21,  0.57it/s, v_num=-30E, loss/train=3.940]Epoch 0:  27%|██▋       | 831/3104 [24:15<1:06:21,  0.57it/s, v_num=-30E, loss/train=3.970]Epoch 0:  27%|██▋       | 832/3104 [24:23<1:06:35,  0.57it/s, v_num=-30E, loss/train=3.970]Epoch 0:  27%|██▋       | 832/3104 [24:23<1:06:35,  0.57it/s, v_num=-30E, loss/train=4.030]Epoch 0:  27%|██▋       | 833/3104 [24:23<1:06:29,  0.57it/s, v_num=-30E, loss/train=4.030]Epoch 0:  27%|██▋       | 833/3104 [24:23<1:06:29,  0.57it/s, v_num=-30E, loss/train=3.910]Epoch 0:  27%|██▋       | 834/3104 [24:23<1:06:23,  0.57it/s, v_num=-30E, loss/train=3.910]Epoch 0:  27%|██▋       | 834/3104 [24:23<1:06:23,  0.57it/s, v_num=-30E, loss/train=4.240]Epoch 0:  27%|██▋       | 835/3104 [24:23<1:06:17,  0.57it/s, v_num=-30E, loss/train=4.240]Epoch 0:  27%|██▋       | 835/3104 [24:23<1:06:17,  0.57it/s, v_num=-30E, loss/train=4.270]Epoch 0:  27%|██▋       | 836/3104 [24:23<1:06:11,  0.57it/s, v_num=-30E, loss/train=4.270]Epoch 0:  27%|██▋       | 836/3104 [24:24<1:06:11,  0.57it/s, v_num=-30E, loss/train=4.020]Epoch 0:  27%|██▋       | 837/3104 [24:29<1:06:20,  0.57it/s, v_num=-30E, loss/train=4.020]Epoch 0:  27%|██▋       | 837/3104 [24:29<1:06:20,  0.57it/s, v_num=-30E, loss/train=3.700]Epoch 0:  27%|██▋       | 838/3104 [24:29<1:06:14,  0.57it/s, v_num=-30E, loss/train=3.700]Epoch 0:  27%|██▋       | 838/3104 [24:29<1:06:14,  0.57it/s, v_num=-30E, loss/train=4.230]Epoch 0:  27%|██▋       | 839/3104 [24:30<1:06:09,  0.57it/s, v_num=-30E, loss/train=4.230]Epoch 0:  27%|██▋       | 839/3104 [24:30<1:06:09,  0.57it/s, v_num=-30E, loss/train=4.130]Epoch 0:  27%|██▋       | 840/3104 [24:31<1:06:05,  0.57it/s, v_num=-30E, loss/train=4.130]Epoch 0:  27%|██▋       | 840/3104 [24:31<1:06:05,  0.57it/s, v_num=-30E, loss/train=3.870]Epoch 0:  27%|██▋       | 841/3104 [24:31<1:05:59,  0.57it/s, v_num=-30E, loss/train=3.870]Epoch 0:  27%|██▋       | 841/3104 [24:31<1:05:59,  0.57it/s, v_num=-30E, loss/train=4.180]Epoch 0:  27%|██▋       | 842/3104 [24:41<1:06:19,  0.57it/s, v_num=-30E, loss/train=4.180]Epoch 0:  27%|██▋       | 842/3104 [24:41<1:06:19,  0.57it/s, v_num=-30E, loss/train=4.490]Epoch 0:  27%|██▋       | 843/3104 [24:41<1:06:14,  0.57it/s, v_num=-30E, loss/train=4.490]Epoch 0:  27%|██▋       | 843/3104 [24:41<1:06:14,  0.57it/s, v_num=-30E, loss/train=4.320]Epoch 0:  27%|██▋       | 844/3104 [24:42<1:06:08,  0.57it/s, v_num=-30E, loss/train=4.320]Epoch 0:  27%|██▋       | 844/3104 [24:42<1:06:08,  0.57it/s, v_num=-30E, loss/train=4.150]Epoch 0:  27%|██▋       | 845/3104 [24:42<1:06:02,  0.57it/s, v_num=-30E, loss/train=4.150]Epoch 0:  27%|██▋       | 845/3104 [24:42<1:06:02,  0.57it/s, v_num=-30E, loss/train=3.970]Epoch 0:  27%|██▋       | 846/3104 [24:42<1:05:56,  0.57it/s, v_num=-30E, loss/train=3.970]Epoch 0:  27%|██▋       | 846/3104 [24:42<1:05:56,  0.57it/s, v_num=-30E, loss/train=4.270]Epoch 0:  27%|██▋       | 847/3104 [24:51<1:06:14,  0.57it/s, v_num=-30E, loss/train=4.270]Epoch 0:  27%|██▋       | 847/3104 [24:51<1:06:14,  0.57it/s, v_num=-30E, loss/train=4.210]Epoch 0:  27%|██▋       | 848/3104 [24:52<1:06:09,  0.57it/s, v_num=-30E, loss/train=4.210]Epoch 0:  27%|██▋       | 848/3104 [24:52<1:06:09,  0.57it/s, v_num=-30E, loss/train=3.870]Epoch 0:  27%|██▋       | 849/3104 [24:52<1:06:03,  0.57it/s, v_num=-30E, loss/train=3.870]Epoch 0:  27%|██▋       | 849/3104 [24:52<1:06:03,  0.57it/s, v_num=-30E, loss/train=3.760]Epoch 0:  27%|██▋       | 850/3104 [24:52<1:05:57,  0.57it/s, v_num=-30E, loss/train=3.760]Epoch 0:  27%|██▋       | 850/3104 [24:52<1:05:57,  0.57it/s, v_num=-30E, loss/train=3.890]Epoch 0:  27%|██▋       | 851/3104 [24:52<1:05:51,  0.57it/s, v_num=-30E, loss/train=3.890]Epoch 0:  27%|██▋       | 851/3104 [24:52<1:05:51,  0.57it/s, v_num=-30E, loss/train=3.960]Epoch 0:  27%|██▋       | 852/3104 [25:00<1:06:05,  0.57it/s, v_num=-30E, loss/train=3.960]Epoch 0:  27%|██▋       | 852/3104 [25:00<1:06:05,  0.57it/s, v_num=-30E, loss/train=4.170]Epoch 0:  27%|██▋       | 853/3104 [25:00<1:05:59,  0.57it/s, v_num=-30E, loss/train=4.170]Epoch 0:  27%|██▋       | 853/3104 [25:00<1:06:00,  0.57it/s, v_num=-30E, loss/train=4.450]Epoch 0:  28%|██▊       | 854/3104 [25:00<1:05:54,  0.57it/s, v_num=-30E, loss/train=4.450]Epoch 0:  28%|██▊       | 854/3104 [25:00<1:05:54,  0.57it/s, v_num=-30E, loss/train=3.950]Epoch 0:  28%|██▊       | 855/3104 [25:02<1:05:51,  0.57it/s, v_num=-30E, loss/train=3.950]Epoch 0:  28%|██▊       | 855/3104 [25:02<1:05:51,  0.57it/s, v_num=-30E, loss/train=4.150]Epoch 0:  28%|██▊       | 856/3104 [25:02<1:05:46,  0.57it/s, v_num=-30E, loss/train=4.150]Epoch 0:  28%|██▊       | 856/3104 [25:02<1:05:47,  0.57it/s, v_num=-30E, loss/train=4.490]Epoch 0:  28%|██▊       | 857/3104 [25:11<1:06:02,  0.57it/s, v_num=-30E, loss/train=4.490]Epoch 0:  28%|██▊       | 857/3104 [25:11<1:06:02,  0.57it/s, v_num=-30E, loss/train=3.630]Epoch 0:  28%|██▊       | 858/3104 [25:11<1:05:57,  0.57it/s, v_num=-30E, loss/train=3.630]Epoch 0:  28%|██▊       | 858/3104 [25:11<1:05:57,  0.57it/s, v_num=-30E, loss/train=4.210]Epoch 0:  28%|██▊       | 859/3104 [25:11<1:05:51,  0.57it/s, v_num=-30E, loss/train=4.210]Epoch 0:  28%|██▊       | 859/3104 [25:12<1:05:51,  0.57it/s, v_num=-30E, loss/train=4.220]Epoch 0:  28%|██▊       | 860/3104 [25:13<1:05:48,  0.57it/s, v_num=-30E, loss/train=4.220]Epoch 0:  28%|██▊       | 860/3104 [25:13<1:05:48,  0.57it/s, v_num=-30E, loss/train=4.290]Epoch 0:  28%|██▊       | 861/3104 [25:13<1:05:42,  0.57it/s, v_num=-30E, loss/train=4.290]Epoch 0:  28%|██▊       | 861/3104 [25:13<1:05:43,  0.57it/s, v_num=-30E, loss/train=4.400]Epoch 0:  28%|██▊       | 862/3104 [25:21<1:05:56,  0.57it/s, v_num=-30E, loss/train=4.400]Epoch 0:  28%|██▊       | 862/3104 [25:21<1:05:56,  0.57it/s, v_num=-30E, loss/train=4.030]Epoch 0:  28%|██▊       | 863/3104 [25:21<1:05:51,  0.57it/s, v_num=-30E, loss/train=4.030]Epoch 0:  28%|██▊       | 863/3104 [25:21<1:05:51,  0.57it/s, v_num=-30E, loss/train=4.190]Epoch 0:  28%|██▊       | 864/3104 [25:21<1:05:45,  0.57it/s, v_num=-30E, loss/train=4.190]Epoch 0:  28%|██▊       | 864/3104 [25:21<1:05:45,  0.57it/s, v_num=-30E, loss/train=3.960]Epoch 0:  28%|██▊       | 865/3104 [25:22<1:05:39,  0.57it/s, v_num=-30E, loss/train=3.960]Epoch 0:  28%|██▊       | 865/3104 [25:22<1:05:40,  0.57it/s, v_num=-30E, loss/train=4.050]Epoch 0:  28%|██▊       | 866/3104 [25:22<1:05:34,  0.57it/s, v_num=-30E, loss/train=4.050]Epoch 0:  28%|██▊       | 866/3104 [25:22<1:05:34,  0.57it/s, v_num=-30E, loss/train=4.140]Epoch 0:  28%|██▊       | 867/3104 [25:30<1:05:48,  0.57it/s, v_num=-30E, loss/train=4.140]Epoch 0:  28%|██▊       | 867/3104 [25:30<1:05:48,  0.57it/s, v_num=-30E, loss/train=4.290]Epoch 0:  28%|██▊       | 868/3104 [25:30<1:05:42,  0.57it/s, v_num=-30E, loss/train=4.290]Epoch 0:  28%|██▊       | 868/3104 [25:30<1:05:42,  0.57it/s, v_num=-30E, loss/train=3.400]Epoch 0:  28%|██▊       | 869/3104 [25:30<1:05:36,  0.57it/s, v_num=-30E, loss/train=3.400]Epoch 0:  28%|██▊       | 869/3104 [25:30<1:05:36,  0.57it/s, v_num=-30E, loss/train=4.210]Epoch 0:  28%|██▊       | 870/3104 [25:30<1:05:30,  0.57it/s, v_num=-30E, loss/train=4.210]Epoch 0:  28%|██▊       | 870/3104 [25:30<1:05:31,  0.57it/s, v_num=-30E, loss/train=3.930]Epoch 0:  28%|██▊       | 871/3104 [25:31<1:05:25,  0.57it/s, v_num=-30E, loss/train=3.930]Epoch 0:  28%|██▊       | 871/3104 [25:31<1:05:25,  0.57it/s, v_num=-30E, loss/train=3.730]Epoch 0:  28%|██▊       | 872/3104 [25:39<1:05:39,  0.57it/s, v_num=-30E, loss/train=3.730]Epoch 0:  28%|██▊       | 872/3104 [25:39<1:05:39,  0.57it/s, v_num=-30E, loss/train=4.230]Epoch 0:  28%|██▊       | 873/3104 [25:39<1:05:34,  0.57it/s, v_num=-30E, loss/train=4.230]Epoch 0:  28%|██▊       | 873/3104 [25:39<1:05:34,  0.57it/s, v_num=-30E, loss/train=4.290]Epoch 0:  28%|██▊       | 874/3104 [25:39<1:05:28,  0.57it/s, v_num=-30E, loss/train=4.290]Epoch 0:  28%|██▊       | 874/3104 [25:39<1:05:28,  0.57it/s, v_num=-30E, loss/train=3.720]Epoch 0:  28%|██▊       | 875/3104 [25:39<1:05:22,  0.57it/s, v_num=-30E, loss/train=3.720]Epoch 0:  28%|██▊       | 875/3104 [25:39<1:05:22,  0.57it/s, v_num=-30E, loss/train=3.880]Epoch 0:  28%|██▊       | 876/3104 [25:40<1:05:17,  0.57it/s, v_num=-30E, loss/train=3.880]Epoch 0:  28%|██▊       | 876/3104 [25:40<1:05:17,  0.57it/s, v_num=-30E, loss/train=4.130]Epoch 0:  28%|██▊       | 877/3104 [25:46<1:05:26,  0.57it/s, v_num=-30E, loss/train=4.130]Epoch 0:  28%|██▊       | 877/3104 [25:46<1:05:26,  0.57it/s, v_num=-30E, loss/train=3.970]Epoch 0:  28%|██▊       | 878/3104 [25:46<1:05:20,  0.57it/s, v_num=-30E, loss/train=3.970]Epoch 0:  28%|██▊       | 878/3104 [25:46<1:05:20,  0.57it/s, v_num=-30E, loss/train=3.710]Epoch 0:  28%|██▊       | 879/3104 [25:46<1:05:15,  0.57it/s, v_num=-30E, loss/train=3.710]Epoch 0:  28%|██▊       | 879/3104 [25:46<1:05:15,  0.57it/s, v_num=-30E, loss/train=3.860]Epoch 0:  28%|██▊       | 880/3104 [25:46<1:05:09,  0.57it/s, v_num=-30E, loss/train=3.860]Epoch 0:  28%|██▊       | 880/3104 [25:46<1:05:09,  0.57it/s, v_num=-30E, loss/train=4.070]Epoch 0:  28%|██▊       | 881/3104 [25:47<1:05:03,  0.57it/s, v_num=-30E, loss/train=4.070]Epoch 0:  28%|██▊       | 881/3104 [25:47<1:05:03,  0.57it/s, v_num=-30E, loss/train=3.970]Epoch 0:  28%|██▊       | 882/3104 [25:56<1:05:21,  0.57it/s, v_num=-30E, loss/train=3.970]Epoch 0:  28%|██▊       | 882/3104 [25:56<1:05:21,  0.57it/s, v_num=-30E, loss/train=3.610]Epoch 0:  28%|██▊       | 883/3104 [25:56<1:05:15,  0.57it/s, v_num=-30E, loss/train=3.610]Epoch 0:  28%|██▊       | 883/3104 [25:56<1:05:15,  0.57it/s, v_num=-30E, loss/train=3.720]Epoch 0:  28%|██▊       | 884/3104 [25:56<1:05:09,  0.57it/s, v_num=-30E, loss/train=3.720]Epoch 0:  28%|██▊       | 884/3104 [25:56<1:05:09,  0.57it/s, v_num=-30E, loss/train=4.410]Epoch 0:  29%|██▊       | 885/3104 [25:57<1:05:04,  0.57it/s, v_num=-30E, loss/train=4.410]Epoch 0:  29%|██▊       | 885/3104 [25:57<1:05:04,  0.57it/s, v_num=-30E, loss/train=3.960]Epoch 0:  29%|██▊       | 886/3104 [25:57<1:04:58,  0.57it/s, v_num=-30E, loss/train=3.960]Epoch 0:  29%|██▊       | 886/3104 [25:57<1:04:58,  0.57it/s, v_num=-30E, loss/train=4.180]Epoch 0:  29%|██▊       | 887/3104 [26:03<1:05:08,  0.57it/s, v_num=-30E, loss/train=4.180]Epoch 0:  29%|██▊       | 887/3104 [26:03<1:05:08,  0.57it/s, v_num=-30E, loss/train=4.180]Epoch 0:  29%|██▊       | 888/3104 [26:04<1:05:03,  0.57it/s, v_num=-30E, loss/train=4.180]Epoch 0:  29%|██▊       | 888/3104 [26:04<1:05:03,  0.57it/s, v_num=-30E, loss/train=3.830]Epoch 0:  29%|██▊       | 889/3104 [26:04<1:04:57,  0.57it/s, v_num=-30E, loss/train=3.830]Epoch 0:  29%|██▊       | 889/3104 [26:04<1:04:57,  0.57it/s, v_num=-30E, loss/train=4.400]Epoch 0:  29%|██▊       | 890/3104 [26:04<1:04:51,  0.57it/s, v_num=-30E, loss/train=4.400]Epoch 0:  29%|██▊       | 890/3104 [26:04<1:04:51,  0.57it/s, v_num=-30E, loss/train=3.370]Epoch 0:  29%|██▊       | 891/3104 [26:04<1:04:46,  0.57it/s, v_num=-30E, loss/train=3.370]Epoch 0:  29%|██▊       | 891/3104 [26:04<1:04:46,  0.57it/s, v_num=-30E, loss/train=3.860]Epoch 0:  29%|██▊       | 892/3104 [26:14<1:05:03,  0.57it/s, v_num=-30E, loss/train=3.860]Epoch 0:  29%|██▊       | 892/3104 [26:14<1:05:03,  0.57it/s, v_num=-30E, loss/train=4.160]Epoch 0:  29%|██▉       | 893/3104 [26:14<1:04:57,  0.57it/s, v_num=-30E, loss/train=4.160]Epoch 0:  29%|██▉       | 893/3104 [26:14<1:04:57,  0.57it/s, v_num=-30E, loss/train=4.350]Epoch 0:  29%|██▉       | 894/3104 [26:14<1:04:52,  0.57it/s, v_num=-30E, loss/train=4.350]Epoch 0:  29%|██▉       | 894/3104 [26:14<1:04:52,  0.57it/s, v_num=-30E, loss/train=4.020]Epoch 0:  29%|██▉       | 895/3104 [26:16<1:04:50,  0.57it/s, v_num=-30E, loss/train=4.020]Epoch 0:  29%|██▉       | 895/3104 [26:16<1:04:50,  0.57it/s, v_num=-30E, loss/train=4.070]Epoch 0:  29%|██▉       | 896/3104 [26:16<1:04:44,  0.57it/s, v_num=-30E, loss/train=4.070]Epoch 0:  29%|██▉       | 896/3104 [26:16<1:04:44,  0.57it/s, v_num=-30E, loss/train=4.240]Epoch 0:  29%|██▉       | 897/3104 [26:23<1:04:56,  0.57it/s, v_num=-30E, loss/train=4.240]Epoch 0:  29%|██▉       | 897/3104 [26:23<1:04:56,  0.57it/s, v_num=-30E, loss/train=3.600]Epoch 0:  29%|██▉       | 898/3104 [26:24<1:04:51,  0.57it/s, v_num=-30E, loss/train=3.600]Epoch 0:  29%|██▉       | 898/3104 [26:24<1:04:51,  0.57it/s, v_num=-30E, loss/train=4.020]Epoch 0:  29%|██▉       | 899/3104 [26:24<1:04:45,  0.57it/s, v_num=-30E, loss/train=4.020]Epoch 0:  29%|██▉       | 899/3104 [26:24<1:04:45,  0.57it/s, v_num=-30E, loss/train=3.770]Epoch 0:  29%|██▉       | 900/3104 [26:27<1:04:46,  0.57it/s, v_num=-30E, loss/train=3.770]Epoch 0:  29%|██▉       | 900/3104 [26:27<1:04:46,  0.57it/s, v_num=-30E, loss/train=3.850]Epoch 0:  29%|██▉       | 901/3104 [26:27<1:04:41,  0.57it/s, v_num=-30E, loss/train=3.850]Epoch 0:  29%|██▉       | 901/3104 [26:27<1:04:41,  0.57it/s, v_num=-30E, loss/train=3.480]Epoch 0:  29%|██▉       | 902/3104 [26:33<1:04:49,  0.57it/s, v_num=-30E, loss/train=3.480]Epoch 0:  29%|██▉       | 902/3104 [26:33<1:04:49,  0.57it/s, v_num=-30E, loss/train=3.950]Epoch 0:  29%|██▉       | 903/3104 [26:33<1:04:43,  0.57it/s, v_num=-30E, loss/train=3.950]Epoch 0:  29%|██▉       | 903/3104 [26:33<1:04:44,  0.57it/s, v_num=-30E, loss/train=3.560]Epoch 0:  29%|██▉       | 904/3104 [26:33<1:04:38,  0.57it/s, v_num=-30E, loss/train=3.560]Epoch 0:  29%|██▉       | 904/3104 [26:33<1:04:38,  0.57it/s, v_num=-30E, loss/train=3.720]Epoch 0:  29%|██▉       | 905/3104 [26:39<1:04:45,  0.57it/s, v_num=-30E, loss/train=3.720]Epoch 0:  29%|██▉       | 905/3104 [26:39<1:04:45,  0.57it/s, v_num=-30E, loss/train=3.560]Epoch 0:  29%|██▉       | 906/3104 [26:39<1:04:39,  0.57it/s, v_num=-30E, loss/train=3.560]Epoch 0:  29%|██▉       | 906/3104 [26:39<1:04:40,  0.57it/s, v_num=-30E, loss/train=3.640]Epoch 0:  29%|██▉       | 907/3104 [26:41<1:04:39,  0.57it/s, v_num=-30E, loss/train=3.640]Epoch 0:  29%|██▉       | 907/3104 [26:41<1:04:39,  0.57it/s, v_num=-30E, loss/train=3.570]Epoch 0:  29%|██▉       | 908/3104 [26:41<1:04:33,  0.57it/s, v_num=-30E, loss/train=3.570]Epoch 0:  29%|██▉       | 908/3104 [26:41<1:04:33,  0.57it/s, v_num=-30E, loss/train=3.880]Epoch 0:  29%|██▉       | 909/3104 [26:41<1:04:28,  0.57it/s, v_num=-30E, loss/train=3.880]Epoch 0:  29%|██▉       | 909/3104 [26:41<1:04:28,  0.57it/s, v_num=-30E, loss/train=3.700]Epoch 0:  29%|██▉       | 910/3104 [26:48<1:04:37,  0.57it/s, v_num=-30E, loss/train=3.700]Epoch 0:  29%|██▉       | 910/3104 [26:48<1:04:37,  0.57it/s, v_num=-30E, loss/train=3.310]Epoch 0:  29%|██▉       | 911/3104 [26:48<1:04:32,  0.57it/s, v_num=-30E, loss/train=3.310]Epoch 0:  29%|██▉       | 911/3104 [26:48<1:04:32,  0.57it/s, v_num=-30E, loss/train=3.310]Epoch 0:  29%|██▉       | 912/3104 [26:48<1:04:26,  0.57it/s, v_num=-30E, loss/train=3.310]Epoch 0:  29%|██▉       | 912/3104 [26:48<1:04:26,  0.57it/s, v_num=-30E, loss/train=3.670]Epoch 0:  29%|██▉       | 913/3104 [26:49<1:04:21,  0.57it/s, v_num=-30E, loss/train=3.670]Epoch 0:  29%|██▉       | 913/3104 [26:49<1:04:21,  0.57it/s, v_num=-30E, loss/train=3.460]Epoch 0:  29%|██▉       | 914/3104 [26:49<1:04:15,  0.57it/s, v_num=-30E, loss/train=3.460]Epoch 0:  29%|██▉       | 914/3104 [26:49<1:04:15,  0.57it/s, v_num=-30E, loss/train=3.800]Epoch 0:  29%|██▉       | 915/3104 [26:58<1:04:31,  0.57it/s, v_num=-30E, loss/train=3.800]Epoch 0:  29%|██▉       | 915/3104 [26:58<1:04:31,  0.57it/s, v_num=-30E, loss/train=3.600]Epoch 0:  30%|██▉       | 916/3104 [26:58<1:04:26,  0.57it/s, v_num=-30E, loss/train=3.600]Epoch 0:  30%|██▉       | 916/3104 [26:58<1:04:26,  0.57it/s, v_num=-30E, loss/train=3.380]Epoch 0:  30%|██▉       | 917/3104 [26:58<1:04:20,  0.57it/s, v_num=-30E, loss/train=3.380]Epoch 0:  30%|██▉       | 917/3104 [26:58<1:04:20,  0.57it/s, v_num=-30E, loss/train=3.780]Epoch 0:  30%|██▉       | 918/3104 [26:58<1:04:15,  0.57it/s, v_num=-30E, loss/train=3.780]Epoch 0:  30%|██▉       | 918/3104 [26:58<1:04:15,  0.57it/s, v_num=-30E, loss/train=3.680]Epoch 0:  30%|██▉       | 919/3104 [26:59<1:04:09,  0.57it/s, v_num=-30E, loss/train=3.680]Epoch 0:  30%|██▉       | 919/3104 [26:59<1:04:09,  0.57it/s, v_num=-30E, loss/train=3.640]Epoch 0:  30%|██▉       | 920/3104 [27:08<1:04:25,  0.56it/s, v_num=-30E, loss/train=3.640]Epoch 0:  30%|██▉       | 920/3104 [27:08<1:04:25,  0.56it/s, v_num=-30E, loss/train=3.440]Epoch 0:  30%|██▉       | 921/3104 [27:08<1:04:20,  0.57it/s, v_num=-30E, loss/train=3.440]Epoch 0:  30%|██▉       | 921/3104 [27:08<1:04:20,  0.57it/s, v_num=-30E, loss/train=3.770]Epoch 0:  30%|██▉       | 922/3104 [27:08<1:04:14,  0.57it/s, v_num=-30E, loss/train=3.770]Epoch 0:  30%|██▉       | 922/3104 [27:08<1:04:14,  0.57it/s, v_num=-30E, loss/train=3.440]Epoch 0:  30%|██▉       | 923/3104 [27:09<1:04:09,  0.57it/s, v_num=-30E, loss/train=3.440]Epoch 0:  30%|██▉       | 923/3104 [27:09<1:04:09,  0.57it/s, v_num=-30E, loss/train=3.810]Epoch 0:  30%|██▉       | 924/3104 [27:09<1:04:03,  0.57it/s, v_num=-30E, loss/train=3.810]Epoch 0:  30%|██▉       | 924/3104 [27:09<1:04:03,  0.57it/s, v_num=-30E, loss/train=4.390]Epoch 0:  30%|██▉       | 925/3104 [27:18<1:04:20,  0.56it/s, v_num=-30E, loss/train=4.390]Epoch 0:  30%|██▉       | 925/3104 [27:18<1:04:20,  0.56it/s, v_num=-30E, loss/train=3.420]Epoch 0:  30%|██▉       | 926/3104 [27:18<1:04:14,  0.56it/s, v_num=-30E, loss/train=3.420]Epoch 0:  30%|██▉       | 926/3104 [27:18<1:04:14,  0.56it/s, v_num=-30E, loss/train=3.600]Epoch 0:  30%|██▉       | 927/3104 [27:19<1:04:09,  0.57it/s, v_num=-30E, loss/train=3.600]Epoch 0:  30%|██▉       | 927/3104 [27:19<1:04:09,  0.57it/s, v_num=-30E, loss/train=4.060]Epoch 0:  30%|██▉       | 928/3104 [27:19<1:04:03,  0.57it/s, v_num=-30E, loss/train=4.060]Epoch 0:  30%|██▉       | 928/3104 [27:19<1:04:04,  0.57it/s, v_num=-30E, loss/train=3.600]Epoch 0:  30%|██▉       | 929/3104 [27:19<1:03:58,  0.57it/s, v_num=-30E, loss/train=3.600]Epoch 0:  30%|██▉       | 929/3104 [27:19<1:03:58,  0.57it/s, v_num=-30E, loss/train=4.260]Epoch 0:  30%|██▉       | 930/3104 [27:26<1:04:09,  0.56it/s, v_num=-30E, loss/train=4.260]Epoch 0:  30%|██▉       | 930/3104 [27:26<1:04:10,  0.56it/s, v_num=-30E, loss/train=3.460]Epoch 0:  30%|██▉       | 931/3104 [27:27<1:04:04,  0.57it/s, v_num=-30E, loss/train=3.460]Epoch 0:  30%|██▉       | 931/3104 [27:27<1:04:04,  0.57it/s, v_num=-30E, loss/train=4.040]Epoch 0:  30%|███       | 932/3104 [27:27<1:03:59,  0.57it/s, v_num=-30E, loss/train=4.040]Epoch 0:  30%|███       | 932/3104 [27:27<1:03:59,  0.57it/s, v_num=-30E, loss/train=3.720]Epoch 0:  30%|███       | 933/3104 [27:27<1:03:53,  0.57it/s, v_num=-30E, loss/train=3.720]Epoch 0:  30%|███       | 933/3104 [27:27<1:03:53,  0.57it/s, v_num=-30E, loss/train=4.260]Epoch 0:  30%|███       | 934/3104 [27:27<1:03:48,  0.57it/s, v_num=-30E, loss/train=4.260]Epoch 0:  30%|███       | 934/3104 [27:27<1:03:48,  0.57it/s, v_num=-30E, loss/train=4.190]Epoch 0:  30%|███       | 935/3104 [27:37<1:04:04,  0.56it/s, v_num=-30E, loss/train=4.190]Epoch 0:  30%|███       | 935/3104 [27:37<1:04:04,  0.56it/s, v_num=-30E, loss/train=3.630]Epoch 0:  30%|███       | 936/3104 [27:37<1:03:58,  0.56it/s, v_num=-30E, loss/train=3.630]Epoch 0:  30%|███       | 936/3104 [27:37<1:03:58,  0.56it/s, v_num=-30E, loss/train=3.370]Epoch 0:  30%|███       | 937/3104 [27:37<1:03:53,  0.57it/s, v_num=-30E, loss/train=3.370]Epoch 0:  30%|███       | 937/3104 [27:37<1:03:53,  0.57it/s, v_num=-30E, loss/train=4.530]Epoch 0:  30%|███       | 938/3104 [27:37<1:03:47,  0.57it/s, v_num=-30E, loss/train=4.530]Epoch 0:  30%|███       | 938/3104 [27:37<1:03:48,  0.57it/s, v_num=-30E, loss/train=3.750]Epoch 0:  30%|███       | 939/3104 [27:37<1:03:42,  0.57it/s, v_num=-30E, loss/train=3.750]Epoch 0:  30%|███       | 939/3104 [27:37<1:03:42,  0.57it/s, v_num=-30E, loss/train=4.010]Epoch 0:  30%|███       | 940/3104 [27:46<1:03:56,  0.56it/s, v_num=-30E, loss/train=4.010]Epoch 0:  30%|███       | 940/3104 [27:46<1:03:56,  0.56it/s, v_num=-30E, loss/train=3.680]Epoch 0:  30%|███       | 941/3104 [27:46<1:03:51,  0.56it/s, v_num=-30E, loss/train=3.680]Epoch 0:  30%|███       | 941/3104 [27:46<1:03:51,  0.56it/s, v_num=-30E, loss/train=4.150]Epoch 0:  30%|███       | 942/3104 [27:47<1:03:45,  0.57it/s, v_num=-30E, loss/train=4.150]Epoch 0:  30%|███       | 942/3104 [27:47<1:03:46,  0.57it/s, v_num=-30E, loss/train=3.530]Epoch 0:  30%|███       | 943/3104 [27:47<1:03:40,  0.57it/s, v_num=-30E, loss/train=3.530]Epoch 0:  30%|███       | 943/3104 [27:47<1:03:40,  0.57it/s, v_num=-30E, loss/train=3.790]Epoch 0:  30%|███       | 944/3104 [27:47<1:03:35,  0.57it/s, v_num=-30E, loss/train=3.790]Epoch 0:  30%|███       | 944/3104 [27:47<1:03:35,  0.57it/s, v_num=-30E, loss/train=4.400]Epoch 0:  30%|███       | 945/3104 [27:56<1:03:49,  0.56it/s, v_num=-30E, loss/train=4.400]Epoch 0:  30%|███       | 945/3104 [27:56<1:03:49,  0.56it/s, v_num=-30E, loss/train=3.390]Epoch 0:  30%|███       | 946/3104 [27:56<1:03:43,  0.56it/s, v_num=-30E, loss/train=3.390]Epoch 0:  30%|███       | 946/3104 [27:56<1:03:44,  0.56it/s, v_num=-30E, loss/train=4.390]Epoch 0:  31%|███       | 947/3104 [27:56<1:03:38,  0.56it/s, v_num=-30E, loss/train=4.390]Epoch 0:  31%|███       | 947/3104 [27:56<1:03:38,  0.56it/s, v_num=-30E, loss/train=3.900]Epoch 0:  31%|███       | 948/3104 [27:56<1:03:33,  0.57it/s, v_num=-30E, loss/train=3.900]Epoch 0:  31%|███       | 948/3104 [27:56<1:03:33,  0.57it/s, v_num=-30E, loss/train=3.850]Epoch 0:  31%|███       | 949/3104 [27:56<1:03:27,  0.57it/s, v_num=-30E, loss/train=3.850]Epoch 0:  31%|███       | 949/3104 [27:56<1:03:27,  0.57it/s, v_num=-30E, loss/train=3.740]Epoch 0:  31%|███       | 950/3104 [28:05<1:03:41,  0.56it/s, v_num=-30E, loss/train=3.740]Epoch 0:  31%|███       | 950/3104 [28:05<1:03:41,  0.56it/s, v_num=-30E, loss/train=3.400]Epoch 0:  31%|███       | 951/3104 [28:05<1:03:36,  0.56it/s, v_num=-30E, loss/train=3.400]Epoch 0:  31%|███       | 951/3104 [28:05<1:03:36,  0.56it/s, v_num=-30E, loss/train=3.370]Epoch 0:  31%|███       | 952/3104 [28:05<1:03:30,  0.56it/s, v_num=-30E, loss/train=3.370]Epoch 0:  31%|███       | 952/3104 [28:05<1:03:30,  0.56it/s, v_num=-30E, loss/train=3.770]Epoch 0:  31%|███       | 953/3104 [28:05<1:03:25,  0.57it/s, v_num=-30E, loss/train=3.770]Epoch 0:  31%|███       | 953/3104 [28:06<1:03:25,  0.57it/s, v_num=-30E, loss/train=3.720]Epoch 0:  31%|███       | 954/3104 [28:06<1:03:20,  0.57it/s, v_num=-30E, loss/train=3.720]Epoch 0:  31%|███       | 954/3104 [28:06<1:03:20,  0.57it/s, v_num=-30E, loss/train=3.800]Epoch 0:  31%|███       | 955/3104 [28:14<1:03:32,  0.56it/s, v_num=-30E, loss/train=3.800]Epoch 0:  31%|███       | 955/3104 [28:14<1:03:32,  0.56it/s, v_num=-30E, loss/train=3.400]Epoch 0:  31%|███       | 956/3104 [28:14<1:03:27,  0.56it/s, v_num=-30E, loss/train=3.400]Epoch 0:  31%|███       | 956/3104 [28:14<1:03:27,  0.56it/s, v_num=-30E, loss/train=3.830]Epoch 0:  31%|███       | 957/3104 [28:14<1:03:22,  0.56it/s, v_num=-30E, loss/train=3.830]Epoch 0:  31%|███       | 957/3104 [28:14<1:03:22,  0.56it/s, v_num=-30E, loss/train=3.860]Epoch 0:  31%|███       | 958/3104 [28:14<1:03:16,  0.57it/s, v_num=-30E, loss/train=3.860]Epoch 0:  31%|███       | 958/3104 [28:14<1:03:16,  0.57it/s, v_num=-30E, loss/train=3.300]Epoch 0:  31%|███       | 959/3104 [28:15<1:03:11,  0.57it/s, v_num=-30E, loss/train=3.300]Epoch 0:  31%|███       | 959/3104 [28:15<1:03:11,  0.57it/s, v_num=-30E, loss/train=3.580]Epoch 0:  31%|███       | 960/3104 [28:24<1:03:25,  0.56it/s, v_num=-30E, loss/train=3.580]Epoch 0:  31%|███       | 960/3104 [28:24<1:03:25,  0.56it/s, v_num=-30E, loss/train=3.580]Epoch 0:  31%|███       | 961/3104 [28:24<1:03:20,  0.56it/s, v_num=-30E, loss/train=3.580]Epoch 0:  31%|███       | 961/3104 [28:24<1:03:20,  0.56it/s, v_num=-30E, loss/train=3.690]Epoch 0:  31%|███       | 962/3104 [28:24<1:03:15,  0.56it/s, v_num=-30E, loss/train=3.690]Epoch 0:  31%|███       | 962/3104 [28:24<1:03:15,  0.56it/s, v_num=-30E, loss/train=3.420]Epoch 0:  31%|███       | 963/3104 [28:24<1:03:09,  0.56it/s, v_num=-30E, loss/train=3.420]Epoch 0:  31%|███       | 963/3104 [28:24<1:03:09,  0.56it/s, v_num=-30E, loss/train=3.580]Epoch 0:  31%|███       | 964/3104 [28:24<1:03:04,  0.57it/s, v_num=-30E, loss/train=3.580]Epoch 0:  31%|███       | 964/3104 [28:24<1:03:04,  0.57it/s, v_num=-30E, loss/train=3.990]Epoch 0:  31%|███       | 965/3104 [28:32<1:03:15,  0.56it/s, v_num=-30E, loss/train=3.990]Epoch 0:  31%|███       | 965/3104 [28:32<1:03:15,  0.56it/s, v_num=-30E, loss/train=3.510]Epoch 0:  31%|███       | 966/3104 [28:32<1:03:10,  0.56it/s, v_num=-30E, loss/train=3.510]Epoch 0:  31%|███       | 966/3104 [28:32<1:03:10,  0.56it/s, v_num=-30E, loss/train=3.740]Epoch 0:  31%|███       | 967/3104 [28:32<1:03:05,  0.56it/s, v_num=-30E, loss/train=3.740]Epoch 0:  31%|███       | 967/3104 [28:32<1:03:05,  0.56it/s, v_num=-30E, loss/train=3.180]Epoch 0:  31%|███       | 968/3104 [28:33<1:02:59,  0.57it/s, v_num=-30E, loss/train=3.180]Epoch 0:  31%|███       | 968/3104 [28:33<1:03:00,  0.57it/s, v_num=-30E, loss/train=3.870]Epoch 0:  31%|███       | 969/3104 [28:33<1:02:54,  0.57it/s, v_num=-30E, loss/train=3.870]Epoch 0:  31%|███       | 969/3104 [28:33<1:02:54,  0.57it/s, v_num=-30E, loss/train=3.800]Epoch 0:  31%|███▏      | 970/3104 [28:41<1:03:07,  0.56it/s, v_num=-30E, loss/train=3.800]Epoch 0:  31%|███▏      | 970/3104 [28:41<1:03:07,  0.56it/s, v_num=-30E, loss/train=3.530]Epoch 0:  31%|███▏      | 971/3104 [28:41<1:03:02,  0.56it/s, v_num=-30E, loss/train=3.530]Epoch 0:  31%|███▏      | 971/3104 [28:41<1:03:02,  0.56it/s, v_num=-30E, loss/train=2.980]Epoch 0:  31%|███▏      | 972/3104 [28:42<1:02:57,  0.56it/s, v_num=-30E, loss/train=2.980]Epoch 0:  31%|███▏      | 972/3104 [28:42<1:02:57,  0.56it/s, v_num=-30E, loss/train=3.900]Epoch 0:  31%|███▏      | 973/3104 [28:42<1:02:51,  0.56it/s, v_num=-30E, loss/train=3.900]Epoch 0:  31%|███▏      | 973/3104 [28:42<1:02:52,  0.56it/s, v_num=-30E, loss/train=3.850]Epoch 0:  31%|███▏      | 974/3104 [28:42<1:02:46,  0.57it/s, v_num=-30E, loss/train=3.850]Epoch 0:  31%|███▏      | 974/3104 [28:42<1:02:46,  0.57it/s, v_num=-30E, loss/train=2.940]Epoch 0:  31%|███▏      | 975/3104 [28:52<1:03:02,  0.56it/s, v_num=-30E, loss/train=2.940]Epoch 0:  31%|███▏      | 975/3104 [28:52<1:03:02,  0.56it/s, v_num=-30E, loss/train=3.280]Epoch 0:  31%|███▏      | 976/3104 [28:52<1:02:57,  0.56it/s, v_num=-30E, loss/train=3.280]Epoch 0:  31%|███▏      | 976/3104 [28:52<1:02:57,  0.56it/s, v_num=-30E, loss/train=3.880]Epoch 0:  31%|███▏      | 977/3104 [28:52<1:02:52,  0.56it/s, v_num=-30E, loss/train=3.880]Epoch 0:  31%|███▏      | 977/3104 [28:52<1:02:52,  0.56it/s, v_num=-30E, loss/train=3.900]Epoch 0:  32%|███▏      | 978/3104 [28:52<1:02:46,  0.56it/s, v_num=-30E, loss/train=3.900]Epoch 0:  32%|███▏      | 978/3104 [28:52<1:02:46,  0.56it/s, v_num=-30E, loss/train=3.330]Epoch 0:  32%|███▏      | 979/3104 [28:53<1:02:41,  0.56it/s, v_num=-30E, loss/train=3.330]Epoch 0:  32%|███▏      | 979/3104 [28:53<1:02:41,  0.56it/s, v_num=-30E, loss/train=3.210]Epoch 0:  32%|███▏      | 980/3104 [29:02<1:02:56,  0.56it/s, v_num=-30E, loss/train=3.210]Epoch 0:  32%|███▏      | 980/3104 [29:02<1:02:56,  0.56it/s, v_num=-30E, loss/train=3.500]Epoch 0:  32%|███▏      | 981/3104 [29:02<1:02:50,  0.56it/s, v_num=-30E, loss/train=3.500]Epoch 0:  32%|███▏      | 981/3104 [29:02<1:02:51,  0.56it/s, v_num=-30E, loss/train=3.430]Epoch 0:  32%|███▏      | 982/3104 [29:02<1:02:45,  0.56it/s, v_num=-30E, loss/train=3.430]Epoch 0:  32%|███▏      | 982/3104 [29:02<1:02:45,  0.56it/s, v_num=-30E, loss/train=3.340]Epoch 0:  32%|███▏      | 983/3104 [29:02<1:02:40,  0.56it/s, v_num=-30E, loss/train=3.340]Epoch 0:  32%|███▏      | 983/3104 [29:02<1:02:40,  0.56it/s, v_num=-30E, loss/train=3.610]Epoch 0:  32%|███▏      | 984/3104 [29:03<1:02:35,  0.56it/s, v_num=-30E, loss/train=3.610]Epoch 0:  32%|███▏      | 984/3104 [29:03<1:02:35,  0.56it/s, v_num=-30E, loss/train=3.700]Epoch 0:  32%|███▏      | 985/3104 [29:10<1:02:45,  0.56it/s, v_num=-30E, loss/train=3.700]Epoch 0:  32%|███▏      | 985/3104 [29:10<1:02:45,  0.56it/s, v_num=-30E, loss/train=3.340]Epoch 0:  32%|███▏      | 986/3104 [29:10<1:02:40,  0.56it/s, v_num=-30E, loss/train=3.340]Epoch 0:  32%|███▏      | 986/3104 [29:10<1:02:40,  0.56it/s, v_num=-30E, loss/train=3.750]Epoch 0:  32%|███▏      | 987/3104 [29:12<1:02:37,  0.56it/s, v_num=-30E, loss/train=3.750]Epoch 0:  32%|███▏      | 987/3104 [29:12<1:02:38,  0.56it/s, v_num=-30E, loss/train=3.570]Epoch 0:  32%|███▏      | 988/3104 [29:12<1:02:32,  0.56it/s, v_num=-30E, loss/train=3.570]Epoch 0:  32%|███▏      | 988/3104 [29:12<1:02:33,  0.56it/s, v_num=-30E, loss/train=3.220]Epoch 0:  32%|███▏      | 989/3104 [29:12<1:02:27,  0.56it/s, v_num=-30E, loss/train=3.220]Epoch 0:  32%|███▏      | 989/3104 [29:12<1:02:27,  0.56it/s, v_num=-30E, loss/train=3.580]Epoch 0:  32%|███▏      | 990/3104 [29:19<1:02:38,  0.56it/s, v_num=-30E, loss/train=3.580]Epoch 0:  32%|███▏      | 990/3104 [29:20<1:02:38,  0.56it/s, v_num=-30E, loss/train=3.800]Epoch 0:  32%|███▏      | 991/3104 [29:20<1:02:32,  0.56it/s, v_num=-30E, loss/train=3.800]Epoch 0:  32%|███▏      | 991/3104 [29:20<1:02:33,  0.56it/s, v_num=-30E, loss/train=3.270]Epoch 0:  32%|███▏      | 992/3104 [29:23<1:02:33,  0.56it/s, v_num=-30E, loss/train=3.270]Epoch 0:  32%|███▏      | 992/3104 [29:23<1:02:33,  0.56it/s, v_num=-30E, loss/train=3.410]Epoch 0:  32%|███▏      | 993/3104 [29:23<1:02:28,  0.56it/s, v_num=-30E, loss/train=3.410]Epoch 0:  32%|███▏      | 993/3104 [29:23<1:02:28,  0.56it/s, v_num=-30E, loss/train=3.500]Epoch 0:  32%|███▏      | 994/3104 [29:23<1:02:23,  0.56it/s, v_num=-30E, loss/train=3.500]Epoch 0:  32%|███▏      | 994/3104 [29:23<1:02:23,  0.56it/s, v_num=-30E, loss/train=3.220]Epoch 0:  32%|███▏      | 995/3104 [29:27<1:02:27,  0.56it/s, v_num=-30E, loss/train=3.220]Epoch 0:  32%|███▏      | 995/3104 [29:27<1:02:27,  0.56it/s, v_num=-30E, loss/train=2.840]Epoch 0:  32%|███▏      | 996/3104 [29:28<1:02:22,  0.56it/s, v_num=-30E, loss/train=2.840]Epoch 0:  32%|███▏      | 996/3104 [29:28<1:02:22,  0.56it/s, v_num=-30E, loss/train=3.290]Epoch 0:  32%|███▏      | 997/3104 [29:33<1:02:27,  0.56it/s, v_num=-30E, loss/train=3.290]Epoch 0:  32%|███▏      | 997/3104 [29:33<1:02:27,  0.56it/s, v_num=-30E, loss/train=3.090]Epoch 0:  32%|███▏      | 998/3104 [29:33<1:02:22,  0.56it/s, v_num=-30E, loss/train=3.090]Epoch 0:  32%|███▏      | 998/3104 [29:33<1:02:22,  0.56it/s, v_num=-30E, loss/train=3.930]Epoch 0:  32%|███▏      | 999/3104 [29:33<1:02:17,  0.56it/s, v_num=-30E, loss/train=3.930]Epoch 0:  32%|███▏      | 999/3104 [29:33<1:02:17,  0.56it/s, v_num=-30E, loss/train=3.650]Epoch 0:  32%|███▏      | 1000/3104 [29:36<1:02:17,  0.56it/s, v_num=-30E, loss/train=3.650]Epoch 0:  32%|███▏      | 1000/3104 [29:36<1:02:17,  0.56it/s, v_num=-30E, loss/train=3.740]Epoch 0:  32%|███▏      | 1001/3104 [29:36<1:02:12,  0.56it/s, v_num=-30E, loss/train=3.740]Epoch 0:  32%|███▏      | 1001/3104 [29:36<1:02:12,  0.56it/s, v_num=-30E, loss/train=3.500]Epoch 0:  32%|███▏      | 1002/3104 [29:41<1:02:16,  0.56it/s, v_num=-30E, loss/train=3.500]Epoch 0:  32%|███▏      | 1002/3104 [29:41<1:02:17,  0.56it/s, v_num=-30E, loss/train=3.320]Epoch 0:  32%|███▏      | 1003/3104 [29:41<1:02:11,  0.56it/s, v_num=-30E, loss/train=3.320]Epoch 0:  32%|███▏      | 1003/3104 [29:41<1:02:11,  0.56it/s, v_num=-30E, loss/train=3.090]Epoch 0:  32%|███▏      | 1004/3104 [29:41<1:02:06,  0.56it/s, v_num=-30E, loss/train=3.090]Epoch 0:  32%|███▏      | 1004/3104 [29:41<1:02:06,  0.56it/s, v_num=-30E, loss/train=3.320]Epoch 0:  32%|███▏      | 1005/3104 [29:46<1:02:11,  0.56it/s, v_num=-30E, loss/train=3.320]Epoch 0:  32%|███▏      | 1005/3104 [29:46<1:02:11,  0.56it/s, v_num=-30E, loss/train=3.770]Epoch 0:  32%|███▏      | 1006/3104 [29:46<1:02:06,  0.56it/s, v_num=-30E, loss/train=3.770]Epoch 0:  32%|███▏      | 1006/3104 [29:46<1:02:06,  0.56it/s, v_num=-30E, loss/train=3.320]Epoch 0:  32%|███▏      | 1007/3104 [29:48<1:02:03,  0.56it/s, v_num=-30E, loss/train=3.320]Epoch 0:  32%|███▏      | 1007/3104 [29:48<1:02:04,  0.56it/s, v_num=-30E, loss/train=3.350]Epoch 0:  32%|███▏      | 1008/3104 [29:48<1:01:58,  0.56it/s, v_num=-30E, loss/train=3.350]Epoch 0:  32%|███▏      | 1008/3104 [29:48<1:01:58,  0.56it/s, v_num=-30E, loss/train=3.290]Epoch 0:  33%|███▎      | 1009/3104 [29:48<1:01:53,  0.56it/s, v_num=-30E, loss/train=3.290]Epoch 0:  33%|███▎      | 1009/3104 [29:48<1:01:53,  0.56it/s, v_num=-30E, loss/train=3.100]Epoch 0:  33%|███▎      | 1010/3104 [29:55<1:02:03,  0.56it/s, v_num=-30E, loss/train=3.100]Epoch 0:  33%|███▎      | 1010/3104 [29:55<1:02:03,  0.56it/s, v_num=-30E, loss/train=3.560]Epoch 0:  33%|███▎      | 1011/3104 [29:55<1:01:58,  0.56it/s, v_num=-30E, loss/train=3.560]Epoch 0:  33%|███▎      | 1011/3104 [29:55<1:01:58,  0.56it/s, v_num=-30E, loss/train=3.240]Epoch 0:  33%|███▎      | 1012/3104 [29:57<1:01:56,  0.56it/s, v_num=-30E, loss/train=3.240]Epoch 0:  33%|███▎      | 1012/3104 [29:57<1:01:56,  0.56it/s, v_num=-30E, loss/train=3.390]Epoch 0:  33%|███▎      | 1013/3104 [29:57<1:01:51,  0.56it/s, v_num=-30E, loss/train=3.390]Epoch 0:  33%|███▎      | 1013/3104 [29:57<1:01:51,  0.56it/s, v_num=-30E, loss/train=3.220]Epoch 0:  33%|███▎      | 1014/3104 [29:58<1:01:46,  0.56it/s, v_num=-30E, loss/train=3.220]Epoch 0:  33%|███▎      | 1014/3104 [29:58<1:01:46,  0.56it/s, v_num=-30E, loss/train=3.040]Epoch 0:  33%|███▎      | 1015/3104 [30:02<1:01:49,  0.56it/s, v_num=-30E, loss/train=3.040]Epoch 0:  33%|███▎      | 1015/3104 [30:02<1:01:49,  0.56it/s, v_num=-30E, loss/train=3.350]Epoch 0:  33%|███▎      | 1016/3104 [30:02<1:01:44,  0.56it/s, v_num=-30E, loss/train=3.350]Epoch 0:  33%|███▎      | 1016/3104 [30:02<1:01:44,  0.56it/s, v_num=-30E, loss/train=3.910]Epoch 0:  33%|███▎      | 1017/3104 [30:07<1:01:48,  0.56it/s, v_num=-30E, loss/train=3.910]Epoch 0:  33%|███▎      | 1017/3104 [30:07<1:01:48,  0.56it/s, v_num=-30E, loss/train=3.410]Epoch 0:  33%|███▎      | 1018/3104 [30:07<1:01:43,  0.56it/s, v_num=-30E, loss/train=3.410]Epoch 0:  33%|███▎      | 1018/3104 [30:07<1:01:43,  0.56it/s, v_num=-30E, loss/train=3.400]Epoch 0:  33%|███▎      | 1019/3104 [30:07<1:01:38,  0.56it/s, v_num=-30E, loss/train=3.400]Epoch 0:  33%|███▎      | 1019/3104 [30:07<1:01:38,  0.56it/s, v_num=-30E, loss/train=3.630]Epoch 0:  33%|███▎      | 1020/3104 [30:11<1:01:42,  0.56it/s, v_num=-30E, loss/train=3.630]Epoch 0:  33%|███▎      | 1020/3104 [30:12<1:01:42,  0.56it/s, v_num=-30E, loss/train=3.390]Epoch 0:  33%|███▎      | 1021/3104 [30:12<1:01:37,  0.56it/s, v_num=-30E, loss/train=3.390]Epoch 0:  33%|███▎      | 1021/3104 [30:12<1:01:37,  0.56it/s, v_num=-30E, loss/train=3.110]Epoch 0:  33%|███▎      | 1022/3104 [30:16<1:01:41,  0.56it/s, v_num=-30E, loss/train=3.110]Epoch 0:  33%|███▎      | 1022/3104 [30:16<1:01:41,  0.56it/s, v_num=-30E, loss/train=3.230]Epoch 0:  33%|███▎      | 1023/3104 [30:17<1:01:36,  0.56it/s, v_num=-30E, loss/train=3.230]Epoch 0:  33%|███▎      | 1023/3104 [30:17<1:01:36,  0.56it/s, v_num=-30E, loss/train=3.300]Epoch 0:  33%|███▎      | 1024/3104 [30:17<1:01:31,  0.56it/s, v_num=-30E, loss/train=3.300]Epoch 0:  33%|███▎      | 1024/3104 [30:17<1:01:31,  0.56it/s, v_num=-30E, loss/train=3.280]Epoch 0:  33%|███▎      | 1025/3104 [30:18<1:01:28,  0.56it/s, v_num=-30E, loss/train=3.280]Epoch 0:  33%|███▎      | 1025/3104 [30:18<1:01:28,  0.56it/s, v_num=-30E, loss/train=3.080]Epoch 0:  33%|███▎      | 1026/3104 [30:18<1:01:23,  0.56it/s, v_num=-30E, loss/train=3.080]Epoch 0:  33%|███▎      | 1026/3104 [30:18<1:01:23,  0.56it/s, v_num=-30E, loss/train=3.260]Epoch 0:  33%|███▎      | 1027/3104 [30:25<1:01:32,  0.56it/s, v_num=-30E, loss/train=3.260]Epoch 0:  33%|███▎      | 1027/3104 [30:25<1:01:32,  0.56it/s, v_num=-30E, loss/train=3.860]Epoch 0:  33%|███▎      | 1028/3104 [30:26<1:01:27,  0.56it/s, v_num=-30E, loss/train=3.860]Epoch 0:  33%|███▎      | 1028/3104 [30:26<1:01:27,  0.56it/s, v_num=-30E, loss/train=2.920]Epoch 0:  33%|███▎      | 1029/3104 [30:26<1:01:22,  0.56it/s, v_num=-30E, loss/train=2.920]Epoch 0:  33%|███▎      | 1029/3104 [30:26<1:01:22,  0.56it/s, v_num=-30E, loss/train=3.670]Epoch 0:  33%|███▎      | 1030/3104 [30:28<1:01:21,  0.56it/s, v_num=-30E, loss/train=3.670]Epoch 0:  33%|███▎      | 1030/3104 [30:28<1:01:21,  0.56it/s, v_num=-30E, loss/train=4.090]Epoch 0:  33%|███▎      | 1031/3104 [30:28<1:01:16,  0.56it/s, v_num=-30E, loss/train=4.090]Epoch 0:  33%|███▎      | 1031/3104 [30:28<1:01:16,  0.56it/s, v_num=-30E, loss/train=3.430]Epoch 0:  33%|███▎      | 1032/3104 [30:36<1:01:27,  0.56it/s, v_num=-30E, loss/train=3.430]Epoch 0:  33%|███▎      | 1032/3104 [30:36<1:01:27,  0.56it/s, v_num=-30E, loss/train=3.560]Epoch 0:  33%|███▎      | 1033/3104 [30:36<1:01:22,  0.56it/s, v_num=-30E, loss/train=3.560]Epoch 0:  33%|███▎      | 1033/3104 [30:36<1:01:22,  0.56it/s, v_num=-30E, loss/train=3.040]Epoch 0:  33%|███▎      | 1034/3104 [30:36<1:01:17,  0.56it/s, v_num=-30E, loss/train=3.040]Epoch 0:  33%|███▎      | 1034/3104 [30:36<1:01:17,  0.56it/s, v_num=-30E, loss/train=2.890]Epoch 0:  33%|███▎      | 1035/3104 [30:37<1:01:12,  0.56it/s, v_num=-30E, loss/train=2.890]Epoch 0:  33%|███▎      | 1035/3104 [30:37<1:01:12,  0.56it/s, v_num=-30E, loss/train=3.570]Epoch 0:  33%|███▎      | 1036/3104 [30:37<1:01:07,  0.56it/s, v_num=-30E, loss/train=3.570]Epoch 0:  33%|███▎      | 1036/3104 [30:37<1:01:07,  0.56it/s, v_num=-30E, loss/train=3.330]Epoch 0:  33%|███▎      | 1037/3104 [30:46<1:01:21,  0.56it/s, v_num=-30E, loss/train=3.330]Epoch 0:  33%|███▎      | 1037/3104 [30:46<1:01:21,  0.56it/s, v_num=-30E, loss/train=3.170]Epoch 0:  33%|███▎      | 1038/3104 [30:46<1:01:16,  0.56it/s, v_num=-30E, loss/train=3.170]Epoch 0:  33%|███▎      | 1038/3104 [30:47<1:01:16,  0.56it/s, v_num=-30E, loss/train=3.080]Epoch 0:  33%|███▎      | 1039/3104 [30:47<1:01:11,  0.56it/s, v_num=-30E, loss/train=3.080]Epoch 0:  33%|███▎      | 1039/3104 [30:47<1:01:11,  0.56it/s, v_num=-30E, loss/train=3.020]Epoch 0:  34%|███▎      | 1040/3104 [30:47<1:01:06,  0.56it/s, v_num=-30E, loss/train=3.020]Epoch 0:  34%|███▎      | 1040/3104 [30:47<1:01:06,  0.56it/s, v_num=-30E, loss/train=3.230]Epoch 0:  34%|███▎      | 1041/3104 [30:47<1:01:01,  0.56it/s, v_num=-30E, loss/train=3.230]Epoch 0:  34%|███▎      | 1041/3104 [30:47<1:01:01,  0.56it/s, v_num=-30E, loss/train=3.450]Epoch 0:  34%|███▎      | 1042/3104 [30:55<1:01:11,  0.56it/s, v_num=-30E, loss/train=3.450]Epoch 0:  34%|███▎      | 1042/3104 [30:55<1:01:11,  0.56it/s, v_num=-30E, loss/train=3.420]Epoch 0:  34%|███▎      | 1043/3104 [30:55<1:01:06,  0.56it/s, v_num=-30E, loss/train=3.420]Epoch 0:  34%|███▎      | 1043/3104 [30:55<1:01:06,  0.56it/s, v_num=-30E, loss/train=3.610]Epoch 0:  34%|███▎      | 1044/3104 [30:55<1:01:01,  0.56it/s, v_num=-30E, loss/train=3.610]Epoch 0:  34%|███▎      | 1044/3104 [30:55<1:01:01,  0.56it/s, v_num=-30E, loss/train=3.590]Epoch 0:  34%|███▎      | 1045/3104 [30:57<1:01:00,  0.56it/s, v_num=-30E, loss/train=3.590]Epoch 0:  34%|███▎      | 1045/3104 [30:57<1:01:00,  0.56it/s, v_num=-30E, loss/train=3.090]Epoch 0:  34%|███▎      | 1046/3104 [30:57<1:00:55,  0.56it/s, v_num=-30E, loss/train=3.090]Epoch 0:  34%|███▎      | 1046/3104 [30:57<1:00:55,  0.56it/s, v_num=-30E, loss/train=3.290]Epoch 0:  34%|███▎      | 1047/3104 [31:06<1:01:07,  0.56it/s, v_num=-30E, loss/train=3.290]Epoch 0:  34%|███▎      | 1047/3104 [31:06<1:01:07,  0.56it/s, v_num=-30E, loss/train=3.290]Epoch 0:  34%|███▍      | 1048/3104 [31:06<1:01:02,  0.56it/s, v_num=-30E, loss/train=3.290]Epoch 0:  34%|███▍      | 1048/3104 [31:06<1:01:02,  0.56it/s, v_num=-30E, loss/train=3.310]Epoch 0:  34%|███▍      | 1049/3104 [31:06<1:00:57,  0.56it/s, v_num=-30E, loss/train=3.310]Epoch 0:  34%|███▍      | 1049/3104 [31:07<1:00:57,  0.56it/s, v_num=-30E, loss/train=3.280]Epoch 0:  34%|███▍      | 1050/3104 [31:07<1:00:52,  0.56it/s, v_num=-30E, loss/train=3.280]Epoch 0:  34%|███▍      | 1050/3104 [31:07<1:00:52,  0.56it/s, v_num=-30E, loss/train=3.300]Epoch 0:  34%|███▍      | 1051/3104 [31:07<1:00:47,  0.56it/s, v_num=-30E, loss/train=3.300]Epoch 0:  34%|███▍      | 1051/3104 [31:07<1:00:47,  0.56it/s, v_num=-30E, loss/train=3.120]Epoch 0:  34%|███▍      | 1052/3104 [31:14<1:00:55,  0.56it/s, v_num=-30E, loss/train=3.120]Epoch 0:  34%|███▍      | 1052/3104 [31:14<1:00:56,  0.56it/s, v_num=-30E, loss/train=3.570]Epoch 0:  34%|███▍      | 1053/3104 [31:14<1:00:51,  0.56it/s, v_num=-30E, loss/train=3.570]Epoch 0:  34%|███▍      | 1053/3104 [31:14<1:00:51,  0.56it/s, v_num=-30E, loss/train=3.090]Epoch 0:  34%|███▍      | 1054/3104 [31:14<1:00:46,  0.56it/s, v_num=-30E, loss/train=3.090]Epoch 0:  34%|███▍      | 1054/3104 [31:14<1:00:46,  0.56it/s, v_num=-30E, loss/train=3.660]Epoch 0:  34%|███▍      | 1055/3104 [31:16<1:00:44,  0.56it/s, v_num=-30E, loss/train=3.660]Epoch 0:  34%|███▍      | 1055/3104 [31:16<1:00:44,  0.56it/s, v_num=-30E, loss/train=2.970]Epoch 0:  34%|███▍      | 1056/3104 [31:16<1:00:39,  0.56it/s, v_num=-30E, loss/train=2.970]Epoch 0:  34%|███▍      | 1056/3104 [31:16<1:00:39,  0.56it/s, v_num=-30E, loss/train=3.200]Epoch 0:  34%|███▍      | 1057/3104 [31:26<1:00:52,  0.56it/s, v_num=-30E, loss/train=3.200]Epoch 0:  34%|███▍      | 1057/3104 [31:26<1:00:52,  0.56it/s, v_num=-30E, loss/train=2.880]Epoch 0:  34%|███▍      | 1058/3104 [31:26<1:00:47,  0.56it/s, v_num=-30E, loss/train=2.880]Epoch 0:  34%|███▍      | 1058/3104 [31:26<1:00:48,  0.56it/s, v_num=-30E, loss/train=3.230]Epoch 0:  34%|███▍      | 1059/3104 [31:26<1:00:43,  0.56it/s, v_num=-30E, loss/train=3.230]Epoch 0:  34%|███▍      | 1059/3104 [31:26<1:00:43,  0.56it/s, v_num=-30E, loss/train=3.800]Epoch 0:  34%|███▍      | 1060/3104 [31:26<1:00:38,  0.56it/s, v_num=-30E, loss/train=3.800]Epoch 0:  34%|███▍      | 1060/3104 [31:26<1:00:38,  0.56it/s, v_num=-30E, loss/train=2.870]Epoch 0:  34%|███▍      | 1061/3104 [31:26<1:00:33,  0.56it/s, v_num=-30E, loss/train=2.870]Epoch 0:  34%|███▍      | 1061/3104 [31:27<1:00:33,  0.56it/s, v_num=-30E, loss/train=4.080]Epoch 0:  34%|███▍      | 1062/3104 [31:35<1:00:44,  0.56it/s, v_num=-30E, loss/train=4.080]Epoch 0:  34%|███▍      | 1062/3104 [31:35<1:00:45,  0.56it/s, v_num=-30E, loss/train=3.580]Epoch 0:  34%|███▍      | 1063/3104 [31:35<1:00:40,  0.56it/s, v_num=-30E, loss/train=3.580]Epoch 0:  34%|███▍      | 1063/3104 [31:35<1:00:40,  0.56it/s, v_num=-30E, loss/train=3.780]Epoch 0:  34%|███▍      | 1064/3104 [31:36<1:00:35,  0.56it/s, v_num=-30E, loss/train=3.780]Epoch 0:  34%|███▍      | 1064/3104 [31:36<1:00:35,  0.56it/s, v_num=-30E, loss/train=3.320]Epoch 0:  34%|███▍      | 1065/3104 [31:36<1:00:30,  0.56it/s, v_num=-30E, loss/train=3.320]Epoch 0:  34%|███▍      | 1065/3104 [31:36<1:00:30,  0.56it/s, v_num=-30E, loss/train=3.320]Epoch 0:  34%|███▍      | 1066/3104 [31:36<1:00:25,  0.56it/s, v_num=-30E, loss/train=3.320]Epoch 0:  34%|███▍      | 1066/3104 [31:36<1:00:25,  0.56it/s, v_num=-30E, loss/train=3.640]Epoch 0:  34%|███▍      | 1067/3104 [31:43<1:00:34,  0.56it/s, v_num=-30E, loss/train=3.640]Epoch 0:  34%|███▍      | 1067/3104 [31:43<1:00:34,  0.56it/s, v_num=-30E, loss/train=3.340]Epoch 0:  34%|███▍      | 1068/3104 [31:43<1:00:29,  0.56it/s, v_num=-30E, loss/train=3.340]Epoch 0:  34%|███▍      | 1068/3104 [31:43<1:00:29,  0.56it/s, v_num=-30E, loss/train=3.270]Epoch 0:  34%|███▍      | 1069/3104 [31:44<1:00:25,  0.56it/s, v_num=-30E, loss/train=3.270]Epoch 0:  34%|███▍      | 1069/3104 [31:44<1:00:25,  0.56it/s, v_num=-30E, loss/train=3.160]Epoch 0:  34%|███▍      | 1070/3104 [31:44<1:00:20,  0.56it/s, v_num=-30E, loss/train=3.160]Epoch 0:  34%|███▍      | 1070/3104 [31:44<1:00:20,  0.56it/s, v_num=-30E, loss/train=3.680]Epoch 0:  35%|███▍      | 1071/3104 [31:44<1:00:15,  0.56it/s, v_num=-30E, loss/train=3.680]Epoch 0:  35%|███▍      | 1071/3104 [31:44<1:00:15,  0.56it/s, v_num=-30E, loss/train=3.860]Epoch 0:  35%|███▍      | 1072/3104 [31:54<1:00:28,  0.56it/s, v_num=-30E, loss/train=3.860]Epoch 0:  35%|███▍      | 1072/3104 [31:54<1:00:28,  0.56it/s, v_num=-30E, loss/train=3.640]Epoch 0:  35%|███▍      | 1073/3104 [31:54<1:00:23,  0.56it/s, v_num=-30E, loss/train=3.640]Epoch 0:  35%|███▍      | 1073/3104 [31:54<1:00:23,  0.56it/s, v_num=-30E, loss/train=3.340]Epoch 0:  35%|███▍      | 1074/3104 [31:54<1:00:19,  0.56it/s, v_num=-30E, loss/train=3.340]Epoch 0:  35%|███▍      | 1074/3104 [31:54<1:00:19,  0.56it/s, v_num=-30E, loss/train=3.040]Epoch 0:  35%|███▍      | 1075/3104 [31:54<1:00:14,  0.56it/s, v_num=-30E, loss/train=3.040]Epoch 0:  35%|███▍      | 1075/3104 [31:54<1:00:14,  0.56it/s, v_num=-30E, loss/train=3.020]Epoch 0:  35%|███▍      | 1076/3104 [31:55<1:00:09,  0.56it/s, v_num=-30E, loss/train=3.020]Epoch 0:  35%|███▍      | 1076/3104 [31:55<1:00:09,  0.56it/s, v_num=-30E, loss/train=3.220]Epoch 0:  35%|███▍      | 1077/3104 [32:04<1:00:22,  0.56it/s, v_num=-30E, loss/train=3.220]Epoch 0:  35%|███▍      | 1077/3104 [32:04<1:00:22,  0.56it/s, v_num=-30E, loss/train=3.180]Epoch 0:  35%|███▍      | 1078/3104 [32:05<1:00:18,  0.56it/s, v_num=-30E, loss/train=3.180]Epoch 0:  35%|███▍      | 1078/3104 [32:05<1:00:18,  0.56it/s, v_num=-30E, loss/train=3.400]Epoch 0:  35%|███▍      | 1079/3104 [32:05<1:00:13,  0.56it/s, v_num=-30E, loss/train=3.400]Epoch 0:  35%|███▍      | 1079/3104 [32:05<1:00:13,  0.56it/s, v_num=-30E, loss/train=3.990]Epoch 0:  35%|███▍      | 1080/3104 [32:06<1:00:09,  0.56it/s, v_num=-30E, loss/train=3.990]Epoch 0:  35%|███▍      | 1080/3104 [32:06<1:00:09,  0.56it/s, v_num=-30E, loss/train=3.400]Epoch 0:  35%|███▍      | 1081/3104 [32:06<1:00:04,  0.56it/s, v_num=-30E, loss/train=3.400]Epoch 0:  35%|███▍      | 1081/3104 [32:06<1:00:05,  0.56it/s, v_num=-30E, loss/train=3.300]Epoch 0:  35%|███▍      | 1082/3104 [32:15<1:00:16,  0.56it/s, v_num=-30E, loss/train=3.300]Epoch 0:  35%|███▍      | 1082/3104 [32:15<1:00:16,  0.56it/s, v_num=-30E, loss/train=3.320]Epoch 0:  35%|███▍      | 1083/3104 [32:15<1:00:11,  0.56it/s, v_num=-30E, loss/train=3.320]Epoch 0:  35%|███▍      | 1083/3104 [32:15<1:00:11,  0.56it/s, v_num=-30E, loss/train=3.140]Epoch 0:  35%|███▍      | 1084/3104 [32:15<1:00:06,  0.56it/s, v_num=-30E, loss/train=3.140]Epoch 0:  35%|███▍      | 1084/3104 [32:15<1:00:06,  0.56it/s, v_num=-30E, loss/train=3.950]Epoch 0:  35%|███▍      | 1085/3104 [32:15<1:00:02,  0.56it/s, v_num=-30E, loss/train=3.950]Epoch 0:  35%|███▍      | 1085/3104 [32:15<1:00:02,  0.56it/s, v_num=-30E, loss/train=3.170]Epoch 0:  35%|███▍      | 1086/3104 [32:15<59:57,  0.56it/s, v_num=-30E, loss/train=3.170]  Epoch 0:  35%|███▍      | 1086/3104 [32:15<59:57,  0.56it/s, v_num=-30E, loss/train=3.110]Epoch 0:  35%|███▌      | 1087/3104 [32:25<1:00:09,  0.56it/s, v_num=-30E, loss/train=3.110]Epoch 0:  35%|███▌      | 1087/3104 [32:25<1:00:09,  0.56it/s, v_num=-30E, loss/train=3.920]Epoch 0:  35%|███▌      | 1088/3104 [32:25<1:00:04,  0.56it/s, v_num=-30E, loss/train=3.920]Epoch 0:  35%|███▌      | 1088/3104 [32:25<1:00:04,  0.56it/s, v_num=-30E, loss/train=2.960]Epoch 0:  35%|███▌      | 1089/3104 [32:25<1:00:00,  0.56it/s, v_num=-30E, loss/train=2.960]Epoch 0:  35%|███▌      | 1089/3104 [32:25<1:00:00,  0.56it/s, v_num=-30E, loss/train=3.140]Epoch 0:  35%|███▌      | 1090/3104 [32:25<59:55,  0.56it/s, v_num=-30E, loss/train=3.140]  Epoch 0:  35%|███▌      | 1090/3104 [32:25<59:55,  0.56it/s, v_num=-30E, loss/train=3.410]Epoch 0:  35%|███▌      | 1091/3104 [32:26<59:50,  0.56it/s, v_num=-30E, loss/train=3.410]Epoch 0:  35%|███▌      | 1091/3104 [32:26<59:50,  0.56it/s, v_num=-30E, loss/train=3.300]Epoch 0:  35%|███▌      | 1092/3104 [32:33<1:00:00,  0.56it/s, v_num=-30E, loss/train=3.300]Epoch 0:  35%|███▌      | 1092/3104 [32:34<1:00:00,  0.56it/s, v_num=-30E, loss/train=3.050]Epoch 0:  35%|███▌      | 1093/3104 [32:34<59:55,  0.56it/s, v_num=-30E, loss/train=3.050]  Epoch 0:  35%|███▌      | 1093/3104 [32:34<59:55,  0.56it/s, v_num=-30E, loss/train=3.230]Epoch 0:  35%|███▌      | 1094/3104 [32:34<59:50,  0.56it/s, v_num=-30E, loss/train=3.230]Epoch 0:  35%|███▌      | 1094/3104 [32:34<59:50,  0.56it/s, v_num=-30E, loss/train=3.040]Epoch 0:  35%|███▌      | 1095/3104 [32:34<59:46,  0.56it/s, v_num=-30E, loss/train=3.040]Epoch 0:  35%|███▌      | 1095/3104 [32:34<59:46,  0.56it/s, v_num=-30E, loss/train=3.230]Epoch 0:  35%|███▌      | 1096/3104 [32:34<59:41,  0.56it/s, v_num=-30E, loss/train=3.230]Epoch 0:  35%|███▌      | 1096/3104 [32:34<59:41,  0.56it/s, v_num=-30E, loss/train=3.480]Epoch 0:  35%|███▌      | 1097/3104 [32:49<1:00:02,  0.56it/s, v_num=-30E, loss/train=3.480]Epoch 0:  35%|███▌      | 1097/3104 [32:49<1:00:03,  0.56it/s, v_num=-30E, loss/train=3.290]Epoch 0:  35%|███▌      | 1098/3104 [32:49<59:58,  0.56it/s, v_num=-30E, loss/train=3.290]  Epoch 0:  35%|███▌      | 1098/3104 [32:49<59:58,  0.56it/s, v_num=-30E, loss/train=3.280]Epoch 0:  35%|███▌      | 1099/3104 [32:49<59:53,  0.56it/s, v_num=-30E, loss/train=3.280]Epoch 0:  35%|███▌      | 1099/3104 [32:49<59:53,  0.56it/s, v_num=-30E, loss/train=3.050]Epoch 0:  35%|███▌      | 1100/3104 [32:49<59:48,  0.56it/s, v_num=-30E, loss/train=3.050]Epoch 0:  35%|███▌      | 1100/3104 [32:50<59:48,  0.56it/s, v_num=-30E, loss/train=3.120]Epoch 0:  35%|███▌      | 1101/3104 [32:50<59:44,  0.56it/s, v_num=-30E, loss/train=3.120]Epoch 0:  35%|███▌      | 1101/3104 [32:50<59:44,  0.56it/s, v_num=-30E, loss/train=3.840]Epoch 0:  36%|███▌      | 1102/3104 [33:01<59:59,  0.56it/s, v_num=-30E, loss/train=3.840]Epoch 0:  36%|███▌      | 1102/3104 [33:01<59:59,  0.56it/s, v_num=-30E, loss/train=3.260]Epoch 0:  36%|███▌      | 1103/3104 [33:01<59:54,  0.56it/s, v_num=-30E, loss/train=3.260]Epoch 0:  36%|███▌      | 1103/3104 [33:01<59:54,  0.56it/s, v_num=-30E, loss/train=3.330]Epoch 0:  36%|███▌      | 1104/3104 [33:01<59:49,  0.56it/s, v_num=-30E, loss/train=3.330]Epoch 0:  36%|███▌      | 1104/3104 [33:01<59:49,  0.56it/s, v_num=-30E, loss/train=2.920]Epoch 0:  36%|███▌      | 1105/3104 [33:01<59:44,  0.56it/s, v_num=-30E, loss/train=2.920]Epoch 0:  36%|███▌      | 1105/3104 [33:01<59:45,  0.56it/s, v_num=-30E, loss/train=3.050]Epoch 0:  36%|███▌      | 1106/3104 [33:01<59:40,  0.56it/s, v_num=-30E, loss/train=3.050]Epoch 0:  36%|███▌      | 1106/3104 [33:01<59:40,  0.56it/s, v_num=-30E, loss/train=2.800]Epoch 0:  36%|███▌      | 1107/3104 [33:12<59:54,  0.56it/s, v_num=-30E, loss/train=2.800]Epoch 0:  36%|███▌      | 1107/3104 [33:12<59:54,  0.56it/s, v_num=-30E, loss/train=3.520]Epoch 0:  36%|███▌      | 1108/3104 [33:12<59:49,  0.56it/s, v_num=-30E, loss/train=3.520]Epoch 0:  36%|███▌      | 1108/3104 [33:12<59:49,  0.56it/s, v_num=-30E, loss/train=3.050]Epoch 0:  36%|███▌      | 1109/3104 [33:12<59:45,  0.56it/s, v_num=-30E, loss/train=3.050]Epoch 0:  36%|███▌      | 1109/3104 [33:12<59:45,  0.56it/s, v_num=-30E, loss/train=3.550]Epoch 0:  36%|███▌      | 1110/3104 [33:13<59:40,  0.56it/s, v_num=-30E, loss/train=3.550]Epoch 0:  36%|███▌      | 1110/3104 [33:13<59:40,  0.56it/s, v_num=-30E, loss/train=3.120]Epoch 0:  36%|███▌      | 1111/3104 [33:13<59:35,  0.56it/s, v_num=-30E, loss/train=3.120]Epoch 0:  36%|███▌      | 1111/3104 [33:13<59:35,  0.56it/s, v_num=-30E, loss/train=3.610]Epoch 0:  36%|███▌      | 1112/3104 [33:22<59:46,  0.56it/s, v_num=-30E, loss/train=3.610]Epoch 0:  36%|███▌      | 1112/3104 [33:22<59:46,  0.56it/s, v_num=-30E, loss/train=3.260]Epoch 0:  36%|███▌      | 1113/3104 [33:22<59:42,  0.56it/s, v_num=-30E, loss/train=3.260]Epoch 0:  36%|███▌      | 1113/3104 [33:22<59:42,  0.56it/s, v_num=-30E, loss/train=3.110]Epoch 0:  36%|███▌      | 1114/3104 [33:22<59:37,  0.56it/s, v_num=-30E, loss/train=3.110]Epoch 0:  36%|███▌      | 1114/3104 [33:22<59:37,  0.56it/s, v_num=-30E, loss/train=3.210]Epoch 0:  36%|███▌      | 1115/3104 [33:22<59:32,  0.56it/s, v_num=-30E, loss/train=3.210]Epoch 0:  36%|███▌      | 1115/3104 [33:22<59:32,  0.56it/s, v_num=-30E, loss/train=3.060]Epoch 0:  36%|███▌      | 1116/3104 [33:22<59:27,  0.56it/s, v_num=-30E, loss/train=3.060]Epoch 0:  36%|███▌      | 1116/3104 [33:23<59:28,  0.56it/s, v_num=-30E, loss/train=2.910]Epoch 0:  36%|███▌      | 1117/3104 [33:33<59:41,  0.55it/s, v_num=-30E, loss/train=2.910]Epoch 0:  36%|███▌      | 1117/3104 [33:33<59:41,  0.55it/s, v_num=-30E, loss/train=3.210]Epoch 0:  36%|███▌      | 1118/3104 [33:33<59:37,  0.56it/s, v_num=-30E, loss/train=3.210]Epoch 0:  36%|███▌      | 1118/3104 [33:33<59:37,  0.56it/s, v_num=-30E, loss/train=3.550]Epoch 0:  36%|███▌      | 1119/3104 [33:33<59:32,  0.56it/s, v_num=-30E, loss/train=3.550]Epoch 0:  36%|███▌      | 1119/3104 [33:33<59:32,  0.56it/s, v_num=-30E, loss/train=3.070]Epoch 0:  36%|███▌      | 1120/3104 [33:34<59:28,  0.56it/s, v_num=-30E, loss/train=3.070]Epoch 0:  36%|███▌      | 1120/3104 [33:34<59:28,  0.56it/s, v_num=-30E, loss/train=3.200]Epoch 0:  36%|███▌      | 1121/3104 [33:34<59:23,  0.56it/s, v_num=-30E, loss/train=3.200]Epoch 0:  36%|███▌      | 1121/3104 [33:34<59:23,  0.56it/s, v_num=-30E, loss/train=3.030]Epoch 0:  36%|███▌      | 1122/3104 [33:44<59:36,  0.55it/s, v_num=-30E, loss/train=3.030]Epoch 0:  36%|███▌      | 1122/3104 [33:44<59:36,  0.55it/s, v_num=-30E, loss/train=3.760]Epoch 0:  36%|███▌      | 1123/3104 [33:44<59:31,  0.55it/s, v_num=-30E, loss/train=3.760]Epoch 0:  36%|███▌      | 1123/3104 [33:44<59:31,  0.55it/s, v_num=-30E, loss/train=3.070]Epoch 0:  36%|███▌      | 1124/3104 [33:45<59:27,  0.56it/s, v_num=-30E, loss/train=3.070]Epoch 0:  36%|███▌      | 1124/3104 [33:45<59:27,  0.56it/s, v_num=-30E, loss/train=3.230]Epoch 0:  36%|███▌      | 1125/3104 [33:45<59:22,  0.56it/s, v_num=-30E, loss/train=3.230]Epoch 0:  36%|███▌      | 1125/3104 [33:45<59:22,  0.56it/s, v_num=-30E, loss/train=3.040]Epoch 0:  36%|███▋      | 1126/3104 [33:45<59:17,  0.56it/s, v_num=-30E, loss/train=3.040]Epoch 0:  36%|███▋      | 1126/3104 [33:45<59:18,  0.56it/s, v_num=-30E, loss/train=2.880]Epoch 0:  36%|███▋      | 1127/3104 [33:53<59:27,  0.55it/s, v_num=-30E, loss/train=2.880]Epoch 0:  36%|███▋      | 1127/3104 [33:53<59:27,  0.55it/s, v_num=-30E, loss/train=3.380]Epoch 0:  36%|███▋      | 1128/3104 [33:53<59:22,  0.55it/s, v_num=-30E, loss/train=3.380]Epoch 0:  36%|███▋      | 1128/3104 [33:53<59:22,  0.55it/s, v_num=-30E, loss/train=2.860]Epoch 0:  36%|███▋      | 1129/3104 [33:53<59:17,  0.56it/s, v_num=-30E, loss/train=2.860]Epoch 0:  36%|███▋      | 1129/3104 [33:53<59:18,  0.56it/s, v_num=-30E, loss/train=2.960]Epoch 0:  36%|███▋      | 1130/3104 [33:54<59:13,  0.56it/s, v_num=-30E, loss/train=2.960]Epoch 0:  36%|███▋      | 1130/3104 [33:54<59:13,  0.56it/s, v_num=-30E, loss/train=3.140]Epoch 0:  36%|███▋      | 1131/3104 [33:54<59:08,  0.56it/s, v_num=-30E, loss/train=3.140]Epoch 0:  36%|███▋      | 1131/3104 [33:54<59:08,  0.56it/s, v_num=-30E, loss/train=3.730]Epoch 0:  36%|███▋      | 1132/3104 [34:06<59:25,  0.55it/s, v_num=-30E, loss/train=3.730]Epoch 0:  36%|███▋      | 1132/3104 [34:06<59:25,  0.55it/s, v_num=-30E, loss/train=4.430]Epoch 0:  37%|███▋      | 1133/3104 [34:07<59:21,  0.55it/s, v_num=-30E, loss/train=4.430]Epoch 0:  37%|███▋      | 1133/3104 [34:07<59:21,  0.55it/s, v_num=-30E, loss/train=3.910]Epoch 0:  37%|███▋      | 1134/3104 [34:07<59:16,  0.55it/s, v_num=-30E, loss/train=3.910]Epoch 0:  37%|███▋      | 1134/3104 [34:07<59:16,  0.55it/s, v_num=-30E, loss/train=4.650]Epoch 0:  37%|███▋      | 1135/3104 [34:07<59:11,  0.55it/s, v_num=-30E, loss/train=4.650]Epoch 0:  37%|███▋      | 1135/3104 [34:07<59:12,  0.55it/s, v_num=-30E, loss/train=3.610]Epoch 0:  37%|███▋      | 1136/3104 [34:07<59:07,  0.55it/s, v_num=-30E, loss/train=3.610]Epoch 0:  37%|███▋      | 1136/3104 [34:07<59:07,  0.55it/s, v_num=-30E, loss/train=3.210]Epoch 0:  37%|███▋      | 1137/3104 [34:17<59:19,  0.55it/s, v_num=-30E, loss/train=3.210]Epoch 0:  37%|███▋      | 1137/3104 [34:17<59:19,  0.55it/s, v_num=-30E, loss/train=3.040]Epoch 0:  37%|███▋      | 1138/3104 [34:17<59:14,  0.55it/s, v_num=-30E, loss/train=3.040]Epoch 0:  37%|███▋      | 1138/3104 [34:17<59:14,  0.55it/s, v_num=-30E, loss/train=3.120]Epoch 0:  37%|███▋      | 1139/3104 [34:17<59:10,  0.55it/s, v_num=-30E, loss/train=3.120]Epoch 0:  37%|███▋      | 1139/3104 [34:17<59:10,  0.55it/s, v_num=-30E, loss/train=3.350]Epoch 0:  37%|███▋      | 1140/3104 [34:18<59:05,  0.55it/s, v_num=-30E, loss/train=3.350]Epoch 0:  37%|███▋      | 1140/3104 [34:18<59:05,  0.55it/s, v_num=-30E, loss/train=3.510]Epoch 0:  37%|███▋      | 1141/3104 [34:18<59:01,  0.55it/s, v_num=-30E, loss/train=3.510]Epoch 0:  37%|███▋      | 1141/3104 [34:18<59:01,  0.55it/s, v_num=-30E, loss/train=3.090]Epoch 0:  37%|███▋      | 1142/3104 [34:34<59:23,  0.55it/s, v_num=-30E, loss/train=3.090]Epoch 0:  37%|███▋      | 1142/3104 [34:34<59:23,  0.55it/s, v_num=-30E, loss/train=3.230]Epoch 0:  37%|███▋      | 1143/3104 [34:34<59:18,  0.55it/s, v_num=-30E, loss/train=3.230]Epoch 0:  37%|███▋      | 1143/3104 [34:34<59:19,  0.55it/s, v_num=-30E, loss/train=3.370]Epoch 0:  37%|███▋      | 1144/3104 [34:34<59:14,  0.55it/s, v_num=-30E, loss/train=3.370]Epoch 0:  37%|███▋      | 1144/3104 [34:34<59:14,  0.55it/s, v_num=-30E, loss/train=3.440]Epoch 0:  37%|███▋      | 1145/3104 [34:34<59:09,  0.55it/s, v_num=-30E, loss/train=3.440]Epoch 0:  37%|███▋      | 1145/3104 [34:34<59:09,  0.55it/s, v_num=-30E, loss/train=3.100]Epoch 0:  37%|███▋      | 1146/3104 [34:34<59:05,  0.55it/s, v_num=-30E, loss/train=3.100]Epoch 0:  37%|███▋      | 1146/3104 [34:34<59:05,  0.55it/s, v_num=-30E, loss/train=3.160]Epoch 0:  37%|███▋      | 1147/3104 [34:46<59:19,  0.55it/s, v_num=-30E, loss/train=3.160]Epoch 0:  37%|███▋      | 1147/3104 [34:46<59:19,  0.55it/s, v_num=-30E, loss/train=3.530]Epoch 0:  37%|███▋      | 1148/3104 [34:46<59:15,  0.55it/s, v_num=-30E, loss/train=3.530]Epoch 0:  37%|███▋      | 1148/3104 [34:46<59:15,  0.55it/s, v_num=-30E, loss/train=3.810]Epoch 0:  37%|███▋      | 1149/3104 [34:46<59:10,  0.55it/s, v_num=-30E, loss/train=3.810]Epoch 0:  37%|███▋      | 1149/3104 [34:46<59:10,  0.55it/s, v_num=-30E, loss/train=2.820]Epoch 0:  37%|███▋      | 1150/3104 [34:46<59:05,  0.55it/s, v_num=-30E, loss/train=2.820]Epoch 0:  37%|███▋      | 1150/3104 [34:46<59:06,  0.55it/s, v_num=-30E, loss/train=3.060]Epoch 0:  37%|███▋      | 1151/3104 [34:47<59:01,  0.55it/s, v_num=-30E, loss/train=3.060]Epoch 0:  37%|███▋      | 1151/3104 [34:47<59:01,  0.55it/s, v_num=-30E, loss/train=3.370]Epoch 0:  37%|███▋      | 1152/3104 [34:58<59:15,  0.55it/s, v_num=-30E, loss/train=3.370]Epoch 0:  37%|███▋      | 1152/3104 [34:58<59:15,  0.55it/s, v_num=-30E, loss/train=3.110]Epoch 0:  37%|███▋      | 1153/3104 [34:58<59:10,  0.55it/s, v_num=-30E, loss/train=3.110]Epoch 0:  37%|███▋      | 1153/3104 [34:58<59:11,  0.55it/s, v_num=-30E, loss/train=3.810]Epoch 0:  37%|███▋      | 1154/3104 [34:58<59:06,  0.55it/s, v_num=-30E, loss/train=3.810]Epoch 0:  37%|███▋      | 1154/3104 [34:58<59:06,  0.55it/s, v_num=-30E, loss/train=3.230]Epoch 0:  37%|███▋      | 1155/3104 [34:58<59:01,  0.55it/s, v_num=-30E, loss/train=3.230]Epoch 0:  37%|███▋      | 1155/3104 [34:59<59:01,  0.55it/s, v_num=-30E, loss/train=3.030]Epoch 0:  37%|███▋      | 1156/3104 [34:59<58:57,  0.55it/s, v_num=-30E, loss/train=3.030]Epoch 0:  37%|███▋      | 1156/3104 [34:59<58:57,  0.55it/s, v_num=-30E, loss/train=3.190]Epoch 0:  37%|███▋      | 1157/3104 [35:07<59:05,  0.55it/s, v_num=-30E, loss/train=3.190]Epoch 0:  37%|███▋      | 1157/3104 [35:07<59:05,  0.55it/s, v_num=-30E, loss/train=3.440]Epoch 0:  37%|███▋      | 1158/3104 [35:07<59:01,  0.55it/s, v_num=-30E, loss/train=3.440]Epoch 0:  37%|███▋      | 1158/3104 [35:07<59:01,  0.55it/s, v_num=-30E, loss/train=3.250]Epoch 0:  37%|███▋      | 1159/3104 [35:07<58:56,  0.55it/s, v_num=-30E, loss/train=3.250]Epoch 0:  37%|███▋      | 1159/3104 [35:07<58:56,  0.55it/s, v_num=-30E, loss/train=3.420]Epoch 0:  37%|███▋      | 1160/3104 [35:07<58:52,  0.55it/s, v_num=-30E, loss/train=3.420]Epoch 0:  37%|███▋      | 1160/3104 [35:07<58:52,  0.55it/s, v_num=-30E, loss/train=3.660]Epoch 0:  37%|███▋      | 1161/3104 [35:07<58:47,  0.55it/s, v_num=-30E, loss/train=3.660]Epoch 0:  37%|███▋      | 1161/3104 [35:07<58:47,  0.55it/s, v_num=-30E, loss/train=3.790]Epoch 0:  37%|███▋      | 1162/3104 [35:19<59:02,  0.55it/s, v_num=-30E, loss/train=3.790]Epoch 0:  37%|███▋      | 1162/3104 [35:19<59:02,  0.55it/s, v_num=-30E, loss/train=2.960]Epoch 0:  37%|███▋      | 1163/3104 [35:19<58:57,  0.55it/s, v_num=-30E, loss/train=2.960]Epoch 0:  37%|███▋      | 1163/3104 [35:19<58:57,  0.55it/s, v_num=-30E, loss/train=3.800]Epoch 0:  38%|███▊      | 1164/3104 [35:19<58:52,  0.55it/s, v_num=-30E, loss/train=3.800]Epoch 0:  38%|███▊      | 1164/3104 [35:19<58:53,  0.55it/s, v_num=-30E, loss/train=3.400]Epoch 0:  38%|███▊      | 1165/3104 [35:19<58:48,  0.55it/s, v_num=-30E, loss/train=3.400]Epoch 0:  38%|███▊      | 1165/3104 [35:20<58:48,  0.55it/s, v_num=-30E, loss/train=3.120]Epoch 0:  38%|███▊      | 1166/3104 [35:20<58:43,  0.55it/s, v_num=-30E, loss/train=3.120]Epoch 0:  38%|███▊      | 1166/3104 [35:20<58:44,  0.55it/s, v_num=-30E, loss/train=2.850]Epoch 0:  38%|███▊      | 1167/3104 [35:32<58:59,  0.55it/s, v_num=-30E, loss/train=2.850]Epoch 0:  38%|███▊      | 1167/3104 [35:32<58:59,  0.55it/s, v_num=-30E, loss/train=2.880]Epoch 0:  38%|███▊      | 1168/3104 [35:32<58:54,  0.55it/s, v_num=-30E, loss/train=2.880]Epoch 0:  38%|███▊      | 1168/3104 [35:32<58:54,  0.55it/s, v_num=-30E, loss/train=3.260]Epoch 0:  38%|███▊      | 1169/3104 [35:32<58:50,  0.55it/s, v_num=-30E, loss/train=3.260]Epoch 0:  38%|███▊      | 1169/3104 [35:32<58:50,  0.55it/s, v_num=-30E, loss/train=2.890]Epoch 0:  38%|███▊      | 1170/3104 [35:32<58:45,  0.55it/s, v_num=-30E, loss/train=2.890]Epoch 0:  38%|███▊      | 1170/3104 [35:32<58:45,  0.55it/s, v_num=-30E, loss/train=3.200]Epoch 0:  38%|███▊      | 1171/3104 [35:33<58:41,  0.55it/s, v_num=-30E, loss/train=3.200]Epoch 0:  38%|███▊      | 1171/3104 [35:33<58:41,  0.55it/s, v_num=-30E, loss/train=2.660]Epoch 0:  38%|███▊      | 1172/3104 [35:41<58:50,  0.55it/s, v_num=-30E, loss/train=2.660]Epoch 0:  38%|███▊      | 1172/3104 [35:41<58:50,  0.55it/s, v_num=-30E, loss/train=3.440]Epoch 0:  38%|███▊      | 1173/3104 [35:41<58:45,  0.55it/s, v_num=-30E, loss/train=3.440]Epoch 0:  38%|███▊      | 1173/3104 [35:41<58:45,  0.55it/s, v_num=-30E, loss/train=3.080]Epoch 0:  38%|███▊      | 1174/3104 [35:41<58:41,  0.55it/s, v_num=-30E, loss/train=3.080]Epoch 0:  38%|███▊      | 1174/3104 [35:42<58:41,  0.55it/s, v_num=-30E, loss/train=2.950]Epoch 0:  38%|███▊      | 1175/3104 [35:42<58:36,  0.55it/s, v_num=-30E, loss/train=2.950]Epoch 0:  38%|███▊      | 1175/3104 [35:42<58:36,  0.55it/s, v_num=-30E, loss/train=3.050]Epoch 0:  38%|███▊      | 1176/3104 [35:42<58:32,  0.55it/s, v_num=-30E, loss/train=3.050]Epoch 0:  38%|███▊      | 1176/3104 [35:42<58:32,  0.55it/s, v_num=-30E, loss/train=3.130]Epoch 0:  38%|███▊      | 1177/3104 [35:53<58:45,  0.55it/s, v_num=-30E, loss/train=3.130]Epoch 0:  38%|███▊      | 1177/3104 [35:53<58:45,  0.55it/s, v_num=-30E, loss/train=2.750]Epoch 0:  38%|███▊      | 1178/3104 [35:53<58:41,  0.55it/s, v_num=-30E, loss/train=2.750]Epoch 0:  38%|███▊      | 1178/3104 [35:53<58:41,  0.55it/s, v_num=-30E, loss/train=3.080]Epoch 0:  38%|███▊      | 1179/3104 [35:53<58:36,  0.55it/s, v_num=-30E, loss/train=3.080]Epoch 0:  38%|███▊      | 1179/3104 [35:53<58:36,  0.55it/s, v_num=-30E, loss/train=2.940]Epoch 0:  38%|███▊      | 1180/3104 [35:53<58:32,  0.55it/s, v_num=-30E, loss/train=2.940]Epoch 0:  38%|███▊      | 1180/3104 [35:54<58:32,  0.55it/s, v_num=-30E, loss/train=3.030]Epoch 0:  38%|███▊      | 1181/3104 [35:54<58:27,  0.55it/s, v_num=-30E, loss/train=3.030]Epoch 0:  38%|███▊      | 1181/3104 [35:54<58:27,  0.55it/s, v_num=-30E, loss/train=2.820]Epoch 0:  38%|███▊      | 1182/3104 [36:04<58:39,  0.55it/s, v_num=-30E, loss/train=2.820]Epoch 0:  38%|███▊      | 1182/3104 [36:04<58:40,  0.55it/s, v_num=-30E, loss/train=3.220]Epoch 0:  38%|███▊      | 1183/3104 [36:04<58:35,  0.55it/s, v_num=-30E, loss/train=3.220]Epoch 0:  38%|███▊      | 1183/3104 [36:04<58:35,  0.55it/s, v_num=-30E, loss/train=2.940]Epoch 0:  38%|███▊      | 1184/3104 [36:05<58:30,  0.55it/s, v_num=-30E, loss/train=2.940]Epoch 0:  38%|███▊      | 1184/3104 [36:05<58:31,  0.55it/s, v_num=-30E, loss/train=3.180]Epoch 0:  38%|███▊      | 1185/3104 [36:05<58:26,  0.55it/s, v_num=-30E, loss/train=3.180]Epoch 0:  38%|███▊      | 1185/3104 [36:05<58:26,  0.55it/s, v_num=-30E, loss/train=3.450]Epoch 0:  38%|███▊      | 1186/3104 [36:05<58:21,  0.55it/s, v_num=-30E, loss/train=3.450]Epoch 0:  38%|███▊      | 1186/3104 [36:05<58:22,  0.55it/s, v_num=-30E, loss/train=2.860]Epoch 0:  38%|███▊      | 1187/3104 [36:15<58:32,  0.55it/s, v_num=-30E, loss/train=2.860]Epoch 0:  38%|███▊      | 1187/3104 [36:15<58:33,  0.55it/s, v_num=-30E, loss/train=3.110]Epoch 0:  38%|███▊      | 1188/3104 [36:15<58:28,  0.55it/s, v_num=-30E, loss/train=3.110]Epoch 0:  38%|███▊      | 1188/3104 [36:15<58:28,  0.55it/s, v_num=-30E, loss/train=3.040]Epoch 0:  38%|███▊      | 1189/3104 [36:15<58:23,  0.55it/s, v_num=-30E, loss/train=3.040]Epoch 0:  38%|███▊      | 1189/3104 [36:15<58:24,  0.55it/s, v_num=-30E, loss/train=3.200]Epoch 0:  38%|███▊      | 1190/3104 [36:15<58:19,  0.55it/s, v_num=-30E, loss/train=3.200]Epoch 0:  38%|███▊      | 1190/3104 [36:15<58:19,  0.55it/s, v_num=-30E, loss/train=2.860]Epoch 0:  38%|███▊      | 1191/3104 [36:15<58:15,  0.55it/s, v_num=-30E, loss/train=2.860]Epoch 0:  38%|███▊      | 1191/3104 [36:16<58:15,  0.55it/s, v_num=-30E, loss/train=2.700]Epoch 0:  38%|███▊      | 1192/3104 [36:27<58:28,  0.55it/s, v_num=-30E, loss/train=2.700]Epoch 0:  38%|███▊      | 1192/3104 [36:27<58:28,  0.55it/s, v_num=-30E, loss/train=2.840]Epoch 0:  38%|███▊      | 1193/3104 [36:27<58:23,  0.55it/s, v_num=-30E, loss/train=2.840]Epoch 0:  38%|███▊      | 1193/3104 [36:27<58:23,  0.55it/s, v_num=-30E, loss/train=2.670]Epoch 0:  38%|███▊      | 1194/3104 [36:27<58:19,  0.55it/s, v_num=-30E, loss/train=2.670]Epoch 0:  38%|███▊      | 1194/3104 [36:27<58:19,  0.55it/s, v_num=-30E, loss/train=2.950]Epoch 0:  38%|███▊      | 1195/3104 [36:27<58:14,  0.55it/s, v_num=-30E, loss/train=2.950]Epoch 0:  38%|███▊      | 1195/3104 [36:27<58:15,  0.55it/s, v_num=-30E, loss/train=3.070]Epoch 0:  39%|███▊      | 1196/3104 [36:27<58:10,  0.55it/s, v_num=-30E, loss/train=3.070]Epoch 0:  39%|███▊      | 1196/3104 [36:28<58:10,  0.55it/s, v_num=-30E, loss/train=2.970]Epoch 0:  39%|███▊      | 1197/3104 [36:34<58:16,  0.55it/s, v_num=-30E, loss/train=2.970]Epoch 0:  39%|███▊      | 1197/3104 [36:34<58:16,  0.55it/s, v_num=-30E, loss/train=3.130]Epoch 0:  39%|███▊      | 1198/3104 [36:35<58:12,  0.55it/s, v_num=-30E, loss/train=3.130]Epoch 0:  39%|███▊      | 1198/3104 [36:35<58:12,  0.55it/s, v_num=-30E, loss/train=3.380]Epoch 0:  39%|███▊      | 1199/3104 [36:35<58:07,  0.55it/s, v_num=-30E, loss/train=3.380]Epoch 0:  39%|███▊      | 1199/3104 [36:35<58:08,  0.55it/s, v_num=-30E, loss/train=2.690]Epoch 0:  39%|███▊      | 1200/3104 [36:35<58:03,  0.55it/s, v_num=-30E, loss/train=2.690]Epoch 0:  39%|███▊      | 1200/3104 [36:35<58:03,  0.55it/s, v_num=-30E, loss/train=3.160]Epoch 0:  39%|███▊      | 1201/3104 [36:35<57:59,  0.55it/s, v_num=-30E, loss/train=3.160]Epoch 0:  39%|███▊      | 1201/3104 [36:35<57:59,  0.55it/s, v_num=-30E, loss/train=2.700]Epoch 0:  39%|███▊      | 1202/3104 [36:45<58:09,  0.55it/s, v_num=-30E, loss/train=2.700]Epoch 0:  39%|███▊      | 1202/3104 [36:45<58:09,  0.55it/s, v_num=-30E, loss/train=2.640]Epoch 0:  39%|███▉      | 1203/3104 [36:45<58:04,  0.55it/s, v_num=-30E, loss/train=2.640]Epoch 0:  39%|███▉      | 1203/3104 [36:45<58:04,  0.55it/s, v_num=-30E, loss/train=2.690]Epoch 0:  39%|███▉      | 1204/3104 [36:45<58:00,  0.55it/s, v_num=-30E, loss/train=2.690]Epoch 0:  39%|███▉      | 1204/3104 [36:45<58:00,  0.55it/s, v_num=-30E, loss/train=2.810]Epoch 0:  39%|███▉      | 1205/3104 [36:45<57:55,  0.55it/s, v_num=-30E, loss/train=2.810]Epoch 0:  39%|███▉      | 1205/3104 [36:45<57:56,  0.55it/s, v_num=-30E, loss/train=3.120]Epoch 0:  39%|███▉      | 1206/3104 [36:45<57:51,  0.55it/s, v_num=-30E, loss/train=3.120]Epoch 0:  39%|███▉      | 1206/3104 [36:45<57:51,  0.55it/s, v_num=-30E, loss/train=2.930]Epoch 0:  39%|███▉      | 1207/3104 [36:53<57:58,  0.55it/s, v_num=-30E, loss/train=2.930]Epoch 0:  39%|███▉      | 1207/3104 [36:53<57:58,  0.55it/s, v_num=-30E, loss/train=2.550]Epoch 0:  39%|███▉      | 1208/3104 [36:53<57:54,  0.55it/s, v_num=-30E, loss/train=2.550]Epoch 0:  39%|███▉      | 1208/3104 [36:53<57:54,  0.55it/s, v_num=-30E, loss/train=2.900]Epoch 0:  39%|███▉      | 1209/3104 [36:53<57:50,  0.55it/s, v_num=-30E, loss/train=2.900]Epoch 0:  39%|███▉      | 1209/3104 [36:53<57:50,  0.55it/s, v_num=-30E, loss/train=3.110]Epoch 0:  39%|███▉      | 1210/3104 [36:54<57:45,  0.55it/s, v_num=-30E, loss/train=3.110]Epoch 0:  39%|███▉      | 1210/3104 [36:54<57:45,  0.55it/s, v_num=-30E, loss/train=2.970]Epoch 0:  39%|███▉      | 1211/3104 [36:54<57:41,  0.55it/s, v_num=-30E, loss/train=2.970]Epoch 0:  39%|███▉      | 1211/3104 [36:54<57:41,  0.55it/s, v_num=-30E, loss/train=2.900]Epoch 0:  39%|███▉      | 1212/3104 [37:03<57:51,  0.55it/s, v_num=-30E, loss/train=2.900]Epoch 0:  39%|███▉      | 1212/3104 [37:03<57:51,  0.55it/s, v_num=-30E, loss/train=3.140]Epoch 0:  39%|███▉      | 1213/3104 [37:03<57:46,  0.55it/s, v_num=-30E, loss/train=3.140]Epoch 0:  39%|███▉      | 1213/3104 [37:03<57:46,  0.55it/s, v_num=-30E, loss/train=2.560]Epoch 0:  39%|███▉      | 1214/3104 [37:03<57:42,  0.55it/s, v_num=-30E, loss/train=2.560]Epoch 0:  39%|███▉      | 1214/3104 [37:03<57:42,  0.55it/s, v_num=-30E, loss/train=3.010]Epoch 0:  39%|███▉      | 1215/3104 [37:04<57:37,  0.55it/s, v_num=-30E, loss/train=3.010]Epoch 0:  39%|███▉      | 1215/3104 [37:04<57:38,  0.55it/s, v_num=-30E, loss/train=3.020]Epoch 0:  39%|███▉      | 1216/3104 [37:04<57:33,  0.55it/s, v_num=-30E, loss/train=3.020]Epoch 0:  39%|███▉      | 1216/3104 [37:04<57:33,  0.55it/s, v_num=-30E, loss/train=2.820]Epoch 0:  39%|███▉      | 1217/3104 [37:12<57:42,  0.55it/s, v_num=-30E, loss/train=2.820]Epoch 0:  39%|███▉      | 1217/3104 [37:12<57:42,  0.55it/s, v_num=-30E, loss/train=3.570]Epoch 0:  39%|███▉      | 1218/3104 [37:12<57:37,  0.55it/s, v_num=-30E, loss/train=3.570]Epoch 0:  39%|███▉      | 1218/3104 [37:13<57:37,  0.55it/s, v_num=-30E, loss/train=3.090]Epoch 0:  39%|███▉      | 1219/3104 [37:13<57:33,  0.55it/s, v_num=-30E, loss/train=3.090]Epoch 0:  39%|███▉      | 1219/3104 [37:13<57:33,  0.55it/s, v_num=-30E, loss/train=3.020]Epoch 0:  39%|███▉      | 1220/3104 [37:13<57:28,  0.55it/s, v_num=-30E, loss/train=3.020]Epoch 0:  39%|███▉      | 1220/3104 [37:13<57:28,  0.55it/s, v_num=-30E, loss/train=2.940]Epoch 0:  39%|███▉      | 1221/3104 [37:13<57:24,  0.55it/s, v_num=-30E, loss/train=2.940]Epoch 0:  39%|███▉      | 1221/3104 [37:13<57:24,  0.55it/s, v_num=-30E, loss/train=2.650]Epoch 0:  39%|███▉      | 1222/3104 [37:23<57:34,  0.54it/s, v_num=-30E, loss/train=2.650]Epoch 0:  39%|███▉      | 1222/3104 [37:23<57:34,  0.54it/s, v_num=-30E, loss/train=2.890]Epoch 0:  39%|███▉      | 1223/3104 [37:23<57:30,  0.55it/s, v_num=-30E, loss/train=2.890]Epoch 0:  39%|███▉      | 1223/3104 [37:23<57:30,  0.55it/s, v_num=-30E, loss/train=2.820]Epoch 0:  39%|███▉      | 1224/3104 [37:23<57:26,  0.55it/s, v_num=-30E, loss/train=2.820]Epoch 0:  39%|███▉      | 1224/3104 [37:23<57:26,  0.55it/s, v_num=-30E, loss/train=3.030]Epoch 0:  39%|███▉      | 1225/3104 [37:23<57:21,  0.55it/s, v_num=-30E, loss/train=3.030]Epoch 0:  39%|███▉      | 1225/3104 [37:23<57:21,  0.55it/s, v_num=-30E, loss/train=3.200]Epoch 0:  39%|███▉      | 1226/3104 [37:24<57:17,  0.55it/s, v_num=-30E, loss/train=3.200]Epoch 0:  39%|███▉      | 1226/3104 [37:24<57:17,  0.55it/s, v_num=-30E, loss/train=2.820]Epoch 0:  40%|███▉      | 1227/3104 [37:35<57:29,  0.54it/s, v_num=-30E, loss/train=2.820]Epoch 0:  40%|███▉      | 1227/3104 [37:35<57:29,  0.54it/s, v_num=-30E, loss/train=3.380]Epoch 0:  40%|███▉      | 1228/3104 [37:35<57:25,  0.54it/s, v_num=-30E, loss/train=3.380]Epoch 0:  40%|███▉      | 1228/3104 [37:35<57:25,  0.54it/s, v_num=-30E, loss/train=3.040]Epoch 0:  40%|███▉      | 1229/3104 [37:35<57:21,  0.54it/s, v_num=-30E, loss/train=3.040]Epoch 0:  40%|███▉      | 1229/3104 [37:35<57:21,  0.54it/s, v_num=-30E, loss/train=3.110]Epoch 0:  40%|███▉      | 1230/3104 [37:35<57:16,  0.55it/s, v_num=-30E, loss/train=3.110]Epoch 0:  40%|███▉      | 1230/3104 [37:35<57:16,  0.55it/s, v_num=-30E, loss/train=2.850]Epoch 0:  40%|███▉      | 1231/3104 [37:35<57:12,  0.55it/s, v_num=-30E, loss/train=2.850]Epoch 0:  40%|███▉      | 1231/3104 [37:35<57:12,  0.55it/s, v_num=-30E, loss/train=3.320]Epoch 0:  40%|███▉      | 1232/3104 [37:45<57:22,  0.54it/s, v_num=-30E, loss/train=3.320]Epoch 0:  40%|███▉      | 1232/3104 [37:45<57:22,  0.54it/s, v_num=-30E, loss/train=3.010]Epoch 0:  40%|███▉      | 1233/3104 [37:46<57:18,  0.54it/s, v_num=-30E, loss/train=3.010]Epoch 0:  40%|███▉      | 1233/3104 [37:46<57:18,  0.54it/s, v_num=-30E, loss/train=3.100]Epoch 0:  40%|███▉      | 1234/3104 [37:46<57:14,  0.54it/s, v_num=-30E, loss/train=3.100]Epoch 0:  40%|███▉      | 1234/3104 [37:46<57:14,  0.54it/s, v_num=-30E, loss/train=2.760]Epoch 0:  40%|███▉      | 1235/3104 [37:46<57:09,  0.54it/s, v_num=-30E, loss/train=2.760]Epoch 0:  40%|███▉      | 1235/3104 [37:46<57:09,  0.54it/s, v_num=-30E, loss/train=3.120]Epoch 0:  40%|███▉      | 1236/3104 [37:46<57:05,  0.55it/s, v_num=-30E, loss/train=3.120]Epoch 0:  40%|███▉      | 1236/3104 [37:46<57:05,  0.55it/s, v_num=-30E, loss/train=3.750]Epoch 0:  40%|███▉      | 1237/3104 [37:56<57:15,  0.54it/s, v_num=-30E, loss/train=3.750]Epoch 0:  40%|███▉      | 1237/3104 [37:56<57:15,  0.54it/s, v_num=-30E, loss/train=2.770]Epoch 0:  40%|███▉      | 1238/3104 [37:56<57:11,  0.54it/s, v_num=-30E, loss/train=2.770]Epoch 0:  40%|███▉      | 1238/3104 [37:56<57:11,  0.54it/s, v_num=-30E, loss/train=3.570]Epoch 0:  40%|███▉      | 1239/3104 [37:56<57:07,  0.54it/s, v_num=-30E, loss/train=3.570]Epoch 0:  40%|███▉      | 1239/3104 [37:56<57:07,  0.54it/s, v_num=-30E, loss/train=3.040]Epoch 0:  40%|███▉      | 1240/3104 [37:57<57:02,  0.54it/s, v_num=-30E, loss/train=3.040]Epoch 0:  40%|███▉      | 1240/3104 [37:57<57:03,  0.54it/s, v_num=-30E, loss/train=3.530]Epoch 0:  40%|███▉      | 1241/3104 [37:57<56:58,  0.54it/s, v_num=-30E, loss/train=3.530]Epoch 0:  40%|███▉      | 1241/3104 [37:57<56:58,  0.54it/s, v_num=-30E, loss/train=3.280]Epoch 0:  40%|████      | 1242/3104 [38:07<57:09,  0.54it/s, v_num=-30E, loss/train=3.280]Epoch 0:  40%|████      | 1242/3104 [38:07<57:10,  0.54it/s, v_num=-30E, loss/train=3.350]Epoch 0:  40%|████      | 1243/3104 [38:08<57:05,  0.54it/s, v_num=-30E, loss/train=3.350]Epoch 0:  40%|████      | 1243/3104 [38:08<57:05,  0.54it/s, v_num=-30E, loss/train=3.310]Epoch 0:  40%|████      | 1244/3104 [38:08<57:01,  0.54it/s, v_num=-30E, loss/train=3.310]Epoch 0:  40%|████      | 1244/3104 [38:08<57:01,  0.54it/s, v_num=-30E, loss/train=3.360]Epoch 0:  40%|████      | 1245/3104 [38:08<56:57,  0.54it/s, v_num=-30E, loss/train=3.360]Epoch 0:  40%|████      | 1245/3104 [38:08<56:57,  0.54it/s, v_num=-30E, loss/train=2.600]Epoch 0:  40%|████      | 1246/3104 [38:08<56:53,  0.54it/s, v_num=-30E, loss/train=2.600]Epoch 0:  40%|████      | 1246/3104 [38:08<56:53,  0.54it/s, v_num=-30E, loss/train=2.760]Epoch 0:  40%|████      | 1247/3104 [38:15<56:58,  0.54it/s, v_num=-30E, loss/train=2.760]Epoch 0:  40%|████      | 1247/3104 [38:15<56:58,  0.54it/s, v_num=-30E, loss/train=2.640]Epoch 0:  40%|████      | 1248/3104 [38:15<56:54,  0.54it/s, v_num=-30E, loss/train=2.640]Epoch 0:  40%|████      | 1248/3104 [38:16<56:54,  0.54it/s, v_num=-30E, loss/train=2.970]Epoch 0:  40%|████      | 1249/3104 [38:16<56:50,  0.54it/s, v_num=-30E, loss/train=2.970]Epoch 0:  40%|████      | 1249/3104 [38:16<56:50,  0.54it/s, v_num=-30E, loss/train=2.960]Epoch 0:  40%|████      | 1250/3104 [38:16<56:45,  0.54it/s, v_num=-30E, loss/train=2.960]Epoch 0:  40%|████      | 1250/3104 [38:16<56:46,  0.54it/s, v_num=-30E, loss/train=3.020]Epoch 0:  40%|████      | 1251/3104 [38:16<56:41,  0.54it/s, v_num=-30E, loss/train=3.020]Epoch 0:  40%|████      | 1251/3104 [38:16<56:41,  0.54it/s, v_num=-30E, loss/train=2.440]Epoch 0:  40%|████      | 1252/3104 [38:27<56:53,  0.54it/s, v_num=-30E, loss/train=2.440]Epoch 0:  40%|████      | 1252/3104 [38:27<56:53,  0.54it/s, v_num=-30E, loss/train=3.180]Epoch 0:  40%|████      | 1253/3104 [38:27<56:49,  0.54it/s, v_num=-30E, loss/train=3.180]Epoch 0:  40%|████      | 1253/3104 [38:27<56:49,  0.54it/s, v_num=-30E, loss/train=3.290]Epoch 0:  40%|████      | 1254/3104 [38:28<56:45,  0.54it/s, v_num=-30E, loss/train=3.290]Epoch 0:  40%|████      | 1254/3104 [38:28<56:45,  0.54it/s, v_num=-30E, loss/train=3.150]Epoch 0:  40%|████      | 1255/3104 [38:28<56:41,  0.54it/s, v_num=-30E, loss/train=3.150]Epoch 0:  40%|████      | 1255/3104 [38:28<56:41,  0.54it/s, v_num=-30E, loss/train=3.290]Epoch 0:  40%|████      | 1256/3104 [38:28<56:36,  0.54it/s, v_num=-30E, loss/train=3.290]Epoch 0:  40%|████      | 1256/3104 [38:28<56:36,  0.54it/s, v_num=-30E, loss/train=2.950]Epoch 0:  40%|████      | 1257/3104 [38:38<56:47,  0.54it/s, v_num=-30E, loss/train=2.950]Epoch 0:  40%|████      | 1257/3104 [38:38<56:47,  0.54it/s, v_num=-30E, loss/train=3.290]Epoch 0:  41%|████      | 1258/3104 [38:38<56:42,  0.54it/s, v_num=-30E, loss/train=3.290]Epoch 0:  41%|████      | 1258/3104 [38:38<56:42,  0.54it/s, v_num=-30E, loss/train=2.720]Epoch 0:  41%|████      | 1259/3104 [38:39<56:38,  0.54it/s, v_num=-30E, loss/train=2.720]Epoch 0:  41%|████      | 1259/3104 [38:39<56:38,  0.54it/s, v_num=-30E, loss/train=2.820]Epoch 0:  41%|████      | 1260/3104 [38:39<56:34,  0.54it/s, v_num=-30E, loss/train=2.820]Epoch 0:  41%|████      | 1260/3104 [38:39<56:34,  0.54it/s, v_num=-30E, loss/train=2.960]Epoch 0:  41%|████      | 1261/3104 [38:39<56:30,  0.54it/s, v_num=-30E, loss/train=2.960]Epoch 0:  41%|████      | 1261/3104 [38:39<56:30,  0.54it/s, v_num=-30E, loss/train=3.000]Epoch 0:  41%|████      | 1262/3104 [38:48<56:38,  0.54it/s, v_num=-30E, loss/train=3.000]Epoch 0:  41%|████      | 1262/3104 [38:48<56:38,  0.54it/s, v_num=-30E, loss/train=2.520]Epoch 0:  41%|████      | 1263/3104 [38:48<56:33,  0.54it/s, v_num=-30E, loss/train=2.520]Epoch 0:  41%|████      | 1263/3104 [38:48<56:33,  0.54it/s, v_num=-30E, loss/train=2.970]Epoch 0:  41%|████      | 1264/3104 [38:48<56:29,  0.54it/s, v_num=-30E, loss/train=2.970]Epoch 0:  41%|████      | 1264/3104 [38:48<56:30,  0.54it/s, v_num=-30E, loss/train=2.410]Epoch 0:  41%|████      | 1265/3104 [38:49<56:27,  0.54it/s, v_num=-30E, loss/train=2.410]Epoch 0:  41%|████      | 1265/3104 [38:49<56:27,  0.54it/s, v_num=-30E, loss/train=2.640]Epoch 0:  41%|████      | 1266/3104 [38:50<56:22,  0.54it/s, v_num=-30E, loss/train=2.640]Epoch 0:  41%|████      | 1266/3104 [38:50<56:22,  0.54it/s, v_num=-30E, loss/train=2.780]Epoch 0:  41%|████      | 1267/3104 [38:58<56:31,  0.54it/s, v_num=-30E, loss/train=2.780]Epoch 0:  41%|████      | 1267/3104 [38:58<56:31,  0.54it/s, v_num=-30E, loss/train=2.600]Epoch 0:  41%|████      | 1268/3104 [38:59<56:26,  0.54it/s, v_num=-30E, loss/train=2.600]Epoch 0:  41%|████      | 1268/3104 [38:59<56:26,  0.54it/s, v_num=-30E, loss/train=3.090]Epoch 0:  41%|████      | 1269/3104 [38:59<56:22,  0.54it/s, v_num=-30E, loss/train=3.090]Epoch 0:  41%|████      | 1269/3104 [38:59<56:22,  0.54it/s, v_num=-30E, loss/train=2.710]Epoch 0:  41%|████      | 1270/3104 [38:59<56:18,  0.54it/s, v_num=-30E, loss/train=2.710]Epoch 0:  41%|████      | 1270/3104 [38:59<56:18,  0.54it/s, v_num=-30E, loss/train=3.110]Epoch 0:  41%|████      | 1271/3104 [38:59<56:14,  0.54it/s, v_num=-30E, loss/train=3.110]Epoch 0:  41%|████      | 1271/3104 [38:59<56:14,  0.54it/s, v_num=-30E, loss/train=3.330]Epoch 0:  41%|████      | 1272/3104 [39:10<56:25,  0.54it/s, v_num=-30E, loss/train=3.330]Epoch 0:  41%|████      | 1272/3104 [39:10<56:25,  0.54it/s, v_num=-30E, loss/train=3.100]Epoch 0:  41%|████      | 1273/3104 [39:10<56:20,  0.54it/s, v_num=-30E, loss/train=3.100]Epoch 0:  41%|████      | 1273/3104 [39:10<56:21,  0.54it/s, v_num=-30E, loss/train=2.640]Epoch 0:  41%|████      | 1274/3104 [39:10<56:16,  0.54it/s, v_num=-30E, loss/train=2.640]Epoch 0:  41%|████      | 1274/3104 [39:10<56:16,  0.54it/s, v_num=-30E, loss/train=3.280]Epoch 0:  41%|████      | 1275/3104 [39:10<56:12,  0.54it/s, v_num=-30E, loss/train=3.280]Epoch 0:  41%|████      | 1275/3104 [39:11<56:12,  0.54it/s, v_num=-30E, loss/train=2.820]Epoch 0:  41%|████      | 1276/3104 [39:11<56:08,  0.54it/s, v_num=-30E, loss/train=2.820]Epoch 0:  41%|████      | 1276/3104 [39:11<56:08,  0.54it/s, v_num=-30E, loss/train=2.950]Epoch 0:  41%|████      | 1277/3104 [39:19<56:15,  0.54it/s, v_num=-30E, loss/train=2.950]Epoch 0:  41%|████      | 1277/3104 [39:19<56:15,  0.54it/s, v_num=-30E, loss/train=2.720]Epoch 0:  41%|████      | 1278/3104 [39:19<56:11,  0.54it/s, v_num=-30E, loss/train=2.720]Epoch 0:  41%|████      | 1278/3104 [39:19<56:11,  0.54it/s, v_num=-30E, loss/train=3.520]Epoch 0:  41%|████      | 1279/3104 [39:20<56:07,  0.54it/s, v_num=-30E, loss/train=3.520]Epoch 0:  41%|████      | 1279/3104 [39:20<56:07,  0.54it/s, v_num=-30E, loss/train=2.930]Epoch 0:  41%|████      | 1280/3104 [39:20<56:04,  0.54it/s, v_num=-30E, loss/train=2.930]Epoch 0:  41%|████      | 1280/3104 [39:21<56:04,  0.54it/s, v_num=-30E, loss/train=3.660]Epoch 0:  41%|████▏     | 1281/3104 [39:21<56:00,  0.54it/s, v_num=-30E, loss/train=3.660]Epoch 0:  41%|████▏     | 1281/3104 [39:21<56:00,  0.54it/s, v_num=-30E, loss/train=3.380]Epoch 0:  41%|████▏     | 1282/3104 [39:31<56:10,  0.54it/s, v_num=-30E, loss/train=3.380]Epoch 0:  41%|████▏     | 1282/3104 [39:31<56:10,  0.54it/s, v_num=-30E, loss/train=2.810]Epoch 0:  41%|████▏     | 1283/3104 [39:31<56:05,  0.54it/s, v_num=-30E, loss/train=2.810]Epoch 0:  41%|████▏     | 1283/3104 [39:31<56:05,  0.54it/s, v_num=-30E, loss/train=4.220]Epoch 0:  41%|████▏     | 1284/3104 [39:31<56:01,  0.54it/s, v_num=-30E, loss/train=4.220]Epoch 0:  41%|████▏     | 1284/3104 [39:31<56:01,  0.54it/s, v_num=-30E, loss/train=3.570]Epoch 0:  41%|████▏     | 1285/3104 [39:31<55:57,  0.54it/s, v_num=-30E, loss/train=3.570]Epoch 0:  41%|████▏     | 1285/3104 [39:31<55:57,  0.54it/s, v_num=-30E, loss/train=4.410]Epoch 0:  41%|████▏     | 1286/3104 [39:31<55:53,  0.54it/s, v_num=-30E, loss/train=4.410]Epoch 0:  41%|████▏     | 1286/3104 [39:31<55:53,  0.54it/s, v_num=-30E, loss/train=3.290]Epoch 0:  41%|████▏     | 1287/3104 [39:40<56:00,  0.54it/s, v_num=-30E, loss/train=3.290]Epoch 0:  41%|████▏     | 1287/3104 [39:40<56:00,  0.54it/s, v_num=-30E, loss/train=3.630]Epoch 0:  41%|████▏     | 1288/3104 [39:40<55:56,  0.54it/s, v_num=-30E, loss/train=3.630]Epoch 0:  41%|████▏     | 1288/3104 [39:40<55:56,  0.54it/s, v_num=-30E, loss/train=3.530]Epoch 0:  42%|████▏     | 1289/3104 [39:40<55:52,  0.54it/s, v_num=-30E, loss/train=3.530]Epoch 0:  42%|████▏     | 1289/3104 [39:40<55:52,  0.54it/s, v_num=-30E, loss/train=3.190]Epoch 0:  42%|████▏     | 1290/3104 [39:40<55:48,  0.54it/s, v_num=-30E, loss/train=3.190]Epoch 0:  42%|████▏     | 1290/3104 [39:40<55:48,  0.54it/s, v_num=-30E, loss/train=3.100]Epoch 0:  42%|████▏     | 1291/3104 [39:41<55:43,  0.54it/s, v_num=-30E, loss/train=3.100]Epoch 0:  42%|████▏     | 1291/3104 [39:41<55:43,  0.54it/s, v_num=-30E, loss/train=3.490]Epoch 0:  42%|████▏     | 1292/3104 [39:49<55:50,  0.54it/s, v_num=-30E, loss/train=3.490]Epoch 0:  42%|████▏     | 1292/3104 [39:49<55:51,  0.54it/s, v_num=-30E, loss/train=3.220]Epoch 0:  42%|████▏     | 1293/3104 [39:49<55:46,  0.54it/s, v_num=-30E, loss/train=3.220]Epoch 0:  42%|████▏     | 1293/3104 [39:49<55:46,  0.54it/s, v_num=-30E, loss/train=3.690]Epoch 0:  42%|████▏     | 1294/3104 [39:49<55:42,  0.54it/s, v_num=-30E, loss/train=3.690]Epoch 0:  42%|████▏     | 1294/3104 [39:49<55:42,  0.54it/s, v_num=-30E, loss/train=3.750]Epoch 0:  42%|████▏     | 1295/3104 [39:49<55:38,  0.54it/s, v_num=-30E, loss/train=3.750]Epoch 0:  42%|████▏     | 1295/3104 [39:50<55:38,  0.54it/s, v_num=-30E, loss/train=3.460]Epoch 0:  42%|████▏     | 1296/3104 [39:50<55:34,  0.54it/s, v_num=-30E, loss/train=3.460]Epoch 0:  42%|████▏     | 1296/3104 [39:50<55:34,  0.54it/s, v_num=-30E, loss/train=3.470]Epoch 0:  42%|████▏     | 1297/3104 [40:00<55:44,  0.54it/s, v_num=-30E, loss/train=3.470]Epoch 0:  42%|████▏     | 1297/3104 [40:00<55:44,  0.54it/s, v_num=-30E, loss/train=3.040]Epoch 0:  42%|████▏     | 1298/3104 [40:00<55:40,  0.54it/s, v_num=-30E, loss/train=3.040]Epoch 0:  42%|████▏     | 1298/3104 [40:01<55:40,  0.54it/s, v_num=-30E, loss/train=3.220]Epoch 0:  42%|████▏     | 1299/3104 [40:01<55:36,  0.54it/s, v_num=-30E, loss/train=3.220]Epoch 0:  42%|████▏     | 1299/3104 [40:01<55:36,  0.54it/s, v_num=-30E, loss/train=3.600]Epoch 0:  42%|████▏     | 1300/3104 [40:01<55:32,  0.54it/s, v_num=-30E, loss/train=3.600]Epoch 0:  42%|████▏     | 1300/3104 [40:01<55:32,  0.54it/s, v_num=-30E, loss/train=3.100]Epoch 0:  42%|████▏     | 1301/3104 [40:01<55:28,  0.54it/s, v_num=-30E, loss/train=3.100]Epoch 0:  42%|████▏     | 1301/3104 [40:01<55:28,  0.54it/s, v_num=-30E, loss/train=3.320]Epoch 0:  42%|████▏     | 1302/3104 [40:10<55:36,  0.54it/s, v_num=-30E, loss/train=3.320]Epoch 0:  42%|████▏     | 1302/3104 [40:10<55:36,  0.54it/s, v_num=-30E, loss/train=3.620]Epoch 0:  42%|████▏     | 1303/3104 [40:10<55:32,  0.54it/s, v_num=-30E, loss/train=3.620]Epoch 0:  42%|████▏     | 1303/3104 [40:11<55:32,  0.54it/s, v_num=-30E, loss/train=3.080]Epoch 0:  42%|████▏     | 1304/3104 [40:11<55:28,  0.54it/s, v_num=-30E, loss/train=3.080]Epoch 0:  42%|████▏     | 1304/3104 [40:11<55:28,  0.54it/s, v_num=-30E, loss/train=3.390]Epoch 0:  42%|████▏     | 1305/3104 [40:11<55:24,  0.54it/s, v_num=-30E, loss/train=3.390]Epoch 0:  42%|████▏     | 1305/3104 [40:11<55:24,  0.54it/s, v_num=-30E, loss/train=3.040]Epoch 0:  42%|████▏     | 1306/3104 [40:11<55:20,  0.54it/s, v_num=-30E, loss/train=3.040]Epoch 0:  42%|████▏     | 1306/3104 [40:11<55:20,  0.54it/s, v_num=-30E, loss/train=3.180]Epoch 0:  42%|████▏     | 1307/3104 [40:20<55:27,  0.54it/s, v_num=-30E, loss/train=3.180]Epoch 0:  42%|████▏     | 1307/3104 [40:20<55:27,  0.54it/s, v_num=-30E, loss/train=2.710]Epoch 0:  42%|████▏     | 1308/3104 [40:20<55:23,  0.54it/s, v_num=-30E, loss/train=2.710]Epoch 0:  42%|████▏     | 1308/3104 [40:20<55:23,  0.54it/s, v_num=-30E, loss/train=3.190]Epoch 0:  42%|████▏     | 1309/3104 [40:20<55:19,  0.54it/s, v_num=-30E, loss/train=3.190]Epoch 0:  42%|████▏     | 1309/3104 [40:20<55:19,  0.54it/s, v_num=-30E, loss/train=3.140]Epoch 0:  42%|████▏     | 1310/3104 [40:20<55:14,  0.54it/s, v_num=-30E, loss/train=3.140]Epoch 0:  42%|████▏     | 1310/3104 [40:20<55:15,  0.54it/s, v_num=-30E, loss/train=3.120]Epoch 0:  42%|████▏     | 1311/3104 [40:20<55:10,  0.54it/s, v_num=-30E, loss/train=3.120]Epoch 0:  42%|████▏     | 1311/3104 [40:20<55:10,  0.54it/s, v_num=-30E, loss/train=3.650]Epoch 0:  42%|████▏     | 1312/3104 [40:43<55:37,  0.54it/s, v_num=-30E, loss/train=3.650]Epoch 0:  42%|████▏     | 1312/3104 [40:43<55:37,  0.54it/s, v_num=-30E, loss/train=3.160]Epoch 0:  42%|████▏     | 1313/3104 [40:43<55:33,  0.54it/s, v_num=-30E, loss/train=3.160]Epoch 0:  42%|████▏     | 1313/3104 [40:43<55:33,  0.54it/s, v_num=-30E, loss/train=2.860]Epoch 0:  42%|████▏     | 1314/3104 [40:43<55:28,  0.54it/s, v_num=-30E, loss/train=2.860]Epoch 0:  42%|████▏     | 1314/3104 [40:43<55:28,  0.54it/s, v_num=-30E, loss/train=3.030]Epoch 0:  42%|████▏     | 1315/3104 [40:43<55:24,  0.54it/s, v_num=-30E, loss/train=3.030]Epoch 0:  42%|████▏     | 1315/3104 [40:43<55:24,  0.54it/s, v_num=-30E, loss/train=3.090]Epoch 0:  42%|████▏     | 1316/3104 [40:44<55:20,  0.54it/s, v_num=-30E, loss/train=3.090]Epoch 0:  42%|████▏     | 1316/3104 [40:44<55:20,  0.54it/s, v_num=-30E, loss/train=3.040]Epoch 0:  42%|████▏     | 1317/3104 [40:45<55:18,  0.54it/s, v_num=-30E, loss/train=3.040]Epoch 0:  42%|████▏     | 1317/3104 [40:45<55:18,  0.54it/s, v_num=-30E, loss/train=2.890]Epoch 0:  42%|████▏     | 1318/3104 [40:45<55:14,  0.54it/s, v_num=-30E, loss/train=2.890]Epoch 0:  42%|████▏     | 1318/3104 [40:45<55:14,  0.54it/s, v_num=-30E, loss/train=2.640]Epoch 0:  42%|████▏     | 1319/3104 [40:46<55:10,  0.54it/s, v_num=-30E, loss/train=2.640]Epoch 0:  42%|████▏     | 1319/3104 [40:46<55:10,  0.54it/s, v_num=-30E, loss/train=2.550]Epoch 0:  43%|████▎     | 1320/3104 [40:46<55:06,  0.54it/s, v_num=-30E, loss/train=2.550]Epoch 0:  43%|████▎     | 1320/3104 [40:46<55:06,  0.54it/s, v_num=-30E, loss/train=3.090]Epoch 0:  43%|████▎     | 1321/3104 [40:46<55:02,  0.54it/s, v_num=-30E, loss/train=3.090]Epoch 0:  43%|████▎     | 1321/3104 [40:46<55:02,  0.54it/s, v_num=-30E, loss/train=2.980]Epoch 0:  43%|████▎     | 1322/3104 [40:47<54:59,  0.54it/s, v_num=-30E, loss/train=2.980]Epoch 0:  43%|████▎     | 1322/3104 [40:47<54:59,  0.54it/s, v_num=-30E, loss/train=3.430]Epoch 0:  43%|████▎     | 1323/3104 [40:47<54:55,  0.54it/s, v_num=-30E, loss/train=3.430]Epoch 0:  43%|████▎     | 1323/3104 [40:47<54:55,  0.54it/s, v_num=-30E, loss/train=3.100]Epoch 0:  43%|████▎     | 1324/3104 [40:48<54:51,  0.54it/s, v_num=-30E, loss/train=3.100]Epoch 0:  43%|████▎     | 1324/3104 [40:48<54:51,  0.54it/s, v_num=-30E, loss/train=3.090]Epoch 0:  43%|████▎     | 1325/3104 [40:48<54:47,  0.54it/s, v_num=-30E, loss/train=3.090]Epoch 0:  43%|████▎     | 1325/3104 [40:48<54:47,  0.54it/s, v_num=-30E, loss/train=2.810]Epoch 0:  43%|████▎     | 1326/3104 [40:48<54:43,  0.54it/s, v_num=-30E, loss/train=2.810]Epoch 0:  43%|████▎     | 1326/3104 [40:48<54:43,  0.54it/s, v_num=-30E, loss/train=3.000]Epoch 0:  43%|████▎     | 1327/3104 [40:49<54:40,  0.54it/s, v_num=-30E, loss/train=3.000]Epoch 0:  43%|████▎     | 1327/3104 [40:49<54:40,  0.54it/s, v_num=-30E, loss/train=3.390]Epoch 0:  43%|████▎     | 1328/3104 [40:49<54:36,  0.54it/s, v_num=-30E, loss/train=3.390]Epoch 0:  43%|████▎     | 1328/3104 [40:49<54:36,  0.54it/s, v_num=-30E, loss/train=3.070]Epoch 0:  43%|████▎     | 1329/3104 [40:50<54:32,  0.54it/s, v_num=-30E, loss/train=3.070]Epoch 0:  43%|████▎     | 1329/3104 [40:50<54:32,  0.54it/s, v_num=-30E, loss/train=2.600]Epoch 0:  43%|████▎     | 1330/3104 [40:50<54:29,  0.54it/s, v_num=-30E, loss/train=2.600]Epoch 0:  43%|████▎     | 1330/3104 [40:50<54:29,  0.54it/s, v_num=-30E, loss/train=2.650]Epoch 0:  43%|████▎     | 1331/3104 [40:51<54:25,  0.54it/s, v_num=-30E, loss/train=2.650]Epoch 0:  43%|████▎     | 1331/3104 [40:51<54:25,  0.54it/s, v_num=-30E, loss/train=2.900]Epoch 0:  43%|████▎     | 1332/3104 [41:33<55:17,  0.53it/s, v_num=-30E, loss/train=2.900]Epoch 0:  43%|████▎     | 1332/3104 [41:33<55:17,  0.53it/s, v_num=-30E, loss/train=2.750]Epoch 0:  43%|████▎     | 1333/3104 [41:33<55:13,  0.53it/s, v_num=-30E, loss/train=2.750]Epoch 0:  43%|████▎     | 1333/3104 [41:34<55:13,  0.53it/s, v_num=-30E, loss/train=2.660]Epoch 0:  43%|████▎     | 1334/3104 [41:34<55:09,  0.53it/s, v_num=-30E, loss/train=2.660]Epoch 0:  43%|████▎     | 1334/3104 [41:34<55:09,  0.53it/s, v_num=-30E, loss/train=2.520]Epoch 0:  43%|████▎     | 1335/3104 [41:34<55:05,  0.54it/s, v_num=-30E, loss/train=2.520]Epoch 0:  43%|████▎     | 1335/3104 [41:34<55:05,  0.54it/s, v_num=-30E, loss/train=2.620]Epoch 0:  43%|████▎     | 1336/3104 [41:35<55:01,  0.54it/s, v_num=-30E, loss/train=2.620]Epoch 0:  43%|████▎     | 1336/3104 [41:35<55:01,  0.54it/s, v_num=-30E, loss/train=3.000]Epoch 0:  43%|████▎     | 1337/3104 [41:36<54:59,  0.54it/s, v_num=-30E, loss/train=3.000]Epoch 0:  43%|████▎     | 1337/3104 [41:36<54:59,  0.54it/s, v_num=-30E, loss/train=2.840]Epoch 0:  43%|████▎     | 1338/3104 [41:36<54:55,  0.54it/s, v_num=-30E, loss/train=2.840]Epoch 0:  43%|████▎     | 1338/3104 [41:36<54:55,  0.54it/s, v_num=-30E, loss/train=2.580]Epoch 0:  43%|████▎     | 1339/3104 [41:36<54:51,  0.54it/s, v_num=-30E, loss/train=2.580]Epoch 0:  43%|████▎     | 1339/3104 [41:36<54:51,  0.54it/s, v_num=-30E, loss/train=2.610]Epoch 0:  43%|████▎     | 1340/3104 [41:36<54:47,  0.54it/s, v_num=-30E, loss/train=2.610]Epoch 0:  43%|████▎     | 1340/3104 [41:36<54:47,  0.54it/s, v_num=-30E, loss/train=2.830]Epoch 0:  43%|████▎     | 1341/3104 [41:37<54:42,  0.54it/s, v_num=-30E, loss/train=2.830]Epoch 0:  43%|████▎     | 1341/3104 [41:37<54:42,  0.54it/s, v_num=-30E, loss/train=3.250]Epoch 0:  43%|████▎     | 1342/3104 [41:38<54:39,  0.54it/s, v_num=-30E, loss/train=3.250]Epoch 0:  43%|████▎     | 1342/3104 [41:38<54:39,  0.54it/s, v_num=-30E, loss/train=2.710]Epoch 0:  43%|████▎     | 1343/3104 [41:38<54:36,  0.54it/s, v_num=-30E, loss/train=2.710]Epoch 0:  43%|████▎     | 1343/3104 [41:38<54:36,  0.54it/s, v_num=-30E, loss/train=2.490]Epoch 0:  43%|████▎     | 1344/3104 [41:38<54:32,  0.54it/s, v_num=-30E, loss/train=2.490]Epoch 0:  43%|████▎     | 1344/3104 [41:38<54:32,  0.54it/s, v_num=-30E, loss/train=2.420]Epoch 0:  43%|████▎     | 1345/3104 [41:39<54:28,  0.54it/s, v_num=-30E, loss/train=2.420]Epoch 0:  43%|████▎     | 1345/3104 [41:39<54:28,  0.54it/s, v_num=-30E, loss/train=3.040]Epoch 0:  43%|████▎     | 1346/3104 [41:39<54:24,  0.54it/s, v_num=-30E, loss/train=3.040]Epoch 0:  43%|████▎     | 1346/3104 [41:39<54:24,  0.54it/s, v_num=-30E, loss/train=3.010]Epoch 0:  43%|████▎     | 1347/3104 [41:40<54:21,  0.54it/s, v_num=-30E, loss/train=3.010]Epoch 0:  43%|████▎     | 1347/3104 [41:40<54:21,  0.54it/s, v_num=-30E, loss/train=2.940]Epoch 0:  43%|████▎     | 1348/3104 [41:40<54:17,  0.54it/s, v_num=-30E, loss/train=2.940]Epoch 0:  43%|████▎     | 1348/3104 [41:40<54:17,  0.54it/s, v_num=-30E, loss/train=2.590]Epoch 0:  43%|████▎     | 1349/3104 [41:41<54:13,  0.54it/s, v_num=-30E, loss/train=2.590]Epoch 0:  43%|████▎     | 1349/3104 [41:41<54:13,  0.54it/s, v_num=-30E, loss/train=2.850]Epoch 0:  43%|████▎     | 1350/3104 [41:42<54:11,  0.54it/s, v_num=-30E, loss/train=2.850]Epoch 0:  43%|████▎   [rank5]:[E629 15:07:07.091754780 ProcessGroupNCCL.cpp:685] [Rank 5] Watchdog caught collective operation timeout: WorkNCCL(SeqNum=113666, OpType=ALLREDUCE, NumelIn=1, NumelOut=1, Timeout(ms)=1800000) ran for 1800017 milliseconds before timing out.
[rank5]:[E629 15:07:07.092190935 ProcessGroupNCCL.cpp:2252] [PG ID 0 PG GUID 0(default_pg) Rank 5]  failure detected by watchdog at work sequence id: 113666 PG status: last enqueued work: 113666, last completed work: 113665
[rank4]:[E629 15:07:07.099498094 ProcessGroupNCCL.cpp:685] [Rank 4] Watchdog caught collective operation timeout: WorkNCCL(SeqNum=113666, OpType=ALLREDUCE, NumelIn=1, NumelOut=1, Timeout(ms)=1800000) ran for 1800012 milliseconds before timing out.
[rank4]:[E629 15:07:07.100045127 ProcessGroupNCCL.cpp:2252] [PG ID 0 PG GUID 0(default_pg) Rank 4]  failure detected by watchdog at work sequence id: 113666 PG status: last enqueued work: 113666, last completed work: 113665
[rank6]:[E629 15:07:07.100807818 ProcessGroupNCCL.cpp:685] [Rank 6] Watchdog caught collective operation timeout: WorkNCCL(SeqNum=113666, OpType=ALLREDUCE, NumelIn=1, NumelOut=1, Timeout(ms)=1800000) ran for 1800019 milliseconds before timing out.
[rank6]:[E629 15:07:07.101181373 ProcessGroupNCCL.cpp:2252] [PG ID 0 PG GUID 0(default_pg) Rank 6]  failure detected by watchdog at work sequence id: 113666 PG status: last enqueued work: 113666, last completed work: 113665
[rank7]:[E629 15:07:07.112722410 ProcessGroupNCCL.cpp:685] [Rank 7] Watchdog caught collective operation timeout: WorkNCCL(SeqNum=113666, OpType=ALLREDUCE, NumelIn=1, NumelOut=1, Timeout(ms)=1800000) ran for 1800029 milliseconds before timing out.
[rank7]:[E629 15:07:07.113125125 ProcessGroupNCCL.cpp:2252] [PG ID 0 PG GUID 0(default_pg) Rank 7]  failure detected by watchdog at work sequence id: 113666 PG status: last enqueued work: 113666, last completed work: 113665
[rank0]:[E629 15:07:07.145607673 ProcessGroupNCCL.cpp:685] [Rank 0] Watchdog caught collective operation timeout: WorkNCCL(SeqNum=113666, OpType=ALLREDUCE, NumelIn=1, NumelOut=1, Timeout(ms)=1800000) ran for 1800062 milliseconds before timing out.
[rank0]:[E629 15:07:07.146108857 ProcessGroupNCCL.cpp:2252] [PG ID 0 PG GUID 0(default_pg) Rank 0]  failure detected by watchdog at work sequence id: 113666 PG status: last enqueued work: 113666, last completed work: 113665
[rank1]:[E629 15:07:07.148824493 ProcessGroupNCCL.cpp:685] [Rank 1] Watchdog caught collective operation timeout: WorkNCCL(SeqNum=113666, OpType=ALLREDUCE, NumelIn=1, NumelOut=1, Timeout(ms)=1800000) ran for 1800072 milliseconds before timing out.
[rank1]:[E629 15:07:07.149326117 ProcessGroupNCCL.cpp:2252] [PG ID 0 PG GUID 0(default_pg) Rank 1]  failure detected by watchdog at work sequence id: 113666 PG status: last enqueued work: 113666, last completed work: 113665
[rank2]:[E629 15:07:07.164626118 ProcessGroupNCCL.cpp:685] [Rank 2] Watchdog caught collective operation timeout: WorkNCCL(SeqNum=113666, OpType=ALLREDUCE, NumelIn=1, NumelOut=1, Timeout(ms)=1800000) ran for 1800054 milliseconds before timing out.
[rank2]:[E629 15:07:07.165016743 ProcessGroupNCCL.cpp:2252] [PG ID 0 PG GUID 0(default_pg) Rank 2]  failure detected by watchdog at work sequence id: 113666 PG status: last enqueued work: 113666, last completed work: 113665
[rank5]:[E629 15:14:44.853454767 ProcessGroupNCCL.cpp:732] Stack trace of the failed collective not found, potentially because FlightRecorder is disabled. You can enable it by setting TORCH_NCCL_TRACE_BUFFER_SIZE to a non-zero value.
[rank0]:[E629 15:14:44.853537756 ProcessGroupNCCL.cpp:732] Stack trace of the failed collective not found, potentially because FlightRecorder is disabled. You can enable it by setting TORCH_NCCL_TRACE_BUFFER_SIZE to a non-zero value.
[rank0]:[E629 15:14:44.853631215 ProcessGroupNCCL.cpp:2584] [PG ID 0 PG GUID 0(default_pg) Rank 0] First PG on this rank to signal dumping.
[rank1]:[E629 15:14:44.853553756 ProcessGroupNCCL.cpp:732] Stack trace of the failed collective not found, potentially because FlightRecorder is disabled. You can enable it by setting TORCH_NCCL_TRACE_BUFFER_SIZE to a non-zero value.
[rank2]:[E629 15:14:44.853547286 ProcessGroupNCCL.cpp:732] Stack trace of the failed collective not found, potentially because FlightRecorder is disabled. You can enable it by setting TORCH_NCCL_TRACE_BUFFER_SIZE to a non-zero value.
[rank2]:[E629 15:14:44.853664115 ProcessGroupNCCL.cpp:2584] [PG ID 0 PG GUID 0(default_pg) Rank 2] First PG on this rank to signal dumping.
[rank4]:[E629 15:14:44.853499627 ProcessGroupNCCL.cpp:732] Stack trace of the failed collective not found, potentially because FlightRecorder is disabled. You can enable it by setting TORCH_NCCL_TRACE_BUFFER_SIZE to a non-zero value.
[rank4]:[E629 15:14:44.853632795 ProcessGroupNCCL.cpp:2584] [PG ID 0 PG GUID 0(default_pg) Rank 4] First PG on this rank to signal dumping.
[rank5]:[E629 15:14:44.853600445 ProcessGroupNCCL.cpp:2584] [PG ID 0 PG GUID 0(default_pg) Rank 5] First PG on this rank to signal dumping.
[rank6]:[E629 15:14:44.853514496 ProcessGroupNCCL.cpp:732] Stack trace of the failed collective not found, potentially because FlightRecorder is disabled. You can enable it by setting TORCH_NCCL_TRACE_BUFFER_SIZE to a non-zero value.
[rank6]:[E629 15:14:44.853641955 ProcessGroupNCCL.cpp:2584] [PG ID 0 PG GUID 0(default_pg) Rank 6] First PG on this rank to signal dumping.
[rank7]:[E629 15:14:44.853520126 ProcessGroupNCCL.cpp:732] Stack trace of the failed collective not found, potentially because FlightRecorder is disabled. You can enable it by setting TORCH_NCCL_TRACE_BUFFER_SIZE to a non-zero value.
[rank7]:[E629 15:14:44.853631985 ProcessGroupNCCL.cpp:2584] [PG ID 0 PG GUID 0(default_pg) Rank 7] First PG on this rank to signal dumping.
[rank1]:[E629 15:14:44.853699214 ProcessGroupNCCL.cpp:2584] [PG ID 0 PG GUID 0(default_pg) Rank 1] First PG on this rank to signal dumping.
[rank0]:[E629 15:14:45.662618830 ProcessGroupNCCL.cpp:1870] [PG ID 0 PG GUID 0(default_pg) Rank 0] Received a dump signal due to a collective timeout from this local rank and we will try our best to dump the debug info. Last enqueued NCCL work: 113666, last completed NCCL work: 113665.This is most likely caused by incorrect usages of collectives, e.g., wrong sizes used across ranks, the order of collectives is not same for all ranks or the scheduled collective, for some reason, didn't run. Additionally, this can be caused by GIL deadlock or other reasons such as network errors or bugs in the communications library (e.g. NCCL), etc. 
[rank2]:[E629 15:14:45.662617830 ProcessGroupNCCL.cpp:1870] [PG ID 0 PG GUID 0(default_pg) Rank 2] Received a dump signal due to a collective timeout from this local rank and we will try our best to dump the debug info. Last enqueued NCCL work: 113666, last completed NCCL work: 113665.This is most likely caused by incorrect usages of collectives, e.g., wrong sizes used across ranks, the order of collectives is not same for all ranks or the scheduled collective, for some reason, didn't run. Additionally, this can be caused by GIL deadlock or other reasons such as network errors or bugs in the communications library (e.g. NCCL), etc. 
[rank0]:[E629 15:14:45.662837847 ProcessGroupNCCL.cpp:1589] [PG ID 0 PG GUID 0(default_pg) Rank 0] ProcessGroupNCCL preparing to dump debug info. Include stack trace: 1
[rank2]:[E629 15:14:45.662853097 ProcessGroupNCCL.cpp:1589] [PG ID 0 PG GUID 0(default_pg) Rank 2] ProcessGroupNCCL preparing to dump debug info. Include stack trace: 1
[rank4]:[E629 15:14:45.691000718 ProcessGroupNCCL.cpp:1870] [PG ID 0 PG GUID 0(default_pg) Rank 4] Received a dump signal due to a collective timeout from this local rank and we will try our best to dump the debug info. Last enqueued NCCL work: 113666, last completed NCCL work: 113665.This is most likely caused by incorrect usages of collectives, e.g., wrong sizes used across ranks, the order of collectives is not same for all ranks or the scheduled collective, for some reason, didn't run. Additionally, this can be caused by GIL deadlock or other reasons such as network errors or bugs in the communications library (e.g. NCCL), etc. 
[rank6]:[E629 15:14:45.691025958 ProcessGroupNCCL.cpp:1870] [PG ID 0 PG GUID 0(default_pg) Rank 6] Received a dump signal due to a collective timeout from this local rank and we will try our best to dump the debug info. Last enqueued NCCL work: 113666, last completed NCCL work: 113665.This is most likely caused by incorrect usages of collectives, e.g., wrong sizes used across ranks, the order of collectives is not same for all ranks or the scheduled collective, for some reason, didn't run. Additionally, this can be caused by GIL deadlock or other reasons such as network errors or bugs in the communications library (e.g. NCCL), etc. 
[rank4]:[E629 15:14:45.691202686 ProcessGroupNCCL.cpp:1589] [PG ID 0 PG GUID 0(default_pg) Rank 4] ProcessGroupNCCL preparing to dump debug info. Include stack trace: 1
[rank6]:[E629 15:14:45.691193966 ProcessGroupNCCL.cpp:1589] [PG ID 0 PG GUID 0(default_pg) Rank 6] ProcessGroupNCCL preparing to dump debug info. Include stack trace: 1
[rank5]:[E629 15:14:45.734282013 ProcessGroupNCCL.cpp:1870] [PG ID 0 PG GUID 0(default_pg) Rank 5] Received a dump signal due to a collective timeout from this local rank and we will try our best to dump the debug info. Last enqueued NCCL work: 113666, last completed NCCL work: 113665.This is most likely caused by incorrect usages of collectives, e.g., wrong sizes used across ranks, the order of collectives is not same for all ranks or the scheduled collective, for some reason, didn't run. Additionally, this can be caused by GIL deadlock or other reasons such as network errors or bugs in the communications library (e.g. NCCL), etc. 
[rank5]:[E629 15:14:45.734568929 ProcessGroupNCCL.cpp:1589] [PG ID 0 PG GUID 0(default_pg) Rank 5] ProcessGroupNCCL preparing to dump debug info. Include stack trace: 1
[rank1]:[E629 15:14:45.738694528 ProcessGroupNCCL.cpp:1870] [PG ID 0 PG GUID 0(default_pg) Rank 1] Received a dump signal due to a collective timeout from this local rank and we will try our best to dump the debug info. Last enqueued NCCL work: 113666, last completed NCCL work: 113665.This is most likely caused by incorrect usages of collectives, e.g., wrong sizes used across ranks, the order of collectives is not same for all ranks or the scheduled collective, for some reason, didn't run. Additionally, this can be caused by GIL deadlock or other reasons such as network errors or bugs in the communications library (e.g. NCCL), etc. 
[rank3]:[E629 15:14:45.738920005 ProcessGroupNCCL.cpp:1806] [PG ID 0 PG GUID 0(default_pg) Rank 3] Observed flight recorder dump signal from another rank via TCPStore.
[rank1]:[E629 15:14:45.739003064 ProcessGroupNCCL.cpp:1589] [PG ID 0 PG GUID 0(default_pg) Rank 1] ProcessGroupNCCL preparing to dump debug info. Include stack trace: 1
[rank3]:[E629 15:14:45.739127042 ProcessGroupNCCL.cpp:1870] [PG ID 0 PG GUID 0(default_pg) Rank 3] Received a dump signal due to a collective timeout from  rank 1 and we will try our best to dump the debug info. Last enqueued NCCL work: 113665, last completed NCCL work: 113665.This is most likely caused by incorrect usages of collectives, e.g., wrong sizes used across ranks, the order of collectives is not same for all ranks or the scheduled collective, for some reason, didn't run. Additionally, this can be caused by GIL deadlock or other reasons such as network errors or bugs in the communications library (e.g. NCCL), etc. 
[rank3]:[E629 15:14:45.739284260 ProcessGroupNCCL.cpp:1589] [PG ID 0 PG GUID 0(default_pg) Rank 3] ProcessGroupNCCL preparing to dump debug info. Include stack trace: 1
[rank7]:[E629 15:14:45.799953130 ProcessGroupNCCL.cpp:1870] [PG ID 0 PG GUID 0(default_pg) Rank 7] Received a dump signal due to a collective timeout from this local rank and we will try our best to dump the debug info. Last enqueued NCCL work: 113666, last completed NCCL work: 113665.This is most likely caused by incorrect usages of collectives, e.g., wrong sizes used across ranks, the order of collectives is not same for all ranks or the scheduled collective, for some reason, didn't run. Additionally, this can be caused by GIL deadlock or other reasons such as network errors or bugs in the communications library (e.g. NCCL), etc. 
[rank7]:[E629 15:14:45.800192487 ProcessGroupNCCL.cpp:1589] [PG ID 0 PG GUID 0(default_pg) Rank 7] ProcessGroupNCCL preparing to dump debug info. Include stack trace: 1
[rank0]:[E629 15:15:44.853786354 ProcessGroupNCCL.cpp:746] [Rank 0] Some NCCL operations have failed or timed out. Due to the asynchronous nature of CUDA kernels, subsequent GPU operations might run on corrupted/incomplete data.
[rank0]:[E629 15:15:44.853824643 ProcessGroupNCCL.cpp:760] [Rank 0] To avoid data inconsistency, we are taking the entire process down.
[rank2]:[E629 15:15:44.853811813 ProcessGroupNCCL.cpp:746] [Rank 2] Some NCCL operations have failed or timed out. Due to the asynchronous nature of CUDA kernels, subsequent GPU operations might run on corrupted/incomplete data.
[rank2]:[E629 15:15:44.853853533 ProcessGroupNCCL.cpp:760] [Rank 2] To avoid data inconsistency, we are taking the entire process down.
[rank4]:[E629 15:15:44.853800413 ProcessGroupNCCL.cpp:746] [Rank 4] Some NCCL operations have failed or timed out. Due to the asynchronous nature of CUDA kernels, subsequent GPU operations might run on corrupted/incomplete data.
[rank4]:[E629 15:15:44.853842023 ProcessGroupNCCL.cpp:760] [Rank 4] To avoid data inconsistency, we are taking the entire process down.
[rank5]:[E629 15:15:44.853765114 ProcessGroupNCCL.cpp:746] [Rank 5] Some NCCL operations have failed or timed out. Due to the asynchronous nature of CUDA kernels, subsequent GPU operations might run on corrupted/incomplete data.
[rank5]:[E629 15:15:44.853802773 ProcessGroupNCCL.cpp:760] [Rank 5] To avoid data inconsistency, we are taking the entire process down.
[rank6]:[E629 15:15:44.853796114 ProcessGroupNCCL.cpp:746] [Rank 6] Some NCCL operations have failed or timed out. Due to the asynchronous nature of CUDA kernels, subsequent GPU operations might run on corrupted/incomplete data.
[rank6]:[E629 15:15:44.853840143 ProcessGroupNCCL.cpp:760] [Rank 6] To avoid data inconsistency, we are taking the entire process down.
[rank7]:[E629 15:15:44.853777874 ProcessGroupNCCL.cpp:746] [Rank 7] Some NCCL operations have failed or timed out. Due to the asynchronous nature of CUDA kernels, subsequent GPU operations might run on corrupted/incomplete data.
[rank7]:[E629 15:15:44.853836703 ProcessGroupNCCL.cpp:760] [Rank 7] To avoid data inconsistency, we are taking the entire process down.
[rank1]:[E629 15:15:44.853832173 ProcessGroupNCCL.cpp:746] [Rank 1] Some NCCL operations have failed or timed out. Due to the asynchronous nature of CUDA kernels, subsequent GPU operations might run on corrupted/incomplete data.
[rank1]:[E629 15:15:44.853861803 ProcessGroupNCCL.cpp:760] [Rank 1] To avoid data inconsistency, we are taking the entire process down.
[rank1]:[E629 15:15:44.855013528 ProcessGroupNCCL.cpp:2068] [PG ID 0 PG GUID 0(default_pg) Rank 1] Process group watchdog thread terminated with exception: [Rank 1] Watchdog caught collective operation timeout: WorkNCCL(SeqNum=113666, OpType=ALLREDUCE, NumelIn=1, NumelOut=1, Timeout(ms)=1800000) ran for 1800072 milliseconds before timing out.
Exception raised from checkTimeout at /home/conda/feedstock_root/build_artifacts/libtorch_1760296002163/work/torch/csrc/distributed/c10d/ProcessGroupNCCL.cpp:688 (most recent call first):
frame #0: c10::Error::Error(c10::SourceLocation, std::__cxx11::basic_string<char, std::char_traits<char>, std::allocator<char> >) + 0x8f (0x7f0e9a77603f in /net/projects2/fermi2526/conda/nugraph-25-10/lib/python3.13/site-packages/torch/../../.././libc10.so)
frame #1: c10d::ProcessGroupNCCL::WorkNCCL::checkTimeout(std::optional<std::chrono::duration<long, std::ratio<1l, 1000l> > >) + 0x27a (0x7f0e9bab319a in /net/projects2/fermi2526/conda/nugraph-25-10/lib/python3.13/site-packages/torch/../../.././libtorch_cuda.so)
frame #2: c10d::ProcessGroupNCCL::Watchdog::runLoop() + 0x1712 (0x7f0e9baba9a2 in /net/projects2/fermi2526/conda/nugraph-25-10/lib/python3.13/site-packages/torch/../../.././libtorch_cuda.so)
frame #3: c10d::ProcessGroupNCCL::Watchdog::run() + 0xe8 (0x7f0e9babbee8 in /net/projects2/fermi2526/conda/nugraph-25-10/lib/python3.13/site-packages/torch/../../.././libtorch_cuda.so)
frame #4: <unknown function> + 0xd828c (0x7f0e99fe428c in /net/projects2/fermi2526/conda/nugraph-25-10/lib/python3.13/site-packages/torch/../../.././libstdc++.so.6)
frame #5: <unknown function> + 0x94ac3 (0x7f0f1be58ac3 in /lib/x86_64-linux-gnu/libc.so.6)
frame #6: <unknown function> + 0x1268d0 (0x7f0f1beea8d0 in /lib/x86_64-linux-gnu/libc.so.6)

terminate called after throwing an instance of 'c10::DistBackendError'
[rank5]:[E629 15:15:44.855190156 ProcessGroupNCCL.cpp:2068] [PG ID 0 PG GUID 0(default_pg) Rank 5] Process group watchdog thread terminated with exception: [Rank 5] Watchdog caught collective operation timeout: WorkNCCL(SeqNum=113666, OpType=ALLREDUCE, NumelIn=1, NumelOut=1, Timeout(ms)=1800000) ran for 1800017 milliseconds before timing out.
Exception raised from checkTimeout at /home/conda/feedstock_root/build_artifacts/libtorch_1760296002163/work/torch/csrc/distributed/c10d/ProcessGroupNCCL.cpp:688 (most recent call first):
frame #0: c10::Error::Error(c10::SourceLocation, std::__cxx11::basic_string<char, std::char_traits<char>, std::allocator<char> >) + 0x8f (0x7fe05b77603f in /net/projects2/fermi2526/conda/nugraph-25-10/lib/python3.13/site-packages/torch/../../.././libc10.so)
frame #1: c10d::ProcessGroupNCCL::WorkNCCL::checkTimeout(std::optional<std::chrono::duration<long, std::ratio<1l, 1000l> > >) + 0x27a (0x7fe05cab319a in /net/projects2/fermi2526/conda/nugraph-25-10/lib/python3.13/site-packages/torch/../../.././libtorch_cuda.so)
frame #2: c10d::ProcessGroupNCCL::Watchdog::runLoop() + 0x1712 (0x7fe05caba9a2 in /net/projects2/fermi2526/conda/nugraph-25-10/lib/python3.13/site-packages/torch/../../.././libtorch_cuda.so)
frame #3: c10d::ProcessGroupNCCL::Watchdog::run() + 0xe8 (0x7fe05cabbee8 in /net/projects2/fermi2526/conda/nugraph-25-10/lib/python3.13/site-packages/torch/../../.././libtorch_cuda.so)
frame #4: <unknown function> + 0xd828c (0x7fe05afe428c in /net/projects2/fermi2526/conda/nugraph-25-10/lib/python3.13/site-packages/torch/../../.././libstdc++.so.6)
frame #5: <unknown function> + 0x94ac3 (0x7fe0dce93ac3 in /lib/x86_64-linux-gnu/libc.so.6)
frame #6: <unknown function> + 0x1268d0 (0x7fe0dcf258d0 in /lib/x86_64-linux-gnu/libc.so.6)

[rank7]:[E629 15:15:44.855182236 ProcessGroupNCCL.cpp:2068] [PG ID 0 PG GUID 0(default_pg) Rank 7] Process group watchdog thread terminated with exception: [Rank 7] Watchdog caught collective operation timeout: WorkNCCL(SeqNum=113666, OpType=ALLREDUCE, NumelIn=1, NumelOut=1, Timeout(ms)=1800000) ran for 1800029 milliseconds before timing out.
Exception raised from checkTimeout at /home/conda/feedstock_root/build_artifacts/libtorch_1760296002163/work/torch/csrc/distributed/c10d/ProcessGroupNCCL.cpp:688 (most recent call first):
frame #0: c10::Error::Error(c10::SourceLocation, std::__cxx11::basic_string<char, std::char_traits<char>, std::allocator<char> >) + 0x8f (0x7ff6d5c2003f in /net/projects2/fermi2526/conda/nugraph-25-10/lib/python3.13/site-packages/torch/../../.././libc10.so)
frame #1: c10d::ProcessGroupNCCL::WorkNCCL::checkTimeout(std::optional<std::chrono::duration<long, std::ratio<1l, 1000l> > >) + 0x27a (0x7ff6d6eb319a in /net/projects2/fermi2526/conda/nugraph-25-10/lib/python3.13/site-packages/torch/../../.././libtorch_cuda.so)
frame #2: c10d::ProcessGroupNCCL::Watchdog::runLoop() + 0x1712 (0x7ff6d6eba9a2 in /net/projects2/fermi2526/conda/nugraph-25-10/lib/python3.13/site-packages/torch/../../.././libtorch_cuda.so)
frame #3: c10d::ProcessGroupNCCL::Watchdog::run() + 0xe8 (0x7ff6d6ebbee8 in /net/projects2/fermi2526/conda/nugraph-25-10/lib/python3.13/site-packages/torch/../../.././libtorch_cuda.so)
frame #4: <unknown function> + 0xd828c (0x7ff6d53e428c in /net/projects2/fermi2526/conda/nugraph-25-10/lib/python3.13/site-packages/torch/../../.././libstdc++.so.6)
frame #5: <unknown function> + 0x94ac3 (0x7ff7572e5ac3 in /lib/x86_64-linux-gnu/libc.so.6)
frame #6: <unknown function> + 0x1268d0 (0x7ff7573778d0 in /lib/x86_64-linux-gnu/libc.so.6)

terminate called after throwing an instance of 'c10::DistBackendError'
[rank0]:[E629 15:15:44.855256785 ProcessGroupNCCL.cpp:2068] [PG ID 0 PG GUID 0(default_pg) Rank 0] Process group watchdog thread terminated with exception: [Rank 0] Watchdog caught collective operation timeout: WorkNCCL(SeqNum=113666, OpType=ALLREDUCE, NumelIn=1, NumelOut=1, Timeout(ms)=1800000) ran for 1800062 milliseconds before timing out.
Exception raised from checkTimeout at /home/conda/feedstock_root/build_artifacts/libtorch_1760296002163/work/torch/csrc/distributed/c10d/ProcessGroupNCCL.cpp:688 (most recent call first):
frame #0: c10::Error::Error(c10::SourceLocation, std::__cxx11::basic_string<char, std::char_traits<char>, std::allocator<char> >) + 0x8f (0x7f3ec397603f in /net/projects2/fermi2526/conda/nugraph-25-10/lib/python3.13/site-packages/torch/../../.././libc10.so)
frame #1: c10d::ProcessGroupNCCL::WorkNCCL::checkTimeout(std::optional<std::chrono::duration<long, std::ratio<1l, 1000l> > >) + 0x27a (0x7f3ec4cb319a in /net/projects2/fermi2526/conda/nugraph-25-10/lib/python3.13/site-packages/torch/../../.././libtorch_cuda.so)
frame #2: c10d::ProcessGroupNCCL::Watchdog::runLoop() + 0x1712 (0x7f3ec4cba9a2 in /net/projects2/fermi2526/conda/nugraph-25-10/lib/python3.13/site-packages/torch/../../.././libtorch_cuda.so)
frame #3: c10d::ProcessGroupNCCL::Watchdog::run() + 0xe8 (0x7f3ec4cbbee8 in /net/projects2/fermi2526/conda/nugraph-25-10/lib/python3.13/site-packages/torch/../../.././libtorch_cuda.so)
frame #4: <unknown function> + 0xd828c (0x7f3ec31e428c in /net/projects2/fermi2526/conda/nugraph-25-10/lib/python3.13/site-packages/torch/../../.././libstdc++.so.6)
frame #5: <unknown function> + 0x94ac3 (0x7f3f45038ac3 in /lib/x86_64-linux-gnu/libc.so.6)
frame #6: <unknown function> + 0x1268d0 (0x7f3f450ca8d0 in /lib/x86_64-linux-gnu/libc.so.6)

terminate called after throwing an instance of 'c10::DistBackendError'
[rank2]:[E629 15:15:44.855238296 ProcessGroupNCCL.cpp:2068] [PG ID 0 PG GUID 0(default_pg) Rank 2] Process group watchdog thread terminated with exception: [Rank 2] Watchdog caught collective operation timeout: WorkNCCL(SeqNum=113666, OpType=ALLREDUCE, NumelIn=1, NumelOut=1, Timeout(ms)=1800000) ran for 1800054 milliseconds before timing out.
Exception raised from checkTimeout at /home/conda/feedstock_root/build_artifacts/libtorch_1760296002163/work/torch/csrc/distributed/c10d/ProcessGroupNCCL.cpp:688 (most recent call first):
frame #0: c10::Error::Error(c10::SourceLocation, std::__cxx11::basic_string<char, std::char_traits<char>, std::allocator<char> >) + 0x8f (0x7f23d756203f in /net/projects2/fermi2526/conda/nugraph-25-10/lib/python3.13/site-packages/torch/../../.././libc10.so)
frame #1: c10d::ProcessGroupNCCL::WorkNCCL::checkTimeout(std::optional<std::chrono::duration<long, std::ratio<1l, 1000l> > >) + 0x27a (0x7f23d889f19a in /net/projects2/fermi2526/conda/nugraph-25-10/lib/python3.13/site-packages/torch/../../.././libtorch_cuda.so)
frame #2: c10d::ProcessGroupNCCL::Watchdog::runLoop() + 0x1712 (0x7f23d88a69a2 in /net/projects2/fermi2526/conda/nugraph-25-10/lib/python3.13/site-packages/torch/../../.././libtorch_cuda.so)
frame #3: c10d::ProcessGroupNCCL::Watchdog::run() + 0xe8 (0x7f23d88a7ee8 in /net/projects2/fermi2526/conda/nugraph-25-10/lib/python3.13/site-packages/torch/../../.././libtorch_cuda.so)
frame #4: <unknown function> + 0xd828c (0x7f23d6de428c in /net/projects2/fermi2526/conda/nugraph-25-10/lib/python3.13/site-packages/torch/../../.././libstdc++.so.6)
frame #5: <unknown function> + 0x94ac3 (0x7f2458beeac3 in /lib/x86_64-linux-gnu/libc.so.6)
frame #6: <unknown function> + 0x1268d0 (0x7f2458c808d0 in /lib/x86_64-linux-gnu/libc.so.6)

terminate called after throwing an instance of 'c10::DistBackendError'
[rank4]:[E629 15:15:44.855275865 ProcessGroupNCCL.cpp:2068] [PG ID 0 PG GUID 0(default_pg) Rank 4] Process group watchdog thread terminated with exception: [Rank 4] Watchdog caught collective operation timeout: WorkNCCL(SeqNum=113666, OpType=ALLREDUCE, NumelIn=1, NumelOut=1, Timeout(ms)=1800000) ran for 1800012 milliseconds before timing out.
Exception raised from checkTimeout at /home/conda/feedstock_root/build_artifacts/libtorch_1760296002163/work/torch/csrc/distributed/c10d/ProcessGroupNCCL.cpp:688 (most recent call first):
frame #0: c10::Error::Error(c10::SourceLocation, std::__cxx11::basic_string<char, std::char_traits<char>, std::allocator<char> >) + 0x8f (0x7f9b8028003f in /net/projects2/fermi2526/conda/nugraph-25-10/lib/python3.13/site-packages/torch/../../.././libc10.so)
frame #1: c10d::ProcessGroupNCCL::WorkNCCL::checkTimeout(std::optional<std::chrono::duration<long, std::ratio<1l, 1000l> > >) + 0x27a (0x7f9b815bd19a in /net/projects2/fermi2526/conda/nugraph-25-10/lib/python3.13/site-packages/torch/../../.././libtorch_cuda.so)
frame #2: c10d::ProcessGroupNCCL::Watchdog::runLoop() + 0x1712 (0x7f9b815c49a2 in /net/projects2/fermi2526/conda/nugraph-25-10/lib/python3.13/site-packages/torch/../../.././libtorch_cuda.so)
frame #3: c10d::ProcessGroupNCCL::Watchdog::run() + 0xe8 (0x7f9b815c5ee8 in /net/projects2/fermi2526/conda/nugraph-25-10/lib/python3.13/site-packages/torch/../../.././libtorch_cuda.so)
frame #4: <unknown function> + 0xd828c (0x7f9b7f9e428c in /net/projects2/fermi2526/conda/nugraph-25-10/lib/python3.13/site-packages/torch/../../.././libstdc++.so.6)
frame #5: <unknown function> + 0x94ac3 (0x7f9c0195dac3 in /lib/x86_64-linux-gnu/libc.so.6)
frame #6: <unknown function> + 0x1268d0 (0x7f9c019ef8d0 in /lib/x86_64-linux-gnu/libc.so.6)

terminate called after throwing an instance of 'c10::DistBackendError'
terminate called after throwing an instance of 'c10::DistBackendError'
[rank6]:[E629 15:15:44.855274885 ProcessGroupNCCL.cpp:2068] [PG ID 0 PG GUID 0(default_pg) Rank 6] Process group watchdog thread terminated with exception: [Rank 6] Watchdog caught collective operation timeout: WorkNCCL(SeqNum=113666, OpType=ALLREDUCE, NumelIn=1, NumelOut=1, Timeout(ms)=1800000) ran for 1800019 milliseconds before timing out.
Exception raised from checkTimeout at /home/conda/feedstock_root/build_artifacts/libtorch_1760296002163/work/torch/csrc/distributed/c10d/ProcessGroupNCCL.cpp:688 (most recent call first):
frame #0: c10::Error::Error(c10::SourceLocation, std::__cxx11::basic_string<char, std::char_traits<char>, std::allocator<char> >) + 0x8f (0x7f832477603f in /net/projects2/fermi2526/conda/nugraph-25-10/lib/python3.13/site-packages/torch/../../.././libc10.so)
frame #1: c10d::ProcessGroupNCCL::WorkNCCL::checkTimeout(std::optional<std::chrono::duration<long, std::ratio<1l, 1000l> > >) + 0x27a (0x7f8325ab319a in /net/projects2/fermi2526/conda/nugraph-25-10/lib/python3.13/site-packages/torch/../../.././libtorch_cuda.so)
frame #2: c10d::ProcessGroupNCCL::Watchdog::runLoop() + 0x1712 (0x7f8325aba9a2 in /net/projects2/fermi2526/conda/nugraph-25-10/lib/python3.13/site-packages/torch/../../.././libtorch_cuda.so)
frame #3: c10d::ProcessGroupNCCL::Watchdog::run() + 0xe8 (0x7f8325abbee8 in /net/projects2/fermi2526/conda/nugraph-25-10/lib/python3.13/site-packages/torch/../../.././libtorch_cuda.so)
frame #4: <unknown function> + 0xd828c (0x7f8323fe428c in /net/projects2/fermi2526/conda/nugraph-25-10/lib/python3.13/site-packages/torch/../../.././libstdc++.so.6)
frame #5: <unknown function> + 0x94ac3 (0x7f83a5e3bac3 in /lib/x86_64-linux-gnu/libc.so.6)
frame #6: <unknown function> + 0x1268d0 (0x7f83a5ecd8d0 in /lib/x86_64-linux-gnu/libc.so.6)

terminate called after throwing an instance of 'c10::DistBackendError'
  what():  [PG ID 0 PG GUID 0(default_pg) Rank 1] Process group watchdog thread terminated with exception: [Rank 1] Watchdog caught collective operation timeout: WorkNCCL(SeqNum=113666, OpType=ALLREDUCE, NumelIn=1, NumelOut=1, Timeout(ms)=1800000) ran for 1800072 milliseconds before timing out.
Exception raised from checkTimeout at /home/conda/feedstock_root/build_artifacts/libtorch_1760296002163/work/torch/csrc/distributed/c10d/ProcessGroupNCCL.cpp:688 (most recent call first):
frame #0: c10::Error::Error(c10::SourceLocation, std::__cxx11::basic_string<char, std::char_traits<char>, std::allocator<char> >) + 0x8f (0x7f0e9a77603f in /net/projects2/fermi2526/conda/nugraph-25-10/lib/python3.13/site-packages/torch/../../.././libc10.so)
frame #1: c10d::ProcessGroupNCCL::WorkNCCL::checkTimeout(std::optional<std::chrono::duration<long, std::ratio<1l, 1000l> > >) + 0x27a (0x7f0e9bab319a in /net/projects2/fermi2526/conda/nugraph-25-10/lib/python3.13/site-packages/torch/../../.././libtorch_cuda.so)
frame #2: c10d::ProcessGroupNCCL::Watchdog::runLoop() + 0x1712 (0x7f0e9baba9a2 in /net/projects2/fermi2526/conda/nugraph-25-10/lib/python3.13/site-packages/torch/../../.././libtorch_cuda.so)
frame #3: c10d::ProcessGroupNCCL::Watchdog::run() + 0xe8 (0x7f0e9babbee8 in /net/projects2/fermi2526/conda/nugraph-25-10/lib/python3.13/site-packages/torch/../../.././libtorch_cuda.so)
frame #4: <unknown function> + 0xd828c (0x7f0e99fe428c in /net/projects2/fermi2526/conda/nugraph-25-10/lib/python3.13/site-packages/torch/../../.././libstdc++.so.6)
frame #5: <unknown function> + 0x94ac3 (0x7f0f1be58ac3 in /lib/x86_64-linux-gnu/libc.so.6)
frame #6: <unknown function> + 0x1268d0 (0x7f0f1beea8d0 in /lib/x86_64-linux-gnu/libc.so.6)

Exception raised from run at /home/conda/feedstock_root/build_artifacts/libtorch_1760296002163/work/torch/csrc/distributed/c10d/ProcessGroupNCCL.cpp:2074 (most recent call first):
frame #0: c10::Error::Error(c10::SourceLocation, std::__cxx11::basic_string<char, std::char_traits<char>, std::allocator<char> >) + 0x8f (0x7f0e9a77603f in /net/projects2/fermi2526/conda/nugraph-25-10/lib/python3.13/site-packages/torch/../../.././libc10.so)
frame #1: <unknown function> + 0xeb870c (0x7f0e9ba6970c in /net/projects2/fermi2526/conda/nugraph-25-10/lib/python3.13/site-packages/torch/../../.././libtorch_cuda.so)
frame #2: <unknown function> + 0x939269 (0x7f0e9b4ea269 in /net/projects2/fermi2526/conda/nugraph-25-10/lib/python3.13/site-packages/torch/../../.././libtorch_cuda.so)
frame #3: <unknown function> + 0xd828c (0x7f0e99fe428c in /net/projects2/fermi2526/conda/nugraph-25-10/lib/python3.13/site-packages/torch/../../.././libstdc++.so.6)
frame #4: <unknown function> + 0x94ac3 (0x7f0f1be58ac3 in /lib/x86_64-linux-gnu/libc.so.6)
frame #5: <unknown function> + 0x1268d0 (0x7f0f1beea8d0 in /lib/x86_64-linux-gnu/libc.so.6)

  what():  [PG ID 0 PG GUID 0(default_pg) Rank 5] Process group watchdog thread terminated with exception: [Rank 5] Watchdog caught collective operation timeout: WorkNCCL(SeqNum=113666, OpType=ALLREDUCE, NumelIn=1, NumelOut=1, Timeout(ms)=1800000) ran for 1800017 milliseconds before timing out.
Exception raised from checkTimeout at /home/conda/feedstock_root/build_artifacts/libtorch_1760296002163/work/torch/csrc/distributed/c10d/ProcessGroupNCCL.cpp:688 (most recent call first):
frame #0: c10::Error::Error(c10::SourceLocation, std::__cxx11::basic_string<char, std::char_traits<char>, std::allocator<char> >) + 0x8f (0x7fe05b77603f in /net/projects2/fermi2526/conda/nugraph-25-10/lib/python3.13/site-packages/torch/../../.././libc10.so)
frame #1: c10d::ProcessGroupNCCL::WorkNCCL::checkTimeout(std::optional<std::chrono::duration<long, std::ratio<1l, 1000l> > >) + 0x27a (0x7fe05cab319a in /net/projects2/fermi2526/conda/nugraph-25-10/lib/python3.13/site-packages/torch/../../.././libtorch_cuda.so)
frame #2: c10d::ProcessGroupNCCL::Watchdog::runLoop() + 0x1712 (0x7fe05caba9a2 in /net/projects2/fermi2526/conda/nugraph-25-10/lib/python3.13/site-packages/torch/../../.././libtorch_cuda.so)
frame #3: c10d::ProcessGroupNCCL::Watchdog::run() + 0xe8 (0x7fe05cabbee8 in /net/projects2/fermi2526/conda/nugraph-25-10/lib/python3.13/site-packages/torch/../../.././libtorch_cuda.so)
frame #4: <unknown function> + 0xd828c (0x7fe05afe428c in /net/projects2/fermi2526/conda/nugraph-25-10/lib/python3.13/site-packages/torch/../../.././libstdc++.so.6)
frame #5: <unknown function> + 0x94ac3 (0x7fe0dce93ac3 in /lib/x86_64-linux-gnu/libc.so.6)
frame #6: <unknown function> + 0x1268d0 (0x7fe0dcf258d0 in /lib/x86_64-linux-gnu/libc.so.6)

Exception raised from run at /home/conda/feedstock_root/build_artifacts/libtorch_1760296002163/work/torch/csrc/distributed/c10d/ProcessGroupNCCL.cpp:2074 (most recent call first):
frame #0: c10::Error::Error(c10::SourceLocation, std::__cxx11::basic_string<char, std::char_traits<char>, std::allocator<char> >) + 0x8f (0x7fe05b77603f in /net/projects2/fermi2526/conda/nugraph-25-10/lib/python3.13/site-packages/torch/../../.././libc10.so)
frame #1: <unknown function> + 0xeb870c (0x7fe05ca6970c in /net/projects2/fermi2526/conda/nugraph-25-10/lib/python3.13/site-packages/torch/../../.././libtorch_cuda.so)
frame #2: <unknown function> + 0x939269 (0x7fe05c4ea269 in /net/projects2/fermi2526/conda/nugraph-25-10/lib/python3.13/site-packages/torch/../../.././libtorch_cuda.so)
frame #3: <unknown function> + 0xd828c (0x7fe05afe428c in /net/projects2/fermi2526/conda/nugraph-25-10/lib/python3.13/site-packages/torch/../../.././libstdc++.so.6)
frame #4: <unknown function> + 0x94ac3 (0x7fe0dce93ac3 in /lib/x86_64-linux-gnu/libc.so.6)
frame #5: <unknown function> + 0x1268d0 (0x7fe0dcf258d0 in /lib/x86_64-linux-gnu/libc.so.6)
  what():  [PG ID 0 PG GUID 0(default_pg) Rank 7] Process group watchdog thread terminated with exception: [Rank 7] Watchdog caught collective operation timeout: WorkNCCL(SeqNum=113666, OpType=ALLREDUCE, NumelIn=1, NumelOut=1, Timeout(ms)=1800000) ran for 1800029 milliseconds before timing out.
Exception raised from checkTimeout at /home/conda/feedstock_root/build_artifacts/libtorch_1760296002163/work/torch/csrc/distributed/c10d/ProcessGroupNCCL.cpp:688 (most recent call first):
frame #0: c10::Error::Error(c10::SourceLocation, std::__cxx11::basic_string<char, std::char_traits<char>, std::allocator<char> >) + 0x8f (0x7ff6d5c2003f in /net/projects2/fermi2526/conda/nugraph-25-10/lib/python3.13/site-packages/torch/../../.././libc10.so)
frame #1: c10d::ProcessGroupNCCL::WorkNCCL::checkTimeout(std::optional<std::chrono::duration<long, std::ratio<1l, 1000l> > >) + 0x27a (0x7ff6d6eb319a in /net/projects2/fermi2526/conda/nugraph-25-10/lib/python3.13/site-packages/torch/../../.././libtorch_cuda.so)
frame #2: c10d::ProcessGroupNCCL::Watchdog::runLoop() + 0x1712 (0x7ff6d6eba9a2 in /net/projects2/fermi2526/conda/nugraph-25-10/lib/python3.13/site-packages/torch/../../.././libtorch_cuda.so)
frame #3: c10d::ProcessGroupNCCL::Watchdog::run() + 0xe8 (0x7ff6d6ebbee8 in /net/projects2/fermi2526/conda/nugraph-25-10/lib/python3.13/site-packages/torch/../../.././libtorch_cuda.so)
frame #4: <unknown function> + 0xd828c (0x7ff6d53e428c in /net/projects2/fermi2526/conda/nugraph-25-10/lib/python3.13/site-packages/torch/../../.././libstdc++.so.6)
frame #5: <unknown function> + 0x94ac3 (0x7ff7572e5ac3 in /lib/x86_64-linux-gnu/libc.so.6)
frame #6: <unknown function> + 0x1268d0 (0x7ff7573778d0 in /lib/x86_64-linux-gnu/libc.so.6)

Exception raised from run at /home/conda/feedstock_root/build_artifacts/libtorch_1760296002163/work/torch/csrc/distributed/c10d/ProcessGroupNCCL.cpp:2074 (most recent call first):
frame #0: c10::Error::Error(c10::SourceLocation, std::__cxx11::basic_string<char, std::char_traits<char>, std::allocator<char> >) + 0x8f (0x7ff6d5c2003f in /net/projects2/fermi2526/conda/nugraph-25-10/lib/python3.13/site-packages/torch/../../.././libc10.so)
frame #1: <unknown function> + 0xeb870c (0x7ff6d6e6970c in /net/projects2/fermi2526/conda/nugraph-25-10/lib/python3.13/site-packages/torch/../../.././libtorch_cuda.so)
frame #2: <unknown function> + 0x939269 (0x7ff6d68ea269 in /net/projects2/fermi2526/conda/nugraph-25-10/lib/python3.13/site-packages/torch/../../.././libtorch_cuda.so)
frame #3: <unknown function> + 0xd828c (0x7ff6d53e428c in /net/projects2/fermi2526/conda/nugraph-25-10/lib/python3.13/site-packages/torch/../../.././libstdc++.so.6)
frame #4: <unknown function> + 0x94ac3 (0x7ff7572e5ac3 in /lib/x86_64-linux-gnu/libc.so.6)
frame #5: <unknown function> + 0x1268d0 (0x7ff7573778d0 in /lib/x86_64-linux-gnu/libc.so.6)

  what():  [PG ID 0 PG GUID 0(default_pg) Rank 0] Process group watchdog thread terminated with exception: [Rank 0] Watchdog caught collective operation timeout: WorkNCCL(SeqNum=113666, OpType=ALLREDUCE, NumelIn=1, NumelOut=1, Timeout(ms)=1800000) ran for 1800062 milliseconds before timing out.
Exception raised from checkTimeout at /home/conda/feedstock_root/build_artifacts/libtorch_1760296002163/work/torch/csrc/distributed/c10d/ProcessGroupNCCL.cpp:688 (most recent call first):
frame #0: c10::Error::Error(c10::SourceLocation, std::__cxx11::basic_string<char, std::char_traits<char>, std::allocator<char> >) + 0x8f (0x7f3ec397603f in /net/projects2/fermi2526/conda/nugraph-25-10/lib/python3.13/site-packages/torch/../../.././libc10.so)
frame #1: c10d::ProcessGroupNCCL::WorkNCCL::checkTimeout(std::optional<std::chrono::duration<long, std::ratio<1l, 1000l> > >) + 0x27a (0x7f3ec4cb319a in /net/projects2/fermi2526/conda/nugraph-25-10/lib/python3.13/site-packages/torch/../../.././libtorch_cuda.so)
frame #2: c10d::ProcessGroupNCCL::Watchdog::runLoop() + 0x1712 (0x7f3ec4cba9a2 in /net/projects2/fermi2526/conda/nugraph-25-10/lib/python3.13/site-packages/torch/../../.././libtorch_cuda.so)
frame #3: c10d::ProcessGroupNCCL::Watchdog::run() + 0xe8 (0x7f3ec4cbbee8 in /net/projects2/fermi2526/conda/nugraph-25-10/lib/python3.13/site-packages/torch/../../.././libtorch_cuda.so)
frame #4: <unknown function> + 0xd828c (0x7f3ec31e428c in /net/projects2/fermi2526/conda/nugraph-25-10/lib/python3.13/site-packages/torch/../../.././libstdc++.so.6)
frame #5: <unknown function> + 0x94ac3 (0x7f3f45038ac3 in /lib/x86_64-linux-gnu/libc.so.6)
frame #6: <unknown function> + 0x1268d0 (0x7f3f450ca8d0 in /lib/x86_64-linux-gnu/libc.so.6)

Exception raised from run at /home/conda/feedstock_root/build_artifacts/libtorch_1760296002163/work/torch/csrc/distributed/c10d/ProcessGroupNCCL.cpp:2074 (most recent call first):
frame #0: c10::Error::Error(c10::SourceLocation, std::__cxx11::basic_string<char, std::char_traits<char>, std::allocator<char> >) + 0x8f (0x7f3ec397603f in /net/projects2/fermi2526/conda/nugraph-25-10/lib/python3.13/site-packages/torch/../../.././libc10.so)
frame #1: <unknown function> + 0xeb870c (0x7f3ec4c6970c in /net/projects2/fermi2526/conda/nugraph-25-10/lib/python3.13/site-packages/torch/../../.././libtorch_cuda.so)
frame #2: <unknown function> + 0x939269 (0x7f3ec46ea269 in /net/projects2/fermi2526/conda/nugraph-25-10/lib/python3.13/site-packages/torch/../../.././libtorch_cuda.so)
frame #3: <unknown function> + 0xd828c (0x7f3ec31e428c in /net/projects2/fermi2526/conda/nugraph-25-10/lib/python3.13/site-packages/torch/../../.././libstdc++.so.6)
frame #4: <unknown function> + 0x94ac3 (0x7f3f45038ac3 in /lib/x86_64-linux-gnu/libc.so.6)
frame #5: <unknown function> + 0x1268d0 (0x7f3f450ca8d0 in /lib/x86_64-linux-gnu/libc.so.6)

  what():  [PG ID 0 PG GUID 0(default_pg) Rank 2] Process group watchdog thread terminated with exception: [Rank 2] Watchdog caught collective operation timeout: WorkNCCL(SeqNum=113666, OpType=ALLREDUCE, NumelIn=1, NumelOut=1, Timeout(ms)=1800000) ran for 1800054 milliseconds before timing out.
Exception raised from checkTimeout at /home/conda/feedstock_root/build_artifacts/libtorch_1760296002163/work/torch/csrc/distributed/c10d/ProcessGroupNCCL.cpp:688 (most recent call first):
frame #0: c10::Error::Error(c10::SourceLocation, std::__cxx11::basic_string<char, std::char_traits<char>, std::allocator<char> >) + 0x8f (0x7f23d756203f in /net/projects2/fermi2526/conda/nugraph-25-10/lib/python3.13/site-packages/torch/../../.././libc10.so)
frame #1: c10d::ProcessGroupNCCL::WorkNCCL::checkTimeout(std::optional<std::chrono::duration<long, std::ratio<1l, 1000l> > >) + 0x27a (0x7f23d889f19a in /net/projects2/fermi2526/conda/nugraph-25-10/lib/python3.13/site-packages/torch/../../.././libtorch_cuda.so)
frame #2: c10d::ProcessGroupNCCL::Watchdog::runLoop() + 0x1712 (0x7f23d88a69a2 in /net/projects2/fermi2526/conda/nugraph-25-10/lib/python3.13/site-packages/torch/../../.././libtorch_cuda.so)
frame #3: c10d::ProcessGroupNCCL::Watchdog::run() + 0xe8 (0x7f23d88a7ee8 in /net/projects2/fermi2526/conda/nugraph-25-10/lib/python3.13/site-packages/torch/../../.././libtorch_cuda.so)
frame #4: <unknown function> + 0xd828c (0x7f23d6de428c in /net/projects2/fermi2526/conda/nugraph-25-10/lib/python3.13/site-packages/torch/../../.././libstdc++.so.6)
frame #5: <unknown function> + 0x94ac3 (0x7f2458beeac3 in /lib/x86_64-linux-gnu/libc.so.6)
frame #6: <unknown function> + 0x1268d0 (0x7f2458c808d0 in /lib/x86_64-linux-gnu/libc.so.6)

Exception raised from run at /home/conda/feedstock_root/build_artifacts/libtorch_1760296002163/work/torch/csrc/distributed/c10d/ProcessGroupNCCL.cpp:2074 (most recent call first):
frame #0: c10::Error::Error(c10::SourceLocation, std::__cxx11::basic_string<char, std::char_traits<char>, std::allocator<char> >) + 0x8f (0x7f23d756203f in /net/projects2/fermi2526/conda/nugraph-25-10/lib/python3.13/site-packages/torch/../../.././libc10.so)
frame #1: <unknown function> + 0xeb870c (0x7f23d885570c in /net/projects2/fermi2526/conda/nugraph-25-10/lib/python3.13/site-packages/torch/../../.././libtorch_cuda.so)
frame #2: <unknown function> + 0x939269 (0x7f23d82d6269 in /net/projects2/fermi2526/conda/nugraph-25-10/lib/python3.13/site-packages/torch/../../.././libtorch_cuda.so)
frame #3: <unknown function> + 0xd828c (0x7f23d6de428c in /net/projects2/fermi2526/conda/nugraph-25-10/lib/python3.13/site-packages/torch/../../.././libstdc++.so.6)
frame #4: <unknown function> + 0x94ac3 (0x7f2458beeac3 in /lib/x86_64-linux-gnu/libc.so.6)
frame #5: <unknown function> + 0x1268d0 (0x7f2458c808d0 in /lib/x86_64-linux-gnu/libc.so.6)


  what():  [PG ID 0 PG GUID 0(default_pg) Rank 4] Process group watchdog thread terminated with exception: [Rank 4] Watchdog caught collective operation timeout: WorkNCCL(SeqNum=113666, OpType=ALLREDUCE, NumelIn=1, NumelOut=1, Timeout(ms)=1800000) ran for 1800012 milliseconds before timing out.
Exception raised from checkTimeout at /home/conda/feedstock_root/build_artifacts/libtorch_1760296002163/work/torch/csrc/distributed/c10d/ProcessGroupNCCL.cpp:688 (most recent call first):
frame #0: c10::Error::Error(c10::SourceLocation, std::__cxx11::basic_string<char, std::char_traits<char>, std::allocator<char> >) + 0x8f (0x7f9b8028003f in /net/projects2/fermi2526/conda/nugraph-25-10/lib/python3.13/site-packages/torch/../../.././libc10.so)
frame #1: c10d::ProcessGroupNCCL::WorkNCCL::checkTimeout(std::optional<std::chrono::duration<long, std::ratio<1l, 1000l> > >) + 0x27a (0x7f9b815bd19a in /net/projects2/fermi2526/conda/nugraph-25-10/lib/python3.13/site-packages/torch/../../.././libtorch_cuda.so)
frame #2: c10d::ProcessGroupNCCL::Watchdog::runLoop() + 0x1712 (0x7f9b815c49a2 in /net/projects2/fermi2526/conda/nugraph-25-10/lib/python3.13/site-packages/torch/../../.././libtorch_cuda.so)
frame #3: c10d::ProcessGroupNCCL::Watchdog::run() + 0xe8 (0x7f9b815c5ee8 in /net/projects2/fermi2526/conda/nugraph-25-10/lib/python3.13/site-packages/torch/../../.././libtorch_cuda.so)
frame #4: <unknown function> + 0xd828c (0x7f9b7f9e428c in /net/projects2/fermi2526/conda/nugraph-25-10/lib/python3.13/site-packages/torch/../../.././libstdc++.so.6)
frame #5: <unknown function> + 0x94ac3 (0x7f9c0195dac3 in /lib/x86_64-linux-gnu/libc.so.6)
frame #6: <unknown function> + 0x1268d0 (0x7f9c019ef8d0 in /lib/x86_64-linux-gnu/libc.so.6)

Exception raised from run at /home/conda/feedstock_root/build_artifacts/libtorch_1760296002163/work/torch/csrc/distributed/c10d/ProcessGroupNCCL.cpp:2074 (most recent call first):
frame #0: c10::Error::Error(c10::SourceLocation, std::__cxx11::basic_string<char, std::char_traits<char>, std::allocator<char> >) + 0x8f (0x7f9b8028003f in /net/projects2/fermi2526/conda/nugraph-25-10/lib/python3.13/site-packages/torch/../../.././libc10.so)
frame #1: <unknown function> + 0xeb870c (0x7f9b8157370c in /net/projects2/fermi2526/conda/nugraph-25-10/lib/python3.13/site-packages/torch/../../.././libtorch_cuda.so)
frame #2: <unknown function> + 0x939269 (0x7f9b80ff4269 in /net/projects2/fermi2526/conda/nugraph-25-10/lib/python3.13/site-packages/torch/../../.././libtorch_cuda.so)
frame #3: <unknown function> + 0xd828c (0x7f9b7f9e428c in /net/projects2/fermi2526/conda/nugraph-25-10/lib/python3.13/site-packages/torch/../../.././libstdc++.so.6)
frame #4: <unknown function> + 0x94ac3 (0x7f9c0195dac3 in /lib/x86_64-linux-gnu/libc.so.6)
frame #5: <unknown function> + 0x1268d0 (0x7f9c019ef8d0 in /lib/x86_64-linux-gnu/libc.so.6)

  what():  [PG ID 0 PG GUID 0(default_pg) Rank 6] Process group watchdog thread terminated with exception: [Rank 6] Watchdog caught collective operation timeout: WorkNCCL(SeqNum=113666, OpType=ALLREDUCE, NumelIn=1, NumelOut=1, Timeout(ms)=1800000) ran for 1800019 milliseconds before timing out.
Exception raised from checkTimeout at /home/conda/feedstock_root/build_artifacts/libtorch_1760296002163/work/torch/csrc/distributed/c10d/ProcessGroupNCCL.cpp:688 (most recent call first):
frame #0: c10::Error::Error(c10::SourceLocation, std::__cxx11::basic_string<char, std::char_traits<char>, std::allocator<char> >) + 0x8f (0x7f832477603f in /net/projects2/fermi2526/conda/nugraph-25-10/lib/python3.13/site-packages/torch/../../.././libc10.so)
frame #1: c10d::ProcessGroupNCCL::WorkNCCL::checkTimeout(std::optional<std::chrono::duration<long, std::ratio<1l, 1000l> > >) + 0x27a (0x7f8325ab319a in /net/projects2/fermi2526/conda/nugraph-25-10/lib/python3.13/site-packages/torch/../../.././libtorch_cuda.so)
frame #2: c10d::ProcessGroupNCCL::Watchdog::runLoop() + 0x1712 (0x7f8325aba9a2 in /net/projects2/fermi2526/conda/nugraph-25-10/lib/python3.13/site-packages/torch/../../.././libtorch_cuda.so)
frame #3: c10d::ProcessGroupNCCL::Watchdog::run() + 0xe8 (0x7f8325abbee8 in /net/projects2/fermi2526/conda/nugraph-25-10/lib/python3.13/site-packages/torch/../../.././libtorch_cuda.so)
frame #4: <unknown function> + 0xd828c (0x7f8323fe428c in /net/projects2/fermi2526/conda/nugraph-25-10/lib/python3.13/site-packages/torch/../../.././libstdc++.so.6)
frame #5: <unknown function> + 0x94ac3 (0x7f83a5e3bac3 in /lib/x86_64-linux-gnu/libc.so.6)
frame #6: <unknown function> + 0x1268d0 (0x7f83a5ecd8d0 in /lib/x86_64-linux-gnu/libc.so.6)

Exception raised from run at /home/conda/feedstock_root/build_artifacts/libtorch_1760296002163/work/torch/csrc/distributed/c10d/ProcessGroupNCCL.cpp:2074 (most recent call first):
frame #0: c10::Error::Error(c10::SourceLocation, std::__cxx11::basic_string<char, std::char_traits<char>, std::allocator<char> >) + 0x8f (0x7f832477603f in /net/projects2/fermi2526/conda/nugraph-25-10/lib/python3.13/site-packages/torch/../../.././libc10.so)
frame #1: <unknown function> + 0xeb870c (0x7f8325a6970c in /net/projects2/fermi2526/conda/nugraph-25-10/lib/python3.13/site-packages/torch/../../.././libtorch_cuda.so)
frame #2: <unknown function> + 0x939269 (0x7f83254ea269 in /net/projects2/fermi2526/conda/nugraph-25-10/lib/python3.13/site-packages/torch/../../.././libtorch_cuda.so)
frame #3: <unknown function> + 0xd828c (0x7f8323fe428c in /net/projects2/fermi2526/conda/nugraph-25-10/lib/python3.13/site-packages/torch/../../.././libstdc++.so.6)
frame #4: <unknown function> + 0x94ac3 (0x7f83a5e3bac3 in /lib/x86_64-linux-gnu/libc.so.6)
frame #5: <unknown function> + 0x1268d0 (0x7f83a5ecd8d0 in /lib/x86_64-linux-gnu/libc.so.6)

srun: error: i001-ds: tasks 0-2,4-7: Aborted
  | 1350/3104 [41:42<54:11,  0.54it/s, v_num=-30E, loss/train=2.960]Epoch 0:  44%|████▎     | 1351/3104 [41:42<54:07,  0.54it/s, v_num=-30E, loss/train=2.960]Epoch 0:  44%|████▎     | 1351/3104 [41:42<54:07,  0.54it/s, v_num=-30E, loss/train=2.930][rank3]:[F629 15:22:46.254048453 ProcessGroupNCCL.cpp:1614] [PG ID 0 PG GUID 0(default_pg) Rank 3] [PG ID 0 PG GUID 0(default_pg) Rank 3] Terminating the process after attempting to dump debug info, due to collective timeout or exception.
srun: error: i001-ds: task 3: Aborted
