/net/projects2/fermi2526/conda/nugraph-25-10/bin/python
/home/vihaan/NuGraph/pynuml/pynuml/data/nugraph_data.py:108: UserWarning:

Unable to accurately infer 'num_nodes' from the attribute set '{'y_vtx', 'y'}'. Please explicitly set 'num_nodes' as an attribute of 'data[evt]' to suppress this warning

/home/vihaan/NuGraph/pynuml/pynuml/data/nugraph_data.py:108: UserWarning:

Unable to accurately infer 'num_nodes' from the attribute set '{'y_vtx', 'y'}'. Please explicitly set 'num_nodes' as an attribute of 'data[evt]' to suppress this warning

/home/vihaan/NuGraph/pynuml/pynuml/data/nugraph_data.py:108: UserWarning:

Unable to accurately infer 'num_nodes' from the attribute set '{'y', 'y_vtx'}'. Please explicitly set 'num_nodes' as an attribute of 'data[evt]' to suppress this warning

/home/vihaan/NuGraph/pynuml/pynuml/data/nugraph_data.py:108: UserWarning:

Unable to accurately infer 'num_nodes' from the attribute set '{'y_vtx', 'y'}'. Please explicitly set 'num_nodes' as an attribute of 'data[evt]' to suppress this warning

/home/vihaan/NuGraph/pynuml/pynuml/data/nugraph_data.py:108: UserWarning:

Unable to accurately infer 'num_nodes' from the attribute set '{'y_vtx', 'y'}'. Please explicitly set 'num_nodes' as an attribute of 'data[evt]' to suppress this warning

/home/vihaan/NuGraph/pynuml/pynuml/data/nugraph_data.py:108: UserWarning:

Unable to accurately infer 'num_nodes' from the attribute set '{'y_vtx', 'y'}'. Please explicitly set 'num_nodes' as an attribute of 'data[evt]' to suppress this warning

/home/vihaan/NuGraph/pynuml/pynuml/data/nugraph_data.py:108: UserWarning:

Unable to accurately infer 'num_nodes' from the attribute set '{'y', 'y_vtx'}'. Please explicitly set 'num_nodes' as an attribute of 'data[evt]' to suppress this warning

💡 Tip: For seamless cloud uploads and versioning, try installing [litmodels](https://pypi.org/project/litmodels/) to enable LitModelCheckpoint, which syncs automatically with the Lightning model registry.
GPU available: True (cuda), used: True
TPU available: False, using: 0 TPU cores
HPU available: False, using: 0 HPUs
You are using a CUDA device ('NVIDIA A100 80GB PCIe') that has Tensor Cores. To properly utilize them, you should set `torch.set_float32_matmul_precision('medium' | 'high')` which will trade-off precision for performance. For more details, read https://pytorch.org/docs/stable/generated/torch.set_float32_matmul_precision.html#torch.set_float32_matmul_precision
Initializing distributed: GLOBAL_RANK: 7, MEMBER: 8/8
Initializing distributed: GLOBAL_RANK: 6, MEMBER: 7/8
Initializing distributed: GLOBAL_RANK: 4, MEMBER: 5/8
Initializing distributed: GLOBAL_RANK: 0, MEMBER: 1/8
Initializing distributed: GLOBAL_RANK: 1, MEMBER: 2/8
Initializing distributed: GLOBAL_RANK: 2, MEMBER: 3/8
Initializing distributed: GLOBAL_RANK: 3, MEMBER: 4/8
[W626 13:54:37.806191399 socket.cpp:755] [c10d] The client socket has failed to connect to [i001-ds]:18146 (errno: 22 - Invalid argument).
[W626 13:54:37.807111938 socket.cpp:755] [c10d] The client socket has failed to connect to [i001-ds]:18146 (errno: 22 - Invalid argument).
[W626 13:54:37.808429651 socket.cpp:755] [c10d] The client socket has failed to connect to [i001-ds]:18146 (errno: 22 - Invalid argument).
/home/vihaan/NuGraph/pynuml/pynuml/data/nugraph_data.py:108: UserWarning:

Unable to accurately infer 'num_nodes' from the attribute set '{'y', 'y_vtx'}'. Please explicitly set 'num_nodes' as an attribute of 'data[evt]' to suppress this warning

Initializing distributed: GLOBAL_RANK: 5, MEMBER: 6/8
----------------------------------------------------------------------------------------------------
distributed_backend=nccl
All distributed processes registered. Starting with 8 processes
----------------------------------------------------------------------------------------------------

LOCAL_RANK: 0 - CUDA_VISIBLE_DEVICES: [0,1,2,3]
LOCAL_RANK: 2 - CUDA_VISIBLE_DEVICES: [0,1,2,3]
LOCAL_RANK: 2 - CUDA_VISIBLE_DEVICES: [0,1,2,3]
LOCAL_RANK: 1 - CUDA_VISIBLE_DEVICES: [0,1,2,3]
LOCAL_RANK: 0 - CUDA_VISIBLE_DEVICES: [0,1,2,3]
LOCAL_RANK: 3 - CUDA_VISIBLE_DEVICES: [0,1,2,3]
LOCAL_RANK: 3 - CUDA_VISIBLE_DEVICES: [0,1,2,3]
LOCAL_RANK: 1 - CUDA_VISIBLE_DEVICES: [0,1,2,3]
/net/projects2/fermi2526/conda/nugraph-25-10/lib/python3.13/site-packages/torch/distributed/algorithms/ddp_comm_hooks/__init__.py:54: FutureWarning:

functools.partial will be a method descriptor in future Python versions; wrap it in enum.member() if you want to preserve the old behavior

/net/projects2/fermi2526/conda/nugraph-25-10/lib/python3.13/site-packages/torch/distributed/algorithms/ddp_comm_hooks/__init__.py:55: FutureWarning:

functools.partial will be a method descriptor in future Python versions; wrap it in enum.member() if you want to preserve the old behavior

/net/projects2/fermi2526/conda/nugraph-25-10/lib/python3.13/site-packages/torch/distributed/algorithms/ddp_comm_hooks/__init__.py:58: FutureWarning:

functools.partial will be a method descriptor in future Python versions; wrap it in enum.member() if you want to preserve the old behavior

/net/projects2/fermi2526/conda/nugraph-25-10/lib/python3.13/site-packages/torch/distributed/algorithms/ddp_comm_hooks/__init__.py:61: FutureWarning:

functools.partial will be a method descriptor in future Python versions; wrap it in enum.member() if you want to preserve the old behavior

/net/projects2/fermi2526/conda/nugraph-25-10/lib/python3.13/site-packages/torch/distributed/algorithms/ddp_comm_hooks/__init__.py:64: FutureWarning:

functools.partial will be a method descriptor in future Python versions; wrap it in enum.member() if you want to preserve the old behavior

/net/projects2/fermi2526/conda/nugraph-25-10/lib/python3.13/site-packages/torch/distributed/algorithms/ddp_comm_hooks/__init__.py:67: FutureWarning:

functools.partial will be a method descriptor in future Python versions; wrap it in enum.member() if you want to preserve the old behavior

/net/projects2/fermi2526/conda/nugraph-25-10/lib/python3.13/site-packages/torch/distributed/algorithms/ddp_comm_hooks/__init__.py:74: FutureWarning:

functools.partial will be a method descriptor in future Python versions; wrap it in enum.member() if you want to preserve the old behavior

/net/projects2/fermi2526/conda/nugraph-25-10/lib/python3.13/site-packages/torch/distributed/algorithms/ddp_comm_hooks/__init__.py:54: FutureWarning:

functools.partial will be a method descriptor in future Python versions; wrap it in enum.member() if you want to preserve the old behavior

/net/projects2/fermi2526/conda/nugraph-25-10/lib/python3.13/site-packages/torch/distributed/algorithms/ddp_comm_hooks/__init__.py:80: FutureWarning:

functools.partial will be a method descriptor in future Python versions; wrap it in enum.member() if you want to preserve the old behavior

/net/projects2/fermi2526/conda/nugraph-25-10/lib/python3.13/site-packages/torch/distributed/algorithms/ddp_comm_hooks/__init__.py:85: FutureWarning:

functools.partial will be a method descriptor in future Python versions; wrap it in enum.member() if you want to preserve the old behavior

/net/projects2/fermi2526/conda/nugraph-25-10/lib/python3.13/site-packages/torch/distributed/algorithms/ddp_comm_hooks/__init__.py:55: FutureWarning:

functools.partial will be a method descriptor in future Python versions; wrap it in enum.member() if you want to preserve the old behavior

/net/projects2/fermi2526/conda/nugraph-25-10/lib/python3.13/site-packages/torch/distributed/algorithms/ddp_comm_hooks/__init__.py:90: FutureWarning:

functools.partial will be a method descriptor in future Python versions; wrap it in enum.member() if you want to preserve the old behavior

/net/projects2/fermi2526/conda/nugraph-25-10/lib/python3.13/site-packages/torch/distributed/algorithms/ddp_comm_hooks/__init__.py:58: FutureWarning:

functools.partial will be a method descriptor in future Python versions; wrap it in enum.member() if you want to preserve the old behavior

/net/projects2/fermi2526/conda/nugraph-25-10/lib/python3.13/site-packages/torch/distributed/algorithms/ddp_comm_hooks/__init__.py:61: FutureWarning:

functools.partial will be a method descriptor in future Python versions; wrap it in enum.member() if you want to preserve the old behavior

/net/projects2/fermi2526/conda/nugraph-25-10/lib/python3.13/site-packages/torch/distributed/algorithms/ddp_comm_hooks/__init__.py:64: FutureWarning:

functools.partial will be a method descriptor in future Python versions; wrap it in enum.member() if you want to preserve the old behavior

/net/projects2/fermi2526/conda/nugraph-25-10/lib/python3.13/site-packages/torch/distributed/algorithms/ddp_comm_hooks/__init__.py:67: FutureWarning:

functools.partial will be a method descriptor in future Python versions; wrap it in enum.member() if you want to preserve the old behavior

/net/projects2/fermi2526/conda/nugraph-25-10/lib/python3.13/site-packages/torch/distributed/algorithms/ddp_comm_hooks/__init__.py:74: FutureWarning:

functools.partial will be a method descriptor in future Python versions; wrap it in enum.member() if you want to preserve the old behavior

/net/projects2/fermi2526/conda/nugraph-25-10/lib/python3.13/site-packages/torch/distributed/algorithms/ddp_comm_hooks/__init__.py:80: FutureWarning:

functools.partial will be a method descriptor in future Python versions; wrap it in enum.member() if you want to preserve the old behavior

/net/projects2/fermi2526/conda/nugraph-25-10/lib/python3.13/site-packages/torch/distributed/algorithms/ddp_comm_hooks/__init__.py:85: FutureWarning:

functools.partial will be a method descriptor in future Python versions; wrap it in enum.member() if you want to preserve the old behavior

/net/projects2/fermi2526/conda/nugraph-25-10/lib/python3.13/site-packages/torch/distributed/algorithms/ddp_comm_hooks/__init__.py:90: FutureWarning:

functools.partial will be a method descriptor in future Python versions; wrap it in enum.member() if you want to preserve the old behavior

/net/projects2/fermi2526/conda/nugraph-25-10/lib/python3.13/site-packages/torch/distributed/algorithms/ddp_comm_hooks/__init__.py:54: FutureWarning:

functools.partial will be a method descriptor in future Python versions; wrap it in enum.member() if you want to preserve the old behavior

/net/projects2/fermi2526/conda/nugraph-25-10/lib/python3.13/site-packages/torch/distributed/algorithms/ddp_comm_hooks/__init__.py:55: FutureWarning:

functools.partial will be a method descriptor in future Python versions; wrap it in enum.member() if you want to preserve the old behavior

/net/projects2/fermi2526/conda/nugraph-25-10/lib/python3.13/site-packages/torch/distributed/algorithms/ddp_comm_hooks/__init__.py:58: FutureWarning:

functools.partial will be a method descriptor in future Python versions; wrap it in enum.member() if you want to preserve the old behavior

/net/projects2/fermi2526/conda/nugraph-25-10/lib/python3.13/site-packages/torch/distributed/algorithms/ddp_comm_hooks/__init__.py:61: FutureWarning:

functools.partial will be a method descriptor in future Python versions; wrap it in enum.member() if you want to preserve the old behavior

/net/projects2/fermi2526/conda/nugraph-25-10/lib/python3.13/site-packages/torch/distributed/algorithms/ddp_comm_hooks/__init__.py:64: FutureWarning:

functools.partial will be a method descriptor in future Python versions; wrap it in enum.member() if you want to preserve the old behavior

/net/projects2/fermi2526/conda/nugraph-25-10/lib/python3.13/site-packages/torch/distributed/algorithms/ddp_comm_hooks/__init__.py:67: FutureWarning:

functools.partial will be a method descriptor in future Python versions; wrap it in enum.member() if you want to preserve the old behavior

/net/projects2/fermi2526/conda/nugraph-25-10/lib/python3.13/site-packages/torch/distributed/algorithms/ddp_comm_hooks/__init__.py:74: FutureWarning:

functools.partial will be a method descriptor in future Python versions; wrap it in enum.member() if you want to preserve the old behavior

/net/projects2/fermi2526/conda/nugraph-25-10/lib/python3.13/site-packages/torch/distributed/algorithms/ddp_comm_hooks/__init__.py:54: FutureWarning:

functools.partial will be a method descriptor in future Python versions; wrap it in enum.member() if you want to preserve the old behavior

/net/projects2/fermi2526/conda/nugraph-25-10/lib/python3.13/site-packages/torch/distributed/algorithms/ddp_comm_hooks/__init__.py:80: FutureWarning:

functools.partial will be a method descriptor in future Python versions; wrap it in enum.member() if you want to preserve the old behavior

/net/projects2/fermi2526/conda/nugraph-25-10/lib/python3.13/site-packages/torch/distributed/algorithms/ddp_comm_hooks/__init__.py:55: FutureWarning:

functools.partial will be a method descriptor in future Python versions; wrap it in enum.member() if you want to preserve the old behavior

/net/projects2/fermi2526/conda/nugraph-25-10/lib/python3.13/site-packages/torch/distributed/algorithms/ddp_comm_hooks/__init__.py:85: FutureWarning:

functools.partial will be a method descriptor in future Python versions; wrap it in enum.member() if you want to preserve the old behavior

/net/projects2/fermi2526/conda/nugraph-25-10/lib/python3.13/site-packages/torch/distributed/algorithms/ddp_comm_hooks/__init__.py:58: FutureWarning:

functools.partial will be a method descriptor in future Python versions; wrap it in enum.member() if you want to preserve the old behavior

/net/projects2/fermi2526/conda/nugraph-25-10/lib/python3.13/site-packages/torch/distributed/algorithms/ddp_comm_hooks/__init__.py:90: FutureWarning:

functools.partial will be a method descriptor in future Python versions; wrap it in enum.member() if you want to preserve the old behavior

/net/projects2/fermi2526/conda/nugraph-25-10/lib/python3.13/site-packages/torch/distributed/algorithms/ddp_comm_hooks/__init__.py:61: FutureWarning:

functools.partial will be a method descriptor in future Python versions; wrap it in enum.member() if you want to preserve the old behavior

/net/projects2/fermi2526/conda/nugraph-25-10/lib/python3.13/site-packages/torch/distributed/algorithms/ddp_comm_hooks/__init__.py:64: FutureWarning:

functools.partial will be a method descriptor in future Python versions; wrap it in enum.member() if you want to preserve the old behavior

/net/projects2/fermi2526/conda/nugraph-25-10/lib/python3.13/site-packages/torch/distributed/algorithms/ddp_comm_hooks/__init__.py:67: FutureWarning:

functools.partial will be a method descriptor in future Python versions; wrap it in enum.member() if you want to preserve the old behavior

/net/projects2/fermi2526/conda/nugraph-25-10/lib/python3.13/site-packages/torch/distributed/algorithms/ddp_comm_hooks/__init__.py:74: FutureWarning:

functools.partial will be a method descriptor in future Python versions; wrap it in enum.member() if you want to preserve the old behavior

/net/projects2/fermi2526/conda/nugraph-25-10/lib/python3.13/site-packages/torch/distributed/algorithms/ddp_comm_hooks/__init__.py:80: FutureWarning:

functools.partial will be a method descriptor in future Python versions; wrap it in enum.member() if you want to preserve the old behavior

/net/projects2/fermi2526/conda/nugraph-25-10/lib/python3.13/site-packages/torch/distributed/algorithms/ddp_comm_hooks/__init__.py:85: FutureWarning:

functools.partial will be a method descriptor in future Python versions; wrap it in enum.member() if you want to preserve the old behavior

/net/projects2/fermi2526/conda/nugraph-25-10/lib/python3.13/site-packages/torch/distributed/algorithms/ddp_comm_hooks/__init__.py:90: FutureWarning:

functools.partial will be a method descriptor in future Python versions; wrap it in enum.member() if you want to preserve the old behavior


  | Name             | Type            | Params | Mode 
-------------------------------------------------------------
0 | encoder          | Encoder         | 1.4 K  | train
1 | core_net         | NuGraphCore     | 501 K  | train
2 | event_decoder    | EventDecoder    | 133    | train
3 | semantic_decoder | SemanticDecoder | 904    | train
4 | filter_decoder   | FilterDecoder   | 130    | train
5 | instance_decoder | InstanceDecoder | 35.3 K | train
-------------------------------------------------------------
539 K     Trainable params
19        Non-trainable params
539 K     Total params
2.157     Total estimated model params size (MB)
108       Modules in train mode
0         Modules in eval mode
/net/projects2/fermi2526/conda/nugraph-25-10/lib/python3.13/site-packages/torch/distributed/algorithms/ddp_comm_hooks/__init__.py:54: FutureWarning:

functools.partial will be a method descriptor in future Python versions; wrap it in enum.member() if you want to preserve the old behavior

/net/projects2/fermi2526/conda/nugraph-25-10/lib/python3.13/site-packages/torch/distributed/algorithms/ddp_comm_hooks/__init__.py:55: FutureWarning:

functools.partial will be a method descriptor in future Python versions; wrap it in enum.member() if you want to preserve the old behavior

/net/projects2/fermi2526/conda/nugraph-25-10/lib/python3.13/site-packages/torch/distributed/algorithms/ddp_comm_hooks/__init__.py:58: FutureWarning:

functools.partial will be a method descriptor in future Python versions; wrap it in enum.member() if you want to preserve the old behavior

/net/projects2/fermi2526/conda/nugraph-25-10/lib/python3.13/site-packages/torch/distributed/algorithms/ddp_comm_hooks/__init__.py:61: FutureWarning:

functools.partial will be a method descriptor in future Python versions; wrap it in enum.member() if you want to preserve the old behavior

/net/projects2/fermi2526/conda/nugraph-25-10/lib/python3.13/site-packages/torch/distributed/algorithms/ddp_comm_hooks/__init__.py:64: FutureWarning:

functools.partial will be a method descriptor in future Python versions; wrap it in enum.member() if you want to preserve the old behavior

/net/projects2/fermi2526/conda/nugraph-25-10/lib/python3.13/site-packages/torch/distributed/algorithms/ddp_comm_hooks/__init__.py:67: FutureWarning:

functools.partial will be a method descriptor in future Python versions; wrap it in enum.member() if you want to preserve the old behavior

/net/projects2/fermi2526/conda/nugraph-25-10/lib/python3.13/site-packages/torch/distributed/algorithms/ddp_comm_hooks/__init__.py:74: FutureWarning:

functools.partial will be a method descriptor in future Python versions; wrap it in enum.member() if you want to preserve the old behavior

/net/projects2/fermi2526/conda/nugraph-25-10/lib/python3.13/site-packages/torch/distributed/algorithms/ddp_comm_hooks/__init__.py:80: FutureWarning:

functools.partial will be a method descriptor in future Python versions; wrap it in enum.member() if you want to preserve the old behavior

/net/projects2/fermi2526/conda/nugraph-25-10/lib/python3.13/site-packages/torch/distributed/algorithms/ddp_comm_hooks/__init__.py:85: FutureWarning:

functools.partial will be a method descriptor in future Python versions; wrap it in enum.member() if you want to preserve the old behavior

/net/projects2/fermi2526/conda/nugraph-25-10/lib/python3.13/site-packages/torch/distributed/algorithms/ddp_comm_hooks/__init__.py:90: FutureWarning:

functools.partial will be a method descriptor in future Python versions; wrap it in enum.member() if you want to preserve the old behavior

/net/projects2/fermi2526/conda/nugraph-25-10/lib/python3.13/site-packages/torch/distributed/algorithms/ddp_comm_hooks/__init__.py:54: FutureWarning:

functools.partial will be a method descriptor in future Python versions; wrap it in enum.member() if you want to preserve the old behavior

/net/projects2/fermi2526/conda/nugraph-25-10/lib/python3.13/site-packages/torch/distributed/algorithms/ddp_comm_hooks/__init__.py:55: FutureWarning:

functools.partial will be a method descriptor in future Python versions; wrap it in enum.member() if you want to preserve the old behavior

/net/projects2/fermi2526/conda/nugraph-25-10/lib/python3.13/site-packages/torch/distributed/algorithms/ddp_comm_hooks/__init__.py:58: FutureWarning:

functools.partial will be a method descriptor in future Python versions; wrap it in enum.member() if you want to preserve the old behavior

/net/projects2/fermi2526/conda/nugraph-25-10/lib/python3.13/site-packages/torch/distributed/algorithms/ddp_comm_hooks/__init__.py:61: FutureWarning:

functools.partial will be a method descriptor in future Python versions; wrap it in enum.member() if you want to preserve the old behavior

/net/projects2/fermi2526/conda/nugraph-25-10/lib/python3.13/site-packages/torch/distributed/algorithms/ddp_comm_hooks/__init__.py:64: FutureWarning:

functools.partial will be a method descriptor in future Python versions; wrap it in enum.member() if you want to preserve the old behavior

/net/projects2/fermi2526/conda/nugraph-25-10/lib/python3.13/site-packages/torch/distributed/algorithms/ddp_comm_hooks/__init__.py:54: FutureWarning:

functools.partial will be a method descriptor in future Python versions; wrap it in enum.member() if you want to preserve the old behavior

/net/projects2/fermi2526/conda/nugraph-25-10/lib/python3.13/site-packages/torch/distributed/algorithms/ddp_comm_hooks/__init__.py:67: FutureWarning:

functools.partial will be a method descriptor in future Python versions; wrap it in enum.member() if you want to preserve the old behavior

/net/projects2/fermi2526/conda/nugraph-25-10/lib/python3.13/site-packages/torch/distributed/algorithms/ddp_comm_hooks/__init__.py:74: FutureWarning:

functools.partial will be a method descriptor in future Python versions; wrap it in enum.member() if you want to preserve the old behavior

/net/projects2/fermi2526/conda/nugraph-25-10/lib/python3.13/site-packages/torch/distributed/algorithms/ddp_comm_hooks/__init__.py:55: FutureWarning:

functools.partial will be a method descriptor in future Python versions; wrap it in enum.member() if you want to preserve the old behavior

/net/projects2/fermi2526/conda/nugraph-25-10/lib/python3.13/site-packages/torch/distributed/algorithms/ddp_comm_hooks/__init__.py:80: FutureWarning:

functools.partial will be a method descriptor in future Python versions; wrap it in enum.member() if you want to preserve the old behavior

/net/projects2/fermi2526/conda/nugraph-25-10/lib/python3.13/site-packages/torch/distributed/algorithms/ddp_comm_hooks/__init__.py:85: FutureWarning:

functools.partial will be a method descriptor in future Python versions; wrap it in enum.member() if you want to preserve the old behavior

/net/projects2/fermi2526/conda/nugraph-25-10/lib/python3.13/site-packages/torch/distributed/algorithms/ddp_comm_hooks/__init__.py:90: FutureWarning:

functools.partial will be a method descriptor in future Python versions; wrap it in enum.member() if you want to preserve the old behavior

/net/projects2/fermi2526/conda/nugraph-25-10/lib/python3.13/site-packages/torch/distributed/algorithms/ddp_comm_hooks/__init__.py:58: FutureWarning:

functools.partial will be a method descriptor in future Python versions; wrap it in enum.member() if you want to preserve the old behavior

/net/projects2/fermi2526/conda/nugraph-25-10/lib/python3.13/site-packages/torch/distributed/algorithms/ddp_comm_hooks/__init__.py:61: FutureWarning:

functools.partial will be a method descriptor in future Python versions; wrap it in enum.member() if you want to preserve the old behavior

/net/projects2/fermi2526/conda/nugraph-25-10/lib/python3.13/site-packages/torch/distributed/algorithms/ddp_comm_hooks/__init__.py:64: FutureWarning:

functools.partial will be a method descriptor in future Python versions; wrap it in enum.member() if you want to preserve the old behavior

/net/projects2/fermi2526/conda/nugraph-25-10/lib/python3.13/site-packages/torch/distributed/algorithms/ddp_comm_hooks/__init__.py:67: FutureWarning:

functools.partial will be a method descriptor in future Python versions; wrap it in enum.member() if you want to preserve the old behavior

/net/projects2/fermi2526/conda/nugraph-25-10/lib/python3.13/site-packages/torch/distributed/algorithms/ddp_comm_hooks/__init__.py:74: FutureWarning:

functools.partial will be a method descriptor in future Python versions; wrap it in enum.member() if you want to preserve the old behavior

/net/projects2/fermi2526/conda/nugraph-25-10/lib/python3.13/site-packages/torch/distributed/algorithms/ddp_comm_hooks/__init__.py:80: FutureWarning:

functools.partial will be a method descriptor in future Python versions; wrap it in enum.member() if you want to preserve the old behavior

/net/projects2/fermi2526/conda/nugraph-25-10/lib/python3.13/site-packages/torch/distributed/algorithms/ddp_comm_hooks/__init__.py:85: FutureWarning:

functools.partial will be a method descriptor in future Python versions; wrap it in enum.member() if you want to preserve the old behavior

/net/projects2/fermi2526/conda/nugraph-25-10/lib/python3.13/site-packages/torch/distributed/algorithms/ddp_comm_hooks/__init__.py:90: FutureWarning:

functools.partial will be a method descriptor in future Python versions; wrap it in enum.member() if you want to preserve the old behavior

/net/projects2/fermi2526/conda/nugraph-25-10/lib/python3.13/site-packages/torch/distributed/algorithms/ddp_comm_hooks/__init__.py:54: FutureWarning:

functools.partial will be a method descriptor in future Python versions; wrap it in enum.member() if you want to preserve the old behavior

/net/projects2/fermi2526/conda/nugraph-25-10/lib/python3.13/site-packages/torch/distributed/algorithms/ddp_comm_hooks/__init__.py:55: FutureWarning:

functools.partial will be a method descriptor in future Python versions; wrap it in enum.member() if you want to preserve the old behavior

/net/projects2/fermi2526/conda/nugraph-25-10/lib/python3.13/site-packages/torch/distributed/algorithms/ddp_comm_hooks/__init__.py:58: FutureWarning:

functools.partial will be a method descriptor in future Python versions; wrap it in enum.member() if you want to preserve the old behavior

/net/projects2/fermi2526/conda/nugraph-25-10/lib/python3.13/site-packages/torch/distributed/algorithms/ddp_comm_hooks/__init__.py:61: FutureWarning:

functools.partial will be a method descriptor in future Python versions; wrap it in enum.member() if you want to preserve the old behavior

/net/projects2/fermi2526/conda/nugraph-25-10/lib/python3.13/site-packages/torch/distributed/algorithms/ddp_comm_hooks/__init__.py:64: FutureWarning:

functools.partial will be a method descriptor in future Python versions; wrap it in enum.member() if you want to preserve the old behavior

/net/projects2/fermi2526/conda/nugraph-25-10/lib/python3.13/site-packages/torch/distributed/algorithms/ddp_comm_hooks/__init__.py:67: FutureWarning:

functools.partial will be a method descriptor in future Python versions; wrap it in enum.member() if you want to preserve the old behavior

/net/projects2/fermi2526/conda/nugraph-25-10/lib/python3.13/site-packages/torch/distributed/algorithms/ddp_comm_hooks/__init__.py:74: FutureWarning:

functools.partial will be a method descriptor in future Python versions; wrap it in enum.member() if you want to preserve the old behavior

/net/projects2/fermi2526/conda/nugraph-25-10/lib/python3.13/site-packages/torch/distributed/algorithms/ddp_comm_hooks/__init__.py:80: FutureWarning:

functools.partial will be a method descriptor in future Python versions; wrap it in enum.member() if you want to preserve the old behavior

/net/projects2/fermi2526/conda/nugraph-25-10/lib/python3.13/site-packages/torch/distributed/algorithms/ddp_comm_hooks/__init__.py:85: FutureWarning:

functools.partial will be a method descriptor in future Python versions; wrap it in enum.member() if you want to preserve the old behavior

/net/projects2/fermi2526/conda/nugraph-25-10/lib/python3.13/site-packages/torch/distributed/algorithms/ddp_comm_hooks/__init__.py:90: FutureWarning:

functools.partial will be a method descriptor in future Python versions; wrap it in enum.member() if you want to preserve the old behavior

SLURM auto-requeueing enabled. Setting signal handlers.
SLURM auto-requeueing enabled. Setting signal handlers.
SLURM auto-requeueing enabled. Setting signal handlers.
SLURM auto-requeueing enabled. Setting signal handlers.
SLURM auto-requeueing enabled. Setting signal handlers.
SLURM auto-requeueing enabled. Setting signal handlers.
SLURM auto-requeueing enabled. Setting signal handlers.
SLURM auto-requeueing enabled. Setting signal handlers.
/home/vihaan/NuGraph/pynuml/pynuml/data/nugraph_data.py:108: UserWarning:

Unable to accurately infer 'num_nodes' from the attribute set '{'y_vtx', 'y'}'. Please explicitly set 'num_nodes' as an attribute of 'data[evt]' to suppress this warning

/home/vihaan/NuGraph/pynuml/pynuml/data/nugraph_data.py:108: UserWarning:

Unable to accurately infer 'num_nodes' from the attribute set '{'y_vtx', 'y'}'. Please explicitly set 'num_nodes' as an attribute of 'data[evt]' to suppress this warning

/home/vihaan/NuGraph/pynuml/pynuml/data/nugraph_data.py:108: UserWarning:

Unable to accurately infer 'num_nodes' from the attribute set '{'y_vtx', 'y'}'. Please explicitly set 'num_nodes' as an attribute of 'data[evt]' to suppress this warning

/home/vihaan/NuGraph/pynuml/pynuml/data/nugraph_data.py:108: UserWarning:

Unable to accurately infer 'num_nodes' from the attribute set '{'y_vtx', 'y'}'. Please explicitly set 'num_nodes' as an attribute of 'data[evt]' to suppress this warning

/home/vihaan/NuGraph/pynuml/pynuml/data/nugraph_data.py:108: UserWarning:

Unable to accurately infer 'num_nodes' from the attribute set '{'y', 'y_vtx'}'. Please explicitly set 'num_nodes' as an attribute of 'data[evt]' to suppress this warning

/home/vihaan/NuGraph/pynuml/pynuml/data/nugraph_data.py:108: UserWarning:

Unable to accurately infer 'num_nodes' from the attribute set '{'y', 'y_vtx'}'. Please explicitly set 'num_nodes' as an attribute of 'data[evt]' to suppress this warning

/home/vihaan/NuGraph/pynuml/pynuml/data/nugraph_data.py:108: UserWarning:

Unable to accurately infer 'num_nodes' from the attribute set '{'y', 'y_vtx'}'. Please explicitly set 'num_nodes' as an attribute of 'data[evt]' to suppress this warning

/home/vihaan/NuGraph/pynuml/pynuml/data/nugraph_data.py:108: UserWarning:

Unable to accurately infer 'num_nodes' from the attribute set '{'y_vtx', 'y'}'. Please explicitly set 'num_nodes' as an attribute of 'data[evt]' to suppress this warning

/home/vihaan/NuGraph/pynuml/pynuml/data/nugraph_data.py:108: UserWarning:

Unable to accurately infer 'num_nodes' from the attribute set '{'y', 'y_vtx'}'. Please explicitly set 'num_nodes' as an attribute of 'data[evt]' to suppress this warning

/home/vihaan/NuGraph/pynuml/pynuml/data/nugraph_data.py:108: UserWarning:

Unable to accurately infer 'num_nodes' from the attribute set '{'y', 'y_vtx'}'. Please explicitly set 'num_nodes' as an attribute of 'data[evt]' to suppress this warning

/home/vihaan/NuGraph/pynuml/pynuml/data/nugraph_data.py:108: UserWarning:

Unable to accurately infer 'num_nodes' from the attribute set '{'y', 'y_vtx'}'. Please explicitly set 'num_nodes' as an attribute of 'data[evt]' to suppress this warning

/home/vihaan/NuGraph/pynuml/pynuml/data/nugraph_data.py:108: UserWarning:

Unable to accurately infer 'num_nodes' from the attribute set '{'y_vtx', 'y'}'. Please explicitly set 'num_nodes' as an attribute of 'data[evt]' to suppress this warning

/home/vihaan/NuGraph/pynuml/pynuml/data/nugraph_data.py:108: UserWarning:

Unable to accurately infer 'num_nodes' from the attribute set '{'y_vtx', 'y'}'. Please explicitly set 'num_nodes' as an attribute of 'data[evt]' to suppress this warning

/home/vihaan/NuGraph/pynuml/pynuml/data/nugraph_data.py:108: UserWarning:

Unable to accurately infer 'num_nodes' from the attribute set '{'y_vtx', 'y'}'. Please explicitly set 'num_nodes' as an attribute of 'data[evt]' to suppress this warning

/home/vihaan/NuGraph/pynuml/pynuml/data/nugraph_data.py:108: UserWarning:

Unable to accurately infer 'num_nodes' from the attribute set '{'y', 'y_vtx'}'. Please explicitly set 'num_nodes' as an attribute of 'data[evt]' to suppress this warning

/home/vihaan/NuGraph/pynuml/pynuml/data/nugraph_data.py:108: UserWarning:

Unable to accurately infer 'num_nodes' from the attribute set '{'y_vtx', 'y'}'. Please explicitly set 'num_nodes' as an attribute of 'data[evt]' to suppress this warning

/home/vihaan/NuGraph/pynuml/pynuml/data/nugraph_data.py:108: UserWarning:

Unable to accurately infer 'num_nodes' from the attribute set '{'y', 'y_vtx'}'. Please explicitly set 'num_nodes' as an attribute of 'data[evt]' to suppress this warning

/home/vihaan/NuGraph/pynuml/pynuml/data/nugraph_data.py:108: UserWarning:

Unable to accurately infer 'num_nodes' from the attribute set '{'y_vtx', 'y'}'. Please explicitly set 'num_nodes' as an attribute of 'data[evt]' to suppress this warning

/home/vihaan/NuGraph/pynuml/pynuml/data/nugraph_data.py:108: UserWarning:

Unable to accurately infer 'num_nodes' from the attribute set '{'y_vtx', 'y'}'. Please explicitly set 'num_nodes' as an attribute of 'data[evt]' to suppress this warning

/home/vihaan/NuGraph/pynuml/pynuml/data/nugraph_data.py:108: UserWarning:

Unable to accurately infer 'num_nodes' from the attribute set '{'y_vtx', 'y'}'. Please explicitly set 'num_nodes' as an attribute of 'data[evt]' to suppress this warning

/home/vihaan/NuGraph/pynuml/pynuml/data/nugraph_data.py:108: UserWarning:

Unable to accurately infer 'num_nodes' from the attribute set '{'y', 'y_vtx'}'. Please explicitly set 'num_nodes' as an attribute of 'data[evt]' to suppress this warning

/home/vihaan/NuGraph/pynuml/pynuml/data/nugraph_data.py:108: UserWarning:

Unable to accurately infer 'num_nodes' from the attribute set '{'y_vtx', 'y'}'. Please explicitly set 'num_nodes' as an attribute of 'data[evt]' to suppress this warning

/home/vihaan/NuGraph/pynuml/pynuml/data/nugraph_data.py:108: UserWarning:

Unable to accurately infer 'num_nodes' from the attribute set '{'y_vtx', 'y'}'. Please explicitly set 'num_nodes' as an attribute of 'data[evt]' to suppress this warning

/home/vihaan/NuGraph/pynuml/pynuml/data/nugraph_data.py:108: UserWarning:

Unable to accurately infer 'num_nodes' from the attribute set '{'y_vtx', 'y'}'. Please explicitly set 'num_nodes' as an attribute of 'data[evt]' to suppress this warning

/home/vihaan/NuGraph/pynuml/pynuml/data/nugraph_data.py:108: UserWarning:

Unable to accurately infer 'num_nodes' from the attribute set '{'y_vtx', 'y'}'. Please explicitly set 'num_nodes' as an attribute of 'data[evt]' to suppress this warning

/home/vihaan/NuGraph/pynuml/pynuml/data/nugraph_data.py:108: UserWarning:

Unable to accurately infer 'num_nodes' from the attribute set '{'y_vtx', 'y'}'. Please explicitly set 'num_nodes' as an attribute of 'data[evt]' to suppress this warning

/home/vihaan/NuGraph/pynuml/pynuml/data/nugraph_data.py:108: UserWarning:

Unable to accurately infer 'num_nodes' from the attribute set '{'y', 'y_vtx'}'. Please explicitly set 'num_nodes' as an attribute of 'data[evt]' to suppress this warning

/home/vihaan/NuGraph/pynuml/pynuml/data/nugraph_data.py:108: UserWarning:

Unable to accurately infer 'num_nodes' from the attribute set '{'y_vtx', 'y'}'. Please explicitly set 'num_nodes' as an attribute of 'data[evt]' to suppress this warning

/home/vihaan/NuGraph/pynuml/pynuml/data/nugraph_data.py:108: UserWarning:

Unable to accurately infer 'num_nodes' from the attribute set '{'y', 'y_vtx'}'. Please explicitly set 'num_nodes' as an attribute of 'data[evt]' to suppress this warning

/home/vihaan/NuGraph/pynuml/pynuml/data/nugraph_data.py:108: UserWarning:

Unable to accurately infer 'num_nodes' from the attribute set '{'y_vtx', 'y'}'. Please explicitly set 'num_nodes' as an attribute of 'data[evt]' to suppress this warning

/home/vihaan/NuGraph/pynuml/pynuml/data/nugraph_data.py:108: UserWarning:

Unable to accurately infer 'num_nodes' from the attribute set '{'y_vtx', 'y'}'. Please explicitly set 'num_nodes' as an attribute of 'data[evt]' to suppress this warning

/home/vihaan/NuGraph/pynuml/pynuml/data/nugraph_data.py:108: UserWarning:

Unable to accurately infer 'num_nodes' from the attribute set '{'y', 'y_vtx'}'. Please explicitly set 'num_nodes' as an attribute of 'data[evt]' to suppress this warning

/home/vihaan/NuGraph/pynuml/pynuml/data/nugraph_data.py:108: UserWarning:

Unable to accurately infer 'num_nodes' from the attribute set '{'y', 'y_vtx'}'. Please explicitly set 'num_nodes' as an attribute of 'data[evt]' to suppress this warning

/home/vihaan/NuGraph/pynuml/pynuml/data/nugraph_data.py:108: UserWarning:

Unable to accurately infer 'num_nodes' from the attribute set '{'y_vtx', 'y'}'. Please explicitly set 'num_nodes' as an attribute of 'data[evt]' to suppress this warning

/home/vihaan/NuGraph/pynuml/pynuml/data/nugraph_data.py:108: UserWarning:

Unable to accurately infer 'num_nodes' from the attribute set '{'y', 'y_vtx'}'. Please explicitly set 'num_nodes' as an attribute of 'data[evt]' to suppress this warning

/home/vihaan/NuGraph/pynuml/pynuml/data/nugraph_data.py:108: UserWarning:

Unable to accurately infer 'num_nodes' from the attribute set '{'y_vtx', 'y'}'. Please explicitly set 'num_nodes' as an attribute of 'data[evt]' to suppress this warning

/home/vihaan/NuGraph/pynuml/pynuml/data/nugraph_data.py:108: UserWarning:

Unable to accurately infer 'num_nodes' from the attribute set '{'y_vtx', 'y'}'. Please explicitly set 'num_nodes' as an attribute of 'data[evt]' to suppress this warning

/home/vihaan/NuGraph/pynuml/pynuml/data/nugraph_data.py:108: UserWarning:

Unable to accurately infer 'num_nodes' from the attribute set '{'y', 'y_vtx'}'. Please explicitly set 'num_nodes' as an attribute of 'data[evt]' to suppress this warning

/home/vihaan/NuGraph/pynuml/pynuml/data/nugraph_data.py:108: UserWarning:

Unable to accurately infer 'num_nodes' from the attribute set '{'y_vtx', 'y'}'. Please explicitly set 'num_nodes' as an attribute of 'data[evt]' to suppress this warning

/home/vihaan/NuGraph/pynuml/pynuml/data/nugraph_data.py:108: UserWarning:

Unable to accurately infer 'num_nodes' from the attribute set '{'y_vtx', 'y'}'. Please explicitly set 'num_nodes' as an attribute of 'data[evt]' to suppress this warning

/home/vihaan/NuGraph/pynuml/pynuml/data/nugraph_data.py:108: UserWarning:

Unable to accurately infer 'num_nodes' from the attribute set '{'y_vtx', 'y'}'. Please explicitly set 'num_nodes' as an attribute of 'data[evt]' to suppress this warning

/home/vihaan/NuGraph/pynuml/pynuml/data/nugraph_data.py:108: UserWarning:

Unable to accurately infer 'num_nodes' from the attribute set '{'y_vtx', 'y'}'. Please explicitly set 'num_nodes' as an attribute of 'data[evt]' to suppress this warning

/home/vihaan/NuGraph/pynuml/pynuml/data/nugraph_data.py:108: UserWarning:

Unable to accurately infer 'num_nodes' from the attribute set '{'y_vtx', 'y'}'. Please explicitly set 'num_nodes' as an attribute of 'data[evt]' to suppress this warning

/home/vihaan/NuGraph/pynuml/pynuml/data/nugraph_data.py:108: UserWarning:

Unable to accurately infer 'num_nodes' from the attribute set '{'y_vtx', 'y'}'. Please explicitly set 'num_nodes' as an attribute of 'data[evt]' to suppress this warning

/home/vihaan/NuGraph/pynuml/pynuml/data/nugraph_data.py:108: UserWarning:

Unable to accurately infer 'num_nodes' from the attribute set '{'y_vtx', 'y'}'. Please explicitly set 'num_nodes' as an attribute of 'data[evt]' to suppress this warning

/home/vihaan/NuGraph/pynuml/pynuml/data/nugraph_data.py:108: UserWarning:

Unable to accurately infer 'num_nodes' from the attribute set '{'y_vtx', 'y'}'. Please explicitly set 'num_nodes' as an attribute of 'data[evt]' to suppress this warning

/home/vihaan/NuGraph/pynuml/pynuml/data/nugraph_data.py:108: UserWarning:

Unable to accurately infer 'num_nodes' from the attribute set '{'y_vtx', 'y'}'. Please explicitly set 'num_nodes' as an attribute of 'data[evt]' to suppress this warning

/home/vihaan/NuGraph/pynuml/pynuml/data/nugraph_data.py:108: UserWarning:

Unable to accurately infer 'num_nodes' from the attribute set '{'y_vtx', 'y'}'. Please explicitly set 'num_nodes' as an attribute of 'data[evt]' to suppress this warning

/home/vihaan/NuGraph/pynuml/pynuml/data/nugraph_data.py:108: UserWarning:

Unable to accurately infer 'num_nodes' from the attribute set '{'y_vtx', 'y'}'. Please explicitly set 'num_nodes' as an attribute of 'data[evt]' to suppress this warning

/home/vihaan/NuGraph/pynuml/pynuml/data/nugraph_data.py:108: UserWarning:

Unable to accurately infer 'num_nodes' from the attribute set '{'y_vtx', 'y'}'. Please explicitly set 'num_nodes' as an attribute of 'data[evt]' to suppress this warning

/home/vihaan/NuGraph/pynuml/pynuml/data/nugraph_data.py:108: UserWarning:

Unable to accurately infer 'num_nodes' from the attribute set '{'y_vtx', 'y'}'. Please explicitly set 'num_nodes' as an attribute of 'data[evt]' to suppress this warning

/home/vihaan/NuGraph/pynuml/pynuml/data/nugraph_data.py:108: UserWarning:

Unable to accurately infer 'num_nodes' from the attribute set '{'y_vtx', 'y'}'. Please explicitly set 'num_nodes' as an attribute of 'data[evt]' to suppress this warning

/home/vihaan/NuGraph/pynuml/pynuml/data/nugraph_data.py:108: UserWarning:

Unable to accurately infer 'num_nodes' from the attribute set '{'y_vtx', 'y'}'. Please explicitly set 'num_nodes' as an attribute of 'data[evt]' to suppress this warning

/home/vihaan/NuGraph/pynuml/pynuml/data/nugraph_data.py:108: UserWarning:

Unable to accurately infer 'num_nodes' from the attribute set '{'y_vtx', 'y'}'. Please explicitly set 'num_nodes' as an attribute of 'data[evt]' to suppress this warning

/home/vihaan/NuGraph/pynuml/pynuml/data/nugraph_data.py:108: UserWarning:

Unable to accurately infer 'num_nodes' from the attribute set '{'y_vtx', 'y'}'. Please explicitly set 'num_nodes' as an attribute of 'data[evt]' to suppress this warning

/home/vihaan/NuGraph/pynuml/pynuml/data/nugraph_data.py:108: UserWarning:

Unable to accurately infer 'num_nodes' from the attribute set '{'y_vtx', 'y'}'. Please explicitly set 'num_nodes' as an attribute of 'data[evt]' to suppress this warning

/home/vihaan/NuGraph/pynuml/pynuml/data/nugraph_data.py:108: UserWarning:

Unable to accurately infer 'num_nodes' from the attribute set '{'y_vtx', 'y'}'. Please explicitly set 'num_nodes' as an attribute of 'data[evt]' to suppress this warning

/home/vihaan/NuGraph/pynuml/pynuml/data/nugraph_data.py:108: UserWarning:

Unable to accurately infer 'num_nodes' from the attribute set '{'y_vtx', 'y'}'. Please explicitly set 'num_nodes' as an attribute of 'data[evt]' to suppress this warning

/home/vihaan/NuGraph/pynuml/pynuml/data/nugraph_data.py:108: UserWarning:

Unable to accurately infer 'num_nodes' from the attribute set '{'y', 'y_vtx'}'. Please explicitly set 'num_nodes' as an attribute of 'data[evt]' to suppress this warning

/home/vihaan/NuGraph/pynuml/pynuml/data/nugraph_data.py:108: UserWarning:

Unable to accurately infer 'num_nodes' from the attribute set '{'y', 'y_vtx'}'. Please explicitly set 'num_nodes' as an attribute of 'data[evt]' to suppress this warning

/home/vihaan/NuGraph/pynuml/pynuml/data/nugraph_data.py:108: UserWarning:

Unable to accurately infer 'num_nodes' from the attribute set '{'y_vtx', 'y'}'. Please explicitly set 'num_nodes' as an attribute of 'data[evt]' to suppress this warning

/home/vihaan/NuGraph/pynuml/pynuml/data/nugraph_data.py:108: UserWarning:

Unable to accurately infer 'num_nodes' from the attribute set '{'y', 'y_vtx'}'. Please explicitly set 'num_nodes' as an attribute of 'data[evt]' to suppress this warning

/home/vihaan/NuGraph/pynuml/pynuml/data/nugraph_data.py:108: UserWarning:

Unable to accurately infer 'num_nodes' from the attribute set '{'y', 'y_vtx'}'. Please explicitly set 'num_nodes' as an attribute of 'data[evt]' to suppress this warning

/home/vihaan/NuGraph/pynuml/pynuml/data/nugraph_data.py:108: UserWarning:

Unable to accurately infer 'num_nodes' from the attribute set '{'y', 'y_vtx'}'. Please explicitly set 'num_nodes' as an attribute of 'data[evt]' to suppress this warning

/home/vihaan/NuGraph/pynuml/pynuml/data/nugraph_data.py:108: UserWarning:

Unable to accurately infer 'num_nodes' from the attribute set '{'y', 'y_vtx'}'. Please explicitly set 'num_nodes' as an attribute of 'data[evt]' to suppress this warning

/home/vihaan/NuGraph/pynuml/pynuml/data/nugraph_data.py:108: UserWarning:

Unable to accurately infer 'num_nodes' from the attribute set '{'y', 'y_vtx'}'. Please explicitly set 'num_nodes' as an attribute of 'data[evt]' to suppress this warning

/home/vihaan/NuGraph/pynuml/pynuml/data/nugraph_data.py:108: UserWarning:

Unable to accurately infer 'num_nodes' from the attribute set '{'y', 'y_vtx'}'. Please explicitly set 'num_nodes' as an attribute of 'data[evt]' to suppress this warning

/home/vihaan/NuGraph/pynuml/pynuml/data/nugraph_data.py:108: UserWarning:

Unable to accurately infer 'num_nodes' from the attribute set '{'y', 'y_vtx'}'. Please explicitly set 'num_nodes' as an attribute of 'data[evt]' to suppress this warning

/home/vihaan/NuGraph/pynuml/pynuml/data/nugraph_data.py:108: UserWarning:

Unable to accurately infer 'num_nodes' from the attribute set '{'y', 'y_vtx'}'. Please explicitly set 'num_nodes' as an attribute of 'data[evt]' to suppress this warning

/home/vihaan/NuGraph/pynuml/pynuml/data/nugraph_data.py:108: UserWarning:

Unable to accurately infer 'num_nodes' from the attribute set '{'y', 'y_vtx'}'. Please explicitly set 'num_nodes' as an attribute of 'data[evt]' to suppress this warning

/home/vihaan/NuGraph/pynuml/pynuml/data/nugraph_data.py:108: UserWarning:

Unable to accurately infer 'num_nodes' from the attribute set '{'y_vtx', 'y'}'. Please explicitly set 'num_nodes' as an attribute of 'data[evt]' to suppress this warning

/home/vihaan/NuGraph/pynuml/pynuml/data/nugraph_data.py:108: UserWarning:

Unable to accurately infer 'num_nodes' from the attribute set '{'y_vtx', 'y'}'. Please explicitly set 'num_nodes' as an attribute of 'data[evt]' to suppress this warning

/home/vihaan/NuGraph/pynuml/pynuml/data/nugraph_data.py:108: UserWarning:

Unable to accurately infer 'num_nodes' from the attribute set '{'y', 'y_vtx'}'. Please explicitly set 'num_nodes' as an attribute of 'data[evt]' to suppress this warning

/home/vihaan/NuGraph/pynuml/pynuml/data/nugraph_data.py:108: UserWarning:

Unable to accurately infer 'num_nodes' from the attribute set '{'y_vtx', 'y'}'. Please explicitly set 'num_nodes' as an attribute of 'data[evt]' to suppress this warning

/home/vihaan/NuGraph/pynuml/pynuml/data/nugraph_data.py:108: UserWarning:

Unable to accurately infer 'num_nodes' from the attribute set '{'y_vtx', 'y'}'. Please explicitly set 'num_nodes' as an attribute of 'data[evt]' to suppress this warning

/home/vihaan/NuGraph/pynuml/pynuml/data/nugraph_data.py:108: UserWarning:

Unable to accurately infer 'num_nodes' from the attribute set '{'y', 'y_vtx'}'. Please explicitly set 'num_nodes' as an attribute of 'data[evt]' to suppress this warning

/home/vihaan/NuGraph/pynuml/pynuml/data/nugraph_data.py:108: UserWarning:

Unable to accurately infer 'num_nodes' from the attribute set '{'y', 'y_vtx'}'. Please explicitly set 'num_nodes' as an attribute of 'data[evt]' to suppress this warning

/home/vihaan/NuGraph/pynuml/pynuml/data/nugraph_data.py:108: UserWarning:

Unable to accurately infer 'num_nodes' from the attribute set '{'y', 'y_vtx'}'. Please explicitly set 'num_nodes' as an attribute of 'data[evt]' to suppress this warning

/home/vihaan/NuGraph/pynuml/pynuml/data/nugraph_data.py:108: UserWarning:

Unable to accurately infer 'num_nodes' from the attribute set '{'y_vtx', 'y'}'. Please explicitly set 'num_nodes' as an attribute of 'data[evt]' to suppress this warning

/home/vihaan/NuGraph/pynuml/pynuml/data/nugraph_data.py:108: UserWarning:

Unable to accurately infer 'num_nodes' from the attribute set '{'y_vtx', 'y'}'. Please explicitly set 'num_nodes' as an attribute of 'data[evt]' to suppress this warning

Sanity Checking: |          | 0/? [00:00<?, ?it/s]Sanity Checking: |          | 0/? [00:00<?, ?it/s]Sanity Checking DataLoader 0:   0%|          | 0/2 [00:00<?, ?it/s]Sanity Checking DataLoader 0:  50%|█████     | 1/2 [00:05<00:05,  0.18it/s]Sanity Checking DataLoader 0: 100%|██████████| 2/2 [00:05<00:00,  0.35it/s]                                                                           Training: |          | 0/? [00:00<?, ?it/s]Training: |          | 0/? [00:00<?, ?it/s]Epoch 0:   0%|          | 0/6208 [00:00<?, ?it/s]Epoch 0:   0%|          | 1/6208 [00:02<4:27:14,  0.39it/s]Epoch 0:   0%|          | 1/6208 [00:02<4:27:17,  0.39it/s, v_num=t-12, loss/train=28.20]Epoch 0:   0%|          | 2/6208 [00:02<2:21:51,  0.73it/s, v_num=t-12, loss/train=28.20]Epoch 0:   0%|          | 2/6208 [00:02<2:22:44,  0.72it/s, v_num=t-12, loss/train=30.40]Epoch 0:   0%|          | 3/6208 [00:02<1:39:51,  1.04it/s, v_num=t-12, loss/train=30.40]Epoch 0:   0%|          | 3/6208 [00:02<1:40:42,  1.03it/s, v_num=t-12, loss/train=28.10]Epoch 0:   0%|          | 4/6208 [00:03<1:19:13,  1.31it/s, v_num=t-12, loss/train=28.10]Epoch 0:   0%|          | 4/6208 [00:03<1:19:30,  1.30it/s, v_num=t-12, loss/train=27.60]Epoch 0:   0%|          | 5/6208 [00:03<1:06:46,  1.55it/s, v_num=t-12, loss/train=27.60]Epoch 0:   0%|          | 5/6208 [00:03<1:06:53,  1.55it/s, v_num=t-12, loss/train=25.20]Epoch 0:   0%|          | 6/6208 [00:03<58:02,  1.78it/s, v_num=t-12, loss/train=25.20]  Epoch 0:   0%|          | 6/6208 [00:03<58:24,  1.77it/s, v_num=t-12, loss/train=23.60]Epoch 0:   0%|          | 7/6208 [00:03<52:03,  1.99it/s, v_num=t-12, loss/train=23.60]Epoch 0:   0%|          | 7/6208 [00:03<52:29,  1.97it/s, v_num=t-12, loss/train=26.00]Epoch 0:   0%|          | 8/6208 [00:03<47:43,  2.16it/s, v_num=t-12, loss/train=26.00]Epoch 0:   0%|          | 8/6208 [00:03<48:17,  2.14it/s, v_num=t-12, loss/train=21.20]Epoch 0:   0%|          | 9/6208 [00:03<44:23,  2.33it/s, v_num=t-12, loss/train=21.20]Epoch 0:   0%|          | 9/6208 [00:03<44:40,  2.31it/s, v_num=t-12, loss/train=22.70]Epoch 0:   0%|          | 10/6208 [00:04<41:53,  2.47it/s, v_num=t-12, loss/train=22.70]Epoch 0:   0%|          | 10/6208 [00:04<41:59,  2.46it/s, v_num=t-12, loss/train=20.30]Epoch 0:   0%|          | 11/6208 [00:04<39:33,  2.61it/s, v_num=t-12, loss/train=20.30]Epoch 0:   0%|          | 11/6208 [00:04<39:43,  2.60it/s, v_num=t-12, loss/train=17.90]Epoch 0:   0%|          | 12/6208 [00:04<37:41,  2.74it/s, v_num=t-12, loss/train=17.90]Epoch 0:   0%|          | 12/6208 [00:04<37:50,  2.73it/s, v_num=t-12, loss/train=16.30]Epoch 0:   0%|          | 13/6208 [00:04<36:12,  2.85it/s, v_num=t-12, loss/train=16.30]Epoch 0:   0%|          | 13/6208 [00:04<36:14,  2.85it/s, v_num=t-12, loss/train=15.10]Epoch 0:   0%|          | 14/6208 [00:04<34:43,  2.97it/s, v_num=t-12, loss/train=15.10]Epoch 0:   0%|          | 14/6208 [00:04<34:56,  2.95it/s, v_num=t-12, loss/train=14.50]Epoch 0:   0%|          | 15/6208 [00:04<33:29,  3.08it/s, v_num=t-12, loss/train=14.50]Epoch 0:   0%|          | 15/6208 [00:04<33:37,  3.07it/s, v_num=t-12, loss/train=11.30]Epoch 0:   0%|          | 16/6208 [00:05<32:26,  3.18it/s, v_num=t-12, loss/train=11.30]Epoch 0:   0%|          | 16/6208 [00:05<32:29,  3.18it/s, v_num=t-12, loss/train=10.20]Epoch 0:   0%|          | 17/6208 [00:05<31:22,  3.29it/s, v_num=t-12, loss/train=10.20]Epoch 0:   0%|          | 17/6208 [00:05<31:30,  3.28it/s, v_num=t-12, loss/train=8.960]Epoch 0:   0%|          | 18/6208 [00:05<30:31,  3.38it/s, v_num=t-12, loss/train=8.960]Epoch 0:   0%|          | 18/6208 [00:05<30:35,  3.37it/s, v_num=t-12, loss/train=10.50]Epoch 0:   0%|          | 19/6208 [00:05<29:44,  3.47it/s, v_num=t-12, loss/train=10.50]Epoch 0:   0%|          | 19/6208 [00:05<29:48,  3.46it/s, v_num=t-12, loss/train=8.840]Epoch 0:   0%|          | 20/6208 [00:05<29:03,  3.55it/s, v_num=t-12, loss/train=8.840]Epoch 0:   0%|          | 20/6208 [00:05<29:09,  3.54it/s, v_num=t-12, loss/train=8.710]Epoch 0:   0%|          | 21/6208 [00:05<28:28,  3.62it/s, v_num=t-12, loss/train=8.710]Epoch 0:   0%|          | 21/6208 [00:05<28:32,  3.61it/s, v_num=t-12, loss/train=9.080]Epoch 0:   0%|          | 22/6208 [00:05<27:57,  3.69it/s, v_num=t-12, loss/train=9.080]Epoch 0:   0%|          | 22/6208 [00:05<27:59,  3.68it/s, v_num=t-12, loss/train=9.510]Epoch 0:   0%|          | 23/6208 [00:06<27:22,  3.76it/s, v_num=t-12, loss/train=9.510]Epoch 0:   0%|          | 23/6208 [00:06<27:27,  3.75it/s, v_num=t-12, loss/train=9.240]Epoch 0:   0%|          | 24/6208 [00:06<27:01,  3.81it/s, v_num=t-12, loss/train=9.240]Epoch 0:   0%|          | 24/6208 [00:06<27:03,  3.81it/s, v_num=t-12, loss/train=8.020]Epoch 0:   0%|          | 25/6208 [00:06<26:34,  3.88it/s, v_num=t-12, loss/train=8.020]Epoch 0:   0%|          | 25/6208 [00:06<26:37,  3.87it/s, v_num=t-12, loss/train=7.270]Epoch 0:   0%|          | 26/6208 [00:06<26:11,  3.93it/s, v_num=t-12, loss/train=7.270]Epoch 0:   0%|          | 26/6208 [00:06<26:13,  3.93it/s, v_num=t-12, loss/train=7.040]Epoch 0:   0%|          | 27/6208 [00:06<26:01,  3.96it/s, v_num=t-12, loss/train=7.040]Epoch 0:   0%|          | 27/6208 [00:06<26:02,  3.96it/s, v_num=t-12, loss/train=7.240]Epoch 0:   0%|          | 28/6208 [00:06<25:42,  4.01it/s, v_num=t-12, loss/train=7.240]Epoch 0:   0%|          | 28/6208 [00:06<25:44,  4.00it/s, v_num=t-12, loss/train=7.480]Epoch 0:   0%|          | 29/6208 [00:07<25:20,  4.06it/s, v_num=t-12, loss/train=7.480]Epoch 0:   0%|          | 29/6208 [00:07<25:26,  4.05it/s, v_num=t-12, loss/train=9.080]Epoch 0:   0%|          | 30/6208 [00:07<25:07,  4.10it/s, v_num=t-12, loss/train=9.080]Epoch 0:   0%|          | 30/6208 [00:07<25:08,  4.09it/s, v_num=t-12, loss/train=9.760]Epoch 0:   0%|          | 31/6208 [00:07<25:04,  4.10it/s, v_num=t-12, loss/train=9.760]Epoch 0:   0%|          | 31/6208 [00:07<25:11,  4.09it/s, v_num=t-12, loss/train=9.890]Epoch 0:   1%|          | 32/6208 [00:07<24:48,  4.15it/s, v_num=t-12, loss/train=9.890]Epoch 0:   1%|          | 32/6208 [00:07<24:53,  4.14it/s, v_num=t-12, loss/train=7.720]Epoch 0:   1%|          | 33/6208 [00:08<25:28,  4.04it/s, v_num=t-12, loss/train=7.720]Epoch 0:   1%|          | 33/6208 [00:08<25:30,  4.03it/s, v_num=t-12, loss/train=8.010]Epoch 0:   1%|          | 34/6208 [00:08<25:08,  4.09it/s, v_num=t-12, loss/train=8.010]Epoch 0:   1%|          | 34/6208 [00:08<25:13,  4.08it/s, v_num=t-12, loss/train=7.050]Epoch 0:   1%|          | 35/6208 [00:08<24:55,  4.13it/s, v_num=t-12, loss/train=7.050]Epoch 0:   1%|          | 35/6208 [00:08<24:59,  4.12it/s, v_num=t-12, loss/train=7.190]Epoch 0:   1%|          | 36/6208 [00:08<25:18,  4.07it/s, v_num=t-12, loss/train=7.190]Epoch 0:   1%|          | 36/6208 [00:08<25:23,  4.05it/s, v_num=t-12, loss/train=8.160]Epoch 0:   1%|          | 37/6208 [00:09<25:01,  4.11it/s, v_num=t-12, loss/train=8.160]Epoch 0:   1%|          | 37/6208 [00:09<25:03,  4.10it/s, v_num=t-12, loss/train=8.700]Epoch 0:   1%|          | 38/6208 [00:09<24:44,  4.16it/s, v_num=t-12, loss/train=8.700]Epoch 0:   1%|          | 38/6208 [00:09<24:46,  4.15it/s, v_num=t-12, loss/train=8.170]Epoch 0:   1%|          | 39/6208 [00:09<24:31,  4.19it/s, v_num=t-12, loss/train=8.170]Epoch 0:   1%|          | 39/6208 [00:09<24:32,  4.19it/s, v_num=t-12, loss/train=7.930]Epoch 0:   1%|          | 40/6208 [00:09<24:17,  4.23it/s, v_num=t-12, loss/train=7.930]Epoch 0:   1%|          | 40/6208 [00:09<24:19,  4.23it/s, v_num=t-12, loss/train=8.190]Epoch 0:   1%|          | 41/6208 [00:09<24:04,  4.27it/s, v_num=t-12, loss/train=8.190]Epoch 0:   1%|          | 41/6208 [00:09<24:06,  4.26it/s, v_num=t-12, loss/train=7.220]Epoch 0:   1%|          | 42/6208 [00:09<23:54,  4.30it/s, v_num=t-12, loss/train=7.220]Epoch 0:   1%|          | 42/6208 [00:09<23:56,  4.29it/s, v_num=t-12, loss/train=8.100]Epoch 0:   1%|          | 43/6208 [00:09<23:48,  4.31it/s, v_num=t-12, loss/train=8.100]Epoch 0:   1%|          | 43/6208 [00:09<23:48,  4.31it/s, v_num=t-12, loss/train=8.580]Epoch 0:   1%|          | 44/6208 [00:10<23:36,  4.35it/s, v_num=t-12, loss/train=8.580]Epoch 0:   1%|          | 44/6208 [00:10<23:40,  4.34it/s, v_num=t-12, loss/train=8.220]Epoch 0:   1%|          | 45/6208 [00:10<23:28,  4.38it/s, v_num=t-12, loss/train=8.220]Epoch 0:   1%|          | 45/6208 [00:10<23:30,  4.37it/s, v_num=t-12, loss/train=7.500]Epoch 0:   1%|          | 46/6208 [00:10<23:18,  4.41it/s, v_num=t-12, loss/train=7.500]Epoch 0:   1%|          | 46/6208 [00:10<23:20,  4.40it/s, v_num=t-12, loss/train=6.870]Epoch 0:   1%|          | 47/6208 [00:10<23:09,  4.43it/s, v_num=t-12, loss/train=6.870]Epoch 0:   1%|          | 47/6208 [00:10<23:13,  4.42it/s, v_num=t-12, loss/train=6.760]Epoch 0:   1%|          | 48/6208 [00:10<23:05,  4.45it/s, v_num=t-12, loss/train=6.760]Epoch 0:   1%|          | 48/6208 [00:10<23:07,  4.44it/s, v_num=t-12, loss/train=8.100]Epoch 0:   1%|          | 49/6208 [00:10<22:56,  4.47it/s, v_num=t-12, loss/train=8.100]Epoch 0:   1%|          | 49/6208 [00:10<22:57,  4.47it/s, v_num=t-12, loss/train=8.540]Epoch 0:   1%|          | 50/6208 [00:11<22:48,  4.50it/s, v_num=t-12, loss/train=8.540]Epoch 0:   1%|          | 50/6208 [00:11<22:49,  4.50it/s, v_num=t-12, loss/train=8.890]Epoch 0:   1%|          | 51/6208 [00:11<22:43,  4.52it/s, v_num=t-12, loss/train=8.890]Epoch 0:   1%|          | 51/6208 [00:11<22:46,  4.51it/s, v_num=t-12, loss/train=8.000]Epoch 0:   1%|          | 52/6208 [00:11<22:38,  4.53it/s, v_num=t-12, loss/train=8.000]Epoch 0:   1%|          | 52/6208 [00:11<22:40,  4.53it/s, v_num=t-12, loss/train=7.860]Epoch 0:   1%|          | 53/6208 [00:11<22:31,  4.56it/s, v_num=t-12, loss/train=7.860]Epoch 0:   1%|          | 53/6208 [00:11<22:32,  4.55it/s, v_num=t-12, loss/train=7.360]Epoch 0:   1%|          | 54/6208 [00:11<22:23,  4.58it/s, v_num=t-12, loss/train=7.360]Epoch 0:   1%|          | 54/6208 [00:11<22:24,  4.58it/s, v_num=t-12, loss/train=7.640]Epoch 0:   1%|          | 55/6208 [00:11<22:16,  4.60it/s, v_num=t-12, loss/train=7.640]Epoch 0:   1%|          | 55/6208 [00:11<22:16,  4.60it/s, v_num=t-12, loss/train=7.460]Epoch 0:   1%|          | 56/6208 [00:12<22:10,  4.63it/s, v_num=t-12, loss/train=7.460]Epoch 0:   1%|          | 56/6208 [00:12<22:10,  4.62it/s, v_num=t-12, loss/train=8.290]Epoch 0:   1%|          | 57/6208 [00:12<22:02,  4.65it/s, v_num=t-12, loss/train=8.290]Epoch 0:   1%|          | 57/6208 [00:12<22:05,  4.64it/s, v_num=t-12, loss/train=7.630]Epoch 0:   1%|          | 58/6208 [00:12<21:58,  4.67it/s, v_num=t-12, loss/train=7.630]Epoch 0:   1%|          | 58/6208 [00:12<21:59,  4.66it/s, v_num=t-12, loss/train=8.280]Epoch 0:   1%|          | 59/6208 [00:12<21:50,  4.69it/s, v_num=t-12, loss/train=8.280]Epoch 0:   1%|          | 59/6208 [00:12<21:53,  4.68it/s, v_num=t-12, loss/train=8.300]Epoch 0:   1%|          | 60/6208 [00:12<21:46,  4.70it/s, v_num=t-12, loss/train=8.300]Epoch 0:   1%|          | 60/6208 [00:12<21:47,  4.70it/s, v_num=t-12, loss/train=7.770]Epoch 0:   1%|          | 61/6208 [00:12<21:39,  4.73it/s, v_num=t-12, loss/train=7.770]Epoch 0:   1%|          | 61/6208 [00:12<21:43,  4.72it/s, v_num=t-12, loss/train=6.590]Epoch 0:   1%|          | 62/6208 [00:13<21:35,  4.74it/s, v_num=t-12, loss/train=6.590]Epoch 0:   1%|          | 62/6208 [00:13<21:38,  4.73it/s, v_num=t-12, loss/train=7.830]Epoch 0:   1%|          | 63/6208 [00:13<21:30,  4.76it/s, v_num=t-12, loss/train=7.830]Epoch 0:   1%|          | 63/6208 [00:13<21:30,  4.76it/s, v_num=t-12, loss/train=6.690]Epoch 0:   1%|          | 64/6208 [00:13<21:24,  4.78it/s, v_num=t-12, loss/train=6.690]Epoch 0:   1%|          | 64/6208 [00:13<21:25,  4.78it/s, v_num=t-12, loss/train=7.280]Epoch 0:   1%|          | 65/6208 [00:13<21:22,  4.79it/s, v_num=t-12, loss/train=7.280]Epoch 0:   1%|          | 65/6208 [00:13<21:22,  4.79it/s, v_num=t-12, loss/train=8.620]Epoch 0:   1%|          | 66/6208 [00:13<21:18,  4.80it/s, v_num=t-12, loss/train=8.620]Epoch 0:   1%|          | 66/6208 [00:13<21:19,  4.80it/s, v_num=t-12, loss/train=8.120]Epoch 0:   1%|          | 67/6208 [00:13<21:15,  4.81it/s, v_num=t-12, loss/train=8.120]Epoch 0:   1%|          | 67/6208 [00:13<21:19,  4.80it/s, v_num=t-12, loss/train=7.520]Epoch 0:   1%|          | 68/6208 [00:14<21:12,  4.83it/s, v_num=t-12, loss/train=7.520]Epoch 0:   1%|          | 68/6208 [00:14<21:14,  4.82it/s, v_num=t-12, loss/train=6.890]Epoch 0:   1%|          | 69/6208 [00:14<21:07,  4.84it/s, v_num=t-12, loss/train=6.890]Epoch 0:   1%|          | 69/6208 [00:14<21:09,  4.84it/s, v_num=t-12, loss/train=7.140]Epoch 0:   1%|          | 70/6208 [00:14<21:02,  4.86it/s, v_num=t-12, loss/train=7.140]Epoch 0:   1%|          | 70/6208 [00:14<21:04,  4.86it/s, v_num=t-12, loss/train=7.150]Epoch 0:   1%|          | 71/6208 [00:14<20:58,  4.88it/s, v_num=t-12, loss/train=7.150]Epoch 0:   1%|          | 71/6208 [00:14<20:58,  4.88it/s, v_num=t-12, loss/train=6.580]Epoch 0:   1%|          | 72/6208 [00:14<20:54,  4.89it/s, v_num=t-12, loss/train=6.580]Epoch 0:   1%|          | 72/6208 [00:14<20:57,  4.88it/s, v_num=t-12, loss/train=7.700]Epoch 0:   1%|          | 73/6208 [00:14<20:50,  4.91it/s, v_num=t-12, loss/train=7.700]Epoch 0:   1%|          | 73/6208 [00:14<20:50,  4.91it/s, v_num=t-12, loss/train=8.350]Epoch 0:   1%|          | 74/6208 [00:15<20:45,  4.92it/s, v_num=t-12, loss/train=8.350]Epoch 0:   1%|          | 74/6208 [00:15<20:46,  4.92it/s, v_num=t-12, loss/train=8.290]Epoch 0:   1%|          | 75/6208 [00:15<20:39,  4.95it/s, v_num=t-12, loss/train=8.290]Epoch 0:   1%|          | 75/6208 [00:15<20:41,  4.94it/s, v_num=t-12, loss/train=6.920]Epoch 0:   1%|          | 76/6208 [00:15<20:36,  4.96it/s, v_num=t-12, loss/train=6.920]Epoch 0:   1%|          | 76/6208 [00:15<20:37,  4.96it/s, v_num=t-12, loss/train=7.530]Epoch 0:   1%|          | 77/6208 [00:15<20:31,  4.98it/s, v_num=t-12, loss/train=7.530]Epoch 0:   1%|          | 77/6208 [00:15<20:32,  4.97it/s, v_num=t-12, loss/train=7.130]Epoch 0:   1%|▏         | 78/6208 [00:15<20:27,  4.99it/s, v_num=t-12, loss/train=7.130]Epoch 0:   1%|▏         | 78/6208 [00:15<20:29,  4.98it/s, v_num=t-12, loss/train=7.040]Epoch 0:   1%|▏         | 79/6208 [00:15<20:26,  5.00it/s, v_num=t-12, loss/train=7.040]Epoch 0:   1%|▏         | 79/6208 [00:15<20:28,  4.99it/s, v_num=t-12, loss/train=7.140]Epoch 0:   1%|▏         | 80/6208 [00:15<20:24,  5.00it/s, v_num=t-12, loss/train=7.140]Epoch 0:   1%|▏         | 80/6208 [00:15<20:25,  5.00it/s, v_num=t-12, loss/train=7.140]Epoch 0:   1%|▏         | 81/6208 [00:16<20:21,  5.02it/s, v_num=t-12, loss/train=7.140]Epoch 0:   1%|▏         | 81/6208 [00:16<20:22,  5.01it/s, v_num=t-12, loss/train=7.010]Epoch 0:   1%|▏         | 82/6208 [00:16<20:19,  5.02it/s, v_num=t-12, loss/train=7.010]Epoch 0:   1%|▏         | 82/6208 [00:16<20:20,  5.02it/s, v_num=t-12, loss/train=8.030]Epoch 0:   1%|▏         | 83/6208 [00:16<20:17,  5.03it/s, v_num=t-12, loss/train=8.030]Epoch 0:   1%|▏         | 83/6208 [00:16<20:19,  5.02it/s, v_num=t-12, loss/train=8.050]Epoch 0:   1%|▏         | 84/6208 [00:16<20:14,  5.04it/s, v_num=t-12, loss/train=8.050]Epoch 0:   1%|▏         | 84/6208 [00:16<20:15,  5.04it/s, v_num=t-12, loss/train=6.520]Epoch 0:   1%|▏         | 85/6208 [00:16<20:09,  5.06it/s, v_num=t-12, loss/train=6.520]Epoch 0:   1%|▏         | 85/6208 [00:16<20:10,  5.06it/s, v_num=t-12, loss/train=6.740]Epoch 0:   1%|▏         | 86/6208 [00:16<20:07,  5.07it/s, v_num=t-12, loss/train=6.740]Epoch 0:   1%|▏         | 86/6208 [00:16<20:08,  5.07it/s, v_num=t-12, loss/train=7.290]Epoch 0:   1%|▏         | 87/6208 [00:17<20:04,  5.08it/s, v_num=t-12, loss/train=7.290]Epoch 0:   1%|▏         | 87/6208 [00:17<20:05,  5.08it/s, v_num=t-12, loss/train=7.890]Epoch 0:   1%|▏         | 88/6208 [00:17<20:01,  5.09it/s, v_num=t-12, loss/train=7.890]Epoch 0:   1%|▏         | 88/6208 [00:17<20:02,  5.09it/s, v_num=t-12, loss/train=7.230]Epoch 0:   1%|▏         | 89/6208 [00:17<19:59,  5.10it/s, v_num=t-12, loss/train=7.230]Epoch 0:   1%|▏         | 89/6208 [00:17<20:00,  5.10it/s, v_num=t-12, loss/train=7.050]Epoch 0:   1%|▏         | 90/6208 [00:17<19:57,  5.11it/s, v_num=t-12, loss/train=7.050]Epoch 0:   1%|▏         | 90/6208 [00:17<19:59,  5.10it/s, v_num=t-12, loss/train=7.310]Epoch 0:   1%|▏         | 91/6208 [00:17<19:54,  5.12it/s, v_num=t-12, loss/train=7.310]Epoch 0:   1%|▏         | 91/6208 [00:17<19:54,  5.12it/s, v_num=t-12, loss/train=7.280]Epoch 0:   1%|▏         | 92/6208 [00:18<20:01,  5.09it/s, v_num=t-12, loss/train=7.280]Epoch 0:   1%|▏         | 92/6208 [00:18<20:03,  5.08it/s, v_num=t-12, loss/train=7.260]Epoch 0:   1%|▏         | 93/6208 [00:18<20:12,  5.04it/s, v_num=t-12, loss/train=7.260]Epoch 0:   1%|▏         | 93/6208 [00:18<20:14,  5.04it/s, v_num=t-12, loss/train=9.200]Epoch 0:   2%|▏         | 94/6208 [00:18<20:17,  5.02it/s, v_num=t-12, loss/train=9.200]Epoch 0:   2%|▏         | 94/6208 [00:18<20:18,  5.02it/s, v_num=t-12, loss/train=8.240]Epoch 0:   2%|▏         | 95/6208 [00:18<20:14,  5.03it/s, v_num=t-12, loss/train=8.240]Epoch 0:   2%|▏         | 95/6208 [00:18<20:15,  5.03it/s, v_num=t-12, loss/train=6.500]Epoch 0:   2%|▏         | 96/6208 [00:19<20:12,  5.04it/s, v_num=t-12, loss/train=6.500]Epoch 0:   2%|▏         | 96/6208 [00:19<20:13,  5.04it/s, v_num=t-12, loss/train=6.860]Epoch 0:   2%|▏         | 97/6208 [00:19<20:09,  5.05it/s, v_num=t-12, loss/train=6.860]Epoch 0:   2%|▏         | 97/6208 [00:19<20:10,  5.05it/s, v_num=t-12, loss/train=7.190]Epoch 0:   2%|▏         | 98/6208 [00:19<20:06,  5.06it/s, v_num=t-12, loss/train=7.190]Epoch 0:   2%|▏         | 98/6208 [00:19<20:06,  5.06it/s, v_num=t-12, loss/train=7.410]Epoch 0:   2%|▏         | 99/6208 [00:19<20:02,  5.08it/s, v_num=t-12, loss/train=7.410]Epoch 0:   2%|▏         | 99/6208 [00:19<20:04,  5.07it/s, v_num=t-12, loss/train=7.150]Epoch 0:   2%|▏         | 100/6208 [00:19<20:01,  5.08it/s, v_num=t-12, loss/train=7.150]Epoch 0:   2%|▏         | 100/6208 [00:19<20:01,  5.08it/s, v_num=t-12, loss/train=6.830]Epoch 0:   2%|▏         | 101/6208 [00:19<19:58,  5.09it/s, v_num=t-12, loss/train=6.830]Epoch 0:   2%|▏         | 101/6208 [00:19<20:00,  5.09it/s, v_num=t-12, loss/train=7.070]Epoch 0:   2%|▏         | 102/6208 [00:19<19:56,  5.10it/s, v_num=t-12, loss/train=7.070]Epoch 0:   2%|▏         | 102/6208 [00:20<19:57,  5.10it/s, v_num=t-12, loss/train=7.540]Epoch 0:   2%|▏         | 103/6208 [00:20<19:54,  5.11it/s, v_num=t-12, loss/train=7.540]Epoch 0:   2%|▏         | 103/6208 [00:20<19:54,  5.11it/s, v_num=t-12, loss/train=7.040]Epoch 0:   2%|▏         | 104/6208 [00:20<19:51,  5.12it/s, v_num=t-12, loss/train=7.040]Epoch 0:   2%|▏         | 104/6208 [00:20<19:51,  5.12it/s, v_num=t-12, loss/train=7.470]Epoch 0:   2%|▏         | 105/6208 [00:20<19:48,  5.14it/s, v_num=t-12, loss/train=7.470]Epoch 0:   2%|▏         | 105/6208 [00:20<19:49,  5.13it/s, v_num=t-12, loss/train=7.640]Epoch 0:   2%|▏         | 106/6208 [00:20<19:45,  5.15it/s, v_num=t-12, loss/train=7.640]Epoch 0:   2%|▏         | 106/6208 [00:20<19:47,  5.14it/s, v_num=t-12, loss/train=8.260]Epoch 0:   2%|▏         | 107/6208 [00:20<19:44,  5.15it/s, v_num=t-12, loss/train=8.260]Epoch 0:   2%|▏         | 107/6208 [00:20<19:45,  5.14it/s, v_num=t-12, loss/train=7.640]Epoch 0:   2%|▏         | 108/6208 [00:20<19:41,  5.16it/s, v_num=t-12, loss/train=7.640]Epoch 0:   2%|▏         | 108/6208 [00:20<19:42,  5.16it/s, v_num=t-12, loss/train=8.220]Epoch 0:   2%|▏         | 109/6208 [00:21<19:40,  5.17it/s, v_num=t-12, loss/train=8.220]Epoch 0:   2%|▏         | 109/6208 [00:21<19:40,  5.17it/s, v_num=t-12, loss/train=7.380]Epoch 0:   2%|▏         | 110/6208 [00:21<19:37,  5.18it/s, v_num=t-12, loss/train=7.380]Epoch 0:   2%|▏         | 110/6208 [00:21<19:38,  5.17it/s, v_num=t-12, loss/train=6.560]Epoch 0:   2%|▏         | 111/6208 [00:21<19:36,  5.18it/s, v_num=t-12, loss/train=6.560]Epoch 0:   2%|▏         | 111/6208 [00:21<19:37,  5.18it/s, v_num=t-12, loss/train=7.040]Epoch 0:   2%|▏         | 112/6208 [00:21<19:34,  5.19it/s, v_num=t-12, loss/train=7.040]Epoch 0:   2%|▏         | 112/6208 [00:21<19:36,  5.18it/s, v_num=t-12, loss/train=6.700]Epoch 0:   2%|▏         | 113/6208 [00:21<19:32,  5.20it/s, v_num=t-12, loss/train=6.700]Epoch 0:   2%|▏         | 113/6208 [00:21<19:33,  5.19it/s, v_num=t-12, loss/train=7.320]Epoch 0:   2%|▏         | 114/6208 [00:21<19:29,  5.21it/s, v_num=t-12, loss/train=7.320]Epoch 0:   2%|▏         | 114/6208 [00:21<19:29,  5.21it/s, v_num=t-12, loss/train=8.550]Epoch 0:   2%|▏         | 115/6208 [00:22<19:27,  5.22it/s, v_num=t-12, loss/train=8.550]Epoch 0:   2%|▏         | 115/6208 [00:22<19:28,  5.22it/s, v_num=t-12, loss/train=7.290]Epoch 0:   2%|▏         | 116/6208 [00:22<19:36,  5.18it/s, v_num=t-12, loss/train=7.290]Epoch 0:   2%|▏         | 116/6208 [00:22<19:36,  5.18it/s, v_num=t-12, loss/train=6.290]Epoch 0:   2%|▏         | 117/6208 [00:22<19:34,  5.19it/s, v_num=t-12, loss/train=6.290]Epoch 0:   2%|▏         | 117/6208 [00:22<19:36,  5.18it/s, v_num=t-12, loss/train=6.840]Epoch 0:   2%|▏         | 118/6208 [00:22<19:33,  5.19it/s, v_num=t-12, loss/train=6.840]Epoch 0:   2%|▏         | 118/6208 [00:22<19:34,  5.19it/s, v_num=t-12, loss/train=6.700]Epoch 0:   2%|▏         | 119/6208 [00:22<19:32,  5.19it/s, v_num=t-12, loss/train=6.700]Epoch 0:   2%|▏         | 119/6208 [00:22<19:32,  5.19it/s, v_num=t-12, loss/train=5.780]Epoch 0:   2%|▏         | 120/6208 [00:23<19:34,  5.18it/s, v_num=t-12, loss/train=5.780]Epoch 0:   2%|▏         | 120/6208 [00:23<19:36,  5.18it/s, v_num=t-12, loss/train=7.090]Epoch 0:   2%|▏         | 121/6208 [00:23<19:34,  5.18it/s, v_num=t-12, loss/train=7.090]Epoch 0:   2%|▏         | 121/6208 [00:23<19:34,  5.18it/s, v_num=t-12, loss/train=7.070]Epoch 0:   2%|▏         | 122/6208 [00:23<19:31,  5.19it/s, v_num=t-12, loss/train=7.070]Epoch 0:   2%|▏         | 122/6208 [00:23<19:32,  5.19it/s, v_num=t-12, loss/train=6.320]Epoch 0:   2%|▏         | 123/6208 [00:23<19:29,  5.20it/s, v_num=t-12, loss/train=6.320]Epoch 0:   2%|▏         | 123/6208 [00:23<19:30,  5.20it/s, v_num=t-12, loss/train=7.240]Epoch 0:   2%|▏         | 124/6208 [00:23<19:27,  5.21it/s, v_num=t-12, loss/train=7.240]Epoch 0:   2%|▏         | 124/6208 [00:23<19:27,  5.21it/s, v_num=t-12, loss/train=6.440]Epoch 0:   2%|▏         | 125/6208 [00:23<19:25,  5.22it/s, v_num=t-12, loss/train=6.440]Epoch 0:   2%|▏         | 125/6208 [00:23<19:25,  5.22it/s, v_num=t-12, loss/train=6.810]Epoch 0:   2%|▏         | 126/6208 [00:24<19:23,  5.23it/s, v_num=t-12, loss/train=6.810]Epoch 0:   2%|▏         | 126/6208 [00:24<19:24,  5.22it/s, v_num=t-12, loss/train=6.460]Epoch 0:   2%|▏         | 127/6208 [00:24<19:22,  5.23it/s, v_num=t-12, loss/train=6.460]Epoch 0:   2%|▏         | 127/6208 [00:24<19:23,  5.23it/s, v_num=t-12, loss/train=6.300]Epoch 0:   2%|▏         | 128/6208 [00:24<19:20,  5.24it/s, v_num=t-12, loss/train=6.300]Epoch 0:   2%|▏         | 128/6208 [00:24<19:20,  5.24it/s, v_num=t-12, loss/train=6.950]Epoch 0:   2%|▏         | 129/6208 [00:24<19:18,  5.25it/s, v_num=t-12, loss/train=6.950]Epoch 0:   2%|▏         | 129/6208 [00:24<19:19,  5.24it/s, v_num=t-12, loss/train=5.990]Epoch 0:   2%|▏         | 130/6208 [00:24<19:16,  5.25it/s, v_num=t-12, loss/train=5.990]Epoch 0:   2%|▏         | 130/6208 [00:24<19:18,  5.25it/s, v_num=t-12, loss/train=6.660]Epoch 0:   2%|▏         | 131/6208 [00:24<19:15,  5.26it/s, v_num=t-12, loss/train=6.660]Epoch 0:   2%|▏         | 131/6208 [00:24<19:16,  5.25it/s, v_num=t-12, loss/train=5.030]Epoch 0:   2%|▏         | 132/6208 [00:25<19:14,  5.26it/s, v_num=t-12, loss/train=5.030]Epoch 0:   2%|▏         | 132/6208 [00:25<19:15,  5.26it/s, v_num=t-12, loss/train=5.830]Epoch 0:   2%|▏         | 133/6208 [00:25<19:11,  5.28it/s, v_num=t-12, loss/train=5.830]Epoch 0:   2%|▏         | 133/6208 [00:25<19:13,  5.27it/s, v_num=t-12, loss/train=6.560]Epoch 0:   2%|▏         | 134/6208 [00:25<19:11,  5.28it/s, v_num=t-12, loss/train=6.560]Epoch 0:   2%|▏         | 134/6208 [00:25<19:11,  5.27it/s, v_num=t-12, loss/train=7.230]Epoch 0:   2%|▏         | 135/6208 [00:25<19:10,  5.28it/s, v_num=t-12, loss/train=7.230]Epoch 0:   2%|▏         | 135/6208 [00:25<19:11,  5.27it/s, v_num=t-12, loss/train=7.010]Epoch 0:   2%|▏         | 136/6208 [00:25<19:09,  5.28it/s, v_num=t-12, loss/train=7.010]Epoch 0:   2%|▏         | 136/6208 [00:25<19:10,  5.28it/s, v_num=t-12, loss/train=6.010]Epoch 0:   2%|▏         | 137/6208 [00:25<19:07,  5.29it/s, v_num=t-12, loss/train=6.010]Epoch 0:   2%|▏         | 137/6208 [00:25<19:08,  5.29it/s, v_num=t-12, loss/train=6.070]Epoch 0:   2%|▏         | 138/6208 [00:26<19:05,  5.30it/s, v_num=t-12, loss/train=6.070]Epoch 0:   2%|▏         | 138/6208 [00:26<19:05,  5.30it/s, v_num=t-12, loss/train=5.890]Epoch 0:   2%|▏         | 139/6208 [00:26<19:03,  5.31it/s, v_num=t-12, loss/train=5.890]Epoch 0:   2%|▏         | 139/6208 [00:26<19:04,  5.30it/s, v_num=t-12, loss/train=5.570]Epoch 0:   2%|▏         | 140/6208 [00:26<19:01,  5.31it/s, v_num=t-12, loss/train=5.570]Epoch 0:   2%|▏         | 140/6208 [00:26<19:03,  5.31it/s, v_num=t-12, loss/train=6.490]Epoch 0:   2%|▏         | 141/6208 [00:26<19:01,  5.32it/s, v_num=t-12, loss/train=6.490]Epoch 0:   2%|▏         | 141/6208 [00:26<19:01,  5.32it/s, v_num=t-12, loss/train=8.220]Epoch 0:   2%|▏         | 142/6208 [00:26<18:59,  5.32it/s, v_num=t-12, loss/train=8.220]Epoch 0:   2%|▏         | 142/6208 [00:26<19:00,  5.32it/s, v_num=t-12, loss/train=8.060]Epoch 0:   2%|▏         | 143/6208 [00:26<18:58,  5.33it/s, v_num=t-12, loss/train=8.060]Epoch 0:   2%|▏         | 143/6208 [00:26<18:58,  5.33it/s, v_num=t-12, loss/train=5.610]Epoch 0:   2%|▏         | 144/6208 [00:26<18:56,  5.34it/s, v_num=t-12, loss/train=5.610]Epoch 0:   2%|▏         | 144/6208 [00:26<18:56,  5.33it/s, v_num=t-12, loss/train=5.880]Epoch 0:   2%|▏         | 145/6208 [00:27<18:54,  5.34it/s, v_num=t-12, loss/train=5.880]Epoch 0:   2%|▏         | 145/6208 [00:27<18:54,  5.34it/s, v_num=t-12, loss/train=6.260]Epoch 0:   2%|▏         | 146/6208 [00:27<18:52,  5.35it/s, v_num=t-12, loss/train=6.260]Epoch 0:   2%|▏         | 146/6208 [00:27<18:53,  5.35it/s, v_num=t-12, loss/train=5.610]Epoch 0:   2%|▏         | 147/6208 [00:27<18:51,  5.36it/s, v_num=t-12, loss/train=5.610]Epoch 0:   2%|▏         | 147/6208 [00:27<18:52,  5.35it/s, v_num=t-12, loss/train=6.190]Epoch 0:   2%|▏         | 148/6208 [00:27<18:50,  5.36it/s, v_num=t-12, loss/train=6.190]Epoch 0:   2%|▏         | 148/6208 [00:27<18:50,  5.36it/s, v_num=t-12, loss/train=6.650]Epoch 0:   2%|▏         | 149/6208 [00:27<18:48,  5.37it/s, v_num=t-12, loss/train=6.650]Epoch 0:   2%|▏         | 149/6208 [00:27<18:49,  5.37it/s, v_num=t-12, loss/train=6.930]Epoch 0:   2%|▏         | 150/6208 [00:27<18:48,  5.37it/s, v_num=t-12, loss/train=6.930]Epoch 0:   2%|▏         | 150/6208 [00:27<18:48,  5.37it/s, v_num=t-12, loss/train=6.900]Epoch 0:   2%|▏         | 151/6208 [00:28<18:47,  5.37it/s, v_num=t-12, loss/train=6.900]Epoch 0:   2%|▏         | 151/6208 [00:28<18:48,  5.37it/s, v_num=t-12, loss/train=6.590]Epoch 0:   2%|▏         | 152/6208 [00:28<18:46,  5.38it/s, v_num=t-12, loss/train=6.590]Epoch 0:   2%|▏         | 152/6208 [00:28<18:46,  5.38it/s, v_num=t-12, loss/train=6.750]Epoch 0:   2%|▏         | 153/6208 [00:28<18:44,  5.39it/s, v_num=t-12, loss/train=6.750]Epoch 0:   2%|▏         | 153/6208 [00:28<18:44,  5.38it/s, v_num=t-12, loss/train=6.030]Epoch 0:   2%|▏         | 154/6208 [00:28<18:42,  5.39it/s, v_num=t-12, loss/train=6.030]Epoch 0:   2%|▏         | 154/6208 [00:28<18:43,  5.39it/s, v_num=t-12, loss/train=5.700]Epoch 0:   2%|▏         | 155/6208 [00:28<18:42,  5.39it/s, v_num=t-12, loss/train=5.700]Epoch 0:   2%|▏         | 155/6208 [00:28<18:42,  5.39it/s, v_num=t-12, loss/train=5.520]Epoch 0:   3%|▎         | 156/6208 [00:28<18:41,  5.40it/s, v_num=t-12, loss/train=5.520]Epoch 0:   3%|▎         | 156/6208 [00:28<18:42,  5.39it/s, v_num=t-12, loss/train=6.540]Epoch 0:   3%|▎         | 157/6208 [00:29<18:40,  5.40it/s, v_num=t-12, loss/train=6.540]Epoch 0:   3%|▎         | 157/6208 [00:29<18:41,  5.39it/s, v_num=t-12, loss/train=6.540]Epoch 0:   3%|▎         | 158/6208 [00:29<18:39,  5.40it/s, v_num=t-12, loss/train=6.540]Epoch 0:   3%|▎         | 158/6208 [00:29<18:40,  5.40it/s, v_num=t-12, loss/train=6.390]Epoch 0:   3%|▎         | 159/6208 [00:29<18:37,  5.41it/s, v_num=t-12, loss/train=6.390]Epoch 0:   3%|▎         | 159/6208 [00:29<18:38,  5.41it/s, v_num=t-12, loss/train=6.240]Epoch 0:   3%|▎         | 160/6208 [00:29<18:37,  5.41it/s, v_num=t-12, loss/train=6.240]Epoch 0:   3%|▎         | 160/6208 [00:29<18:37,  5.41it/s, v_num=t-12, loss/train=6.570]Epoch 0:   3%|▎         | 161/6208 [00:29<18:35,  5.42it/s, v_num=t-12, loss/train=6.570]Epoch 0:   3%|▎         | 161/6208 [00:29<18:35,  5.42it/s, v_num=t-12, loss/train=5.710]Epoch 0:   3%|▎         | 162/6208 [00:29<18:34,  5.42it/s, v_num=t-12, loss/train=5.710]Epoch 0:   3%|▎         | 162/6208 [00:29<18:35,  5.42it/s, v_num=t-12, loss/train=5.430]Epoch 0:   3%|▎         | 163/6208 [00:30<18:33,  5.43it/s, v_num=t-12, loss/train=5.430]Epoch 0:   3%|▎         | 163/6208 [00:30<18:33,  5.43it/s, v_num=t-12, loss/train=5.490]Epoch 0:   3%|▎         | 164/6208 [00:30<18:32,  5.43it/s, v_num=t-12, loss/train=5.490]Epoch 0:   3%|▎         | 164/6208 [00:30<18:32,  5.43it/s, v_num=t-12, loss/train=5.460]Epoch 0:   3%|▎         | 165/6208 [00:30<18:30,  5.44it/s, v_num=t-12, loss/train=5.460]Epoch 0:   3%|▎         | 165/6208 [00:30<18:30,  5.44it/s, v_num=t-12, loss/train=5.670]Epoch 0:   3%|▎         | 166/6208 [00:30<18:28,  5.45it/s, v_num=t-12, loss/train=5.670]Epoch 0:   3%|▎         | 166/6208 [00:30<18:29,  5.45it/s, v_num=t-12, loss/train=6.170]Epoch 0:   3%|▎         | 167/6208 [00:30<18:27,  5.45it/s, v_num=t-12, loss/train=6.170]Epoch 0:   3%|▎         | 167/6208 [00:30<18:27,  5.45it/s, v_num=t-12, loss/train=6.760]Epoch 0:   3%|▎         | 168/6208 [00:30<18:26,  5.46it/s, v_num=t-12, loss/train=6.760]Epoch 0:   3%|▎         | 168/6208 [00:30<18:26,  5.46it/s, v_num=t-12, loss/train=6.840]Epoch 0:   3%|▎         | 169/6208 [00:30<18:24,  5.47it/s, v_num=t-12, loss/train=6.840]Epoch 0:   3%|▎         | 169/6208 [00:30<18:25,  5.46it/s, v_num=t-12, loss/train=6.800]Epoch 0:   3%|▎         | 170/6208 [00:31<18:24,  5.47it/s, v_num=t-12, loss/train=6.800]Epoch 0:   3%|▎         | 170/6208 [00:31<18:24,  5.47it/s, v_num=t-12, loss/train=5.700]Epoch 0:   3%|▎         | 171/6208 [00:31<18:23,  5.47it/s, v_num=t-12, loss/train=5.700]Epoch 0:   3%|▎         | 171/6208 [00:31<18:24,  5.47it/s, v_num=t-12, loss/train=5.570]Epoch 0:   3%|▎         | 172/6208 [00:31<18:22,  5.47it/s, v_num=t-12, loss/train=5.570]Epoch 0:   3%|▎         | 172/6208 [00:31<18:23,  5.47it/s, v_num=t-12, loss/train=5.320]Epoch 0:   3%|▎         | 173/6208 [00:31<18:21,  5.48it/s, v_num=t-12, loss/train=5.320]Epoch 0:   3%|▎         | 173/6208 [00:31<18:22,  5.48it/s, v_num=t-12, loss/train=5.960]Epoch 0:   3%|▎         | 174/6208 [00:31<18:20,  5.49it/s, v_num=t-12, loss/train=5.960]Epoch 0:   3%|▎         | 174/6208 [00:31<18:20,  5.48it/s, v_num=t-12, loss/train=5.720]Epoch 0:   3%|▎         | 175/6208 [00:31<18:18,  5.49it/s, v_num=t-12, loss/train=5.720]Epoch 0:   3%|▎         | 175/6208 [00:31<18:20,  5.48it/s, v_num=t-12, loss/train=5.510]Epoch 0:   3%|▎         | 176/6208 [00:32<18:18,  5.49it/s, v_num=t-12, loss/train=5.510]Epoch 0:   3%|▎         | 176/6208 [00:32<18:18,  5.49it/s, v_num=t-12, loss/train=6.350]Epoch 0:   3%|▎         | 177/6208 [00:32<18:16,  5.50it/s, v_num=t-12, loss/train=6.350]Epoch 0:   3%|▎         | 177/6208 [00:32<18:17,  5.49it/s, v_num=t-12, loss/train=6.530]Epoch 0:   3%|▎         | 178/6208 [00:32<18:16,  5.50it/s, v_num=t-12, loss/train=6.530]Epoch 0:   3%|▎         | 178/6208 [00:32<18:16,  5.50it/s, v_num=t-12, loss/train=6.470]Epoch 0:   3%|▎         | 179/6208 [00:32<18:15,  5.50it/s, v_num=t-12, loss/train=6.470]Epoch 0:   3%|▎         | 179/6208 [00:32<18:16,  5.50it/s, v_num=t-12, loss/train=5.730]Epoch 0:   3%|▎         | 180/6208 [00:32<18:14,  5.51it/s, v_num=t-12, loss/train=5.730]Epoch 0:   3%|▎         | 180/6208 [00:32<18:15,  5.50it/s, v_num=t-12, loss/train=5.430]Epoch 0:   3%|▎         | 181/6208 [00:33<18:19,  5.48it/s, v_num=t-12, loss/train=5.430]Epoch 0:   3%|▎         | 181/6208 [00:33<18:20,  5.48it/s, v_num=t-12, loss/train=5.460]Epoch 0:   3%|▎         | 182/6208 [00:33<18:18,  5.48it/s, v_num=t-12, loss/train=5.460]Epoch 0:   3%|▎         | 182/6208 [00:33<18:19,  5.48it/s, v_num=t-12, loss/train=5.670]Epoch 0:   3%|▎         | 183/6208 [00:33<18:17,  5.49it/s, v_num=t-12, loss/train=5.670]Epoch 0:   3%|▎         | 183/6208 [00:33<18:18,  5.49it/s, v_num=t-12, loss/train=6.510]Epoch 0:   3%|▎         | 184/6208 [00:33<18:16,  5.49it/s, v_num=t-12, loss/train=6.510]Epoch 0:   3%|▎         | 184/6208 [00:33<18:17,  5.49it/s, v_num=t-12, loss/train=6.640]Epoch 0:   3%|▎         | 185/6208 [00:33<18:15,  5.50it/s, v_num=t-12, loss/train=6.640]Epoch 0:   3%|▎         | 185/6208 [00:33<18:15,  5.50it/s, v_num=t-12, loss/train=5.500]Epoch 0:   3%|▎         | 186/6208 [00:33<18:15,  5.50it/s, v_num=t-12, loss/train=5.500]Epoch 0:   3%|▎         | 186/6208 [00:33<18:15,  5.50it/s, v_num=t-12, loss/train=5.460]Epoch 0:   3%|▎         | 187/6208 [00:33<18:13,  5.51it/s, v_num=t-12, loss/train=5.460]Epoch 0:   3%|▎         | 187/6208 [00:33<18:14,  5.50it/s, v_num=t-12, loss/train=5.960]Epoch 0:   3%|▎         | 188/6208 [00:34<18:12,  5.51it/s, v_num=t-12, loss/train=5.960]Epoch 0:   3%|▎         | 188/6208 [00:34<18:13,  5.50it/s, v_num=t-12, loss/train=5.760]Epoch 0:   3%|▎         | 189/6208 [00:34<18:22,  5.46it/s, v_num=t-12, loss/train=5.760]Epoch 0:   3%|▎         | 189/6208 [00:34<18:22,  5.46it/s, v_num=t-12, loss/train=6.140]Epoch 0:   3%|▎         | 190/6208 [00:34<18:20,  5.47it/s, v_num=t-12, loss/train=6.140]Epoch 0:   3%|▎         | 190/6208 [00:34<18:20,  5.47it/s, v_num=t-12, loss/train=6.820]Epoch 0:   3%|▎         | 191/6208 [00:34<18:19,  5.47it/s, v_num=t-12, loss/train=6.820]Epoch 0:   3%|▎         | 191/6208 [00:34<18:19,  5.47it/s, v_num=t-12, loss/train=6.330]Epoch 0:   3%|▎         | 192/6208 [00:35<18:18,  5.48it/s, v_num=t-12, loss/train=6.330]Epoch 0:   3%|▎         | 192/6208 [00:35<18:18,  5.48it/s, v_num=t-12, loss/train=5.570]Epoch 0:   3%|▎         | 193/6208 [00:35<18:17,  5.48it/s, v_num=t-12, loss/train=5.570]Epoch 0:   3%|▎         | 193/6208 [00:35<18:18,  5.48it/s, v_num=t-12, loss/train=5.090]Epoch 0:   3%|▎         | 194/6208 [00:35<18:16,  5.49it/s, v_num=t-12, loss/train=5.090]Epoch 0:   3%|▎         | 194/6208 [00:35<18:17,  5.48it/s, v_num=t-12, loss/train=5.740]Epoch 0:   3%|▎         | 195/6208 [00:35<18:15,  5.49it/s, v_num=t-12, loss/train=5.740]Epoch 0:   3%|▎         | 195/6208 [00:35<18:15,  5.49it/s, v_num=t-12, loss/train=5.890]Epoch 0:   3%|▎         | 196/6208 [00:35<18:13,  5.50it/s, v_num=t-12, loss/train=5.890]Epoch 0:   3%|▎         | 196/6208 [00:35<18:14,  5.49it/s, v_num=t-12, loss/train=6.300]Epoch 0:   3%|▎         | 197/6208 [00:35<18:13,  5.50it/s, v_num=t-12, loss/train=6.300]Epoch 0:   3%|▎         | 197/6208 [00:35<18:14,  5.49it/s, v_num=t-12, loss/train=6.020]Epoch 0:   3%|▎         | 198/6208 [00:36<18:13,  5.50it/s, v_num=t-12, loss/train=6.020]Epoch 0:   3%|▎         | 198/6208 [00:36<18:14,  5.49it/s, v_num=t-12, loss/train=6.320]Epoch 0:   3%|▎         | 199/6208 [00:36<18:12,  5.50it/s, v_num=t-12, loss/train=6.320]Epoch 0:   3%|▎         | 199/6208 [00:36<18:12,  5.50it/s, v_num=t-12, loss/train=5.640]Epoch 0:   3%|▎         | 200/6208 [00:36<18:11,  5.50it/s, v_num=t-12, loss/train=5.640]Epoch 0:   3%|▎         | 200/6208 [00:36<18:11,  5.50it/s, v_num=t-12, loss/train=5.310]Epoch 0:   3%|▎         | 201/6208 [00:36<18:11,  5.51it/s, v_num=t-12, loss/train=5.310]Epoch 0:   3%|▎         | 201/6208 [00:36<18:11,  5.50it/s, v_num=t-12, loss/train=5.600]Epoch 0:   3%|▎         | 202/6208 [00:36<18:10,  5.51it/s, v_num=t-12, loss/train=5.600]Epoch 0:   3%|▎         | 202/6208 [00:36<18:10,  5.51it/s, v_num=t-12, loss/train=6.190]Epoch 0:   3%|▎         | 203/6208 [00:36<18:09,  5.51it/s, v_num=t-12, loss/train=6.190]Epoch 0:   3%|▎         | 203/6208 [00:36<18:10,  5.51it/s, v_num=t-12, loss/train=5.890]Epoch 0:   3%|▎         | 204/6208 [00:37<18:09,  5.51it/s, v_num=t-12, loss/train=5.890]Epoch 0:   3%|▎         | 204/6208 [00:37<18:09,  5.51it/s, v_num=t-12, loss/train=5.300]Epoch 0:   3%|▎         | 205/6208 [00:37<18:07,  5.52it/s, v_num=t-12, loss/train=5.300]Epoch 0:   3%|▎         | 205/6208 [00:37<18:08,  5.52it/s, v_num=t-12, loss/train=6.090]Epoch 0:   3%|▎         | 206/6208 [00:37<18:07,  5.52it/s, v_num=t-12, loss/train=6.090]Epoch 0:   3%|▎         | 206/6208 [00:37<18:07,  5.52it/s, v_num=t-12, loss/train=5.710]Epoch 0:   3%|▎         | 207/6208 [00:37<18:06,  5.52it/s, v_num=t-12, loss/train=5.710]Epoch 0:   3%|▎         | 207/6208 [00:37<18:07,  5.52it/s, v_num=t-12, loss/train=5.960]Epoch 0:   3%|▎         | 208/6208 [00:37<18:06,  5.52it/s, v_num=t-12, loss/train=5.960]Epoch 0:   3%|▎         | 208/6208 [00:37<18:07,  5.52it/s, v_num=t-12, loss/train=5.410]Epoch 0:   3%|▎         | 209/6208 [00:37<18:06,  5.52it/s, v_num=t-12, loss/train=5.410]Epoch 0:   3%|▎         | 209/6208 [00:37<18:06,  5.52it/s, v_num=t-12, loss/train=5.400]Epoch 0:   3%|▎         | 210/6208 [00:38<18:05,  5.53it/s, v_num=t-12, loss/train=5.400]Epoch 0:   3%|▎         | 210/6208 [00:38<18:06,  5.52it/s, v_num=t-12, loss/train=5.640]Epoch 0:   3%|▎         | 211/6208 [00:38<18:04,  5.53it/s, v_num=t-12, loss/train=5.640]Epoch 0:   3%|▎         | 211/6208 [00:38<18:05,  5.53it/s, v_num=t-12, loss/train=5.650]Epoch 0:   3%|▎         | 212/6208 [00:38<18:04,  5.53it/s, v_num=t-12, loss/train=5.650]Epoch 0:   3%|▎         | 212/6208 [00:38<18:05,  5.53it/s, v_num=t-12, loss/train=5.590]Epoch 0:   3%|▎         | 213/6208 [00:38<18:03,  5.53it/s, v_num=t-12, loss/train=5.590]Epoch 0:   3%|▎         | 213/6208 [00:38<18:04,  5.53it/s, v_num=t-12, loss/train=6.380]Epoch 0:   3%|▎         | 214/6208 [00:38<18:02,  5.54it/s, v_num=t-12, loss/train=6.380]Epoch 0:   3%|▎         | 214/6208 [00:38<18:02,  5.54it/s, v_num=t-12, loss/train=5.980]Epoch 0:   3%|▎         | 215/6208 [00:39<18:08,  5.50it/s, v_num=t-12, loss/train=5.980]Epoch 0:   3%|▎         | 215/6208 [00:39<18:09,  5.50it/s, v_num=t-12, loss/train=5.180]Epoch 0:   3%|▎         | 216/6208 [00:39<18:07,  5.51it/s, v_num=t-12, loss/train=5.180]Epoch 0:   3%|▎         | 216/6208 [00:39<18:08,  5.50it/s, v_num=t-12, loss/train=5.580]Epoch 0:   3%|▎         | 217/6208 [00:39<18:07,  5.51it/s, v_num=t-12, loss/train=5.580]Epoch 0:   3%|▎         | 217/6208 [00:39<18:07,  5.51it/s, v_num=t-12, loss/train=6.130]Epoch 0:   4%|▎         | 218/6208 [00:39<18:06,  5.51it/s, v_num=t-12, loss/train=6.130]Epoch 0:   4%|▎         | 218/6208 [00:39<18:06,  5.51it/s, v_num=t-12, loss/train=5.570]Epoch 0:   4%|▎         | 219/6208 [00:39<18:05,  5.52it/s, v_num=t-12, loss/train=5.570]Epoch 0:   4%|▎         | 219/6208 [00:39<18:05,  5.52it/s, v_num=t-12, loss/train=6.550]Epoch 0:   4%|▎         | 220/6208 [00:40<18:11,  5.48it/s, v_num=t-12, loss/train=6.550]Epoch 0:   4%|▎         | 220/6208 [00:40<18:12,  5.48it/s, v_num=t-12, loss/train=6.470]Epoch 0:   4%|▎         | 221/6208 [00:40<18:10,  5.49it/s, v_num=t-12, loss/train=6.470]Epoch 0:   4%|▎         | 221/6208 [00:40<18:10,  5.49it/s, v_num=t-12, loss/train=5.150]Epoch 0:   4%|▎         | 222/6208 [00:40<18:08,  5.50it/s, v_num=t-12, loss/train=5.150]Epoch 0:   4%|▎         | 222/6208 [00:40<18:08,  5.50it/s, v_num=t-12, loss/train=5.910]Epoch 0:   4%|▎         | 223/6208 [00:40<18:06,  5.51it/s, v_num=t-12, loss/train=5.910]Epoch 0:   4%|▎         | 223/6208 [00:40<18:07,  5.50it/s, v_num=t-12, loss/train=5.610]Epoch 0:   4%|▎         | 224/6208 [00:40<18:06,  5.51it/s, v_num=t-12, loss/train=5.610]Epoch 0:   4%|▎         | 224/6208 [00:40<18:07,  5.50it/s, v_num=t-12, loss/train=5.360]Epoch 0:   4%|▎         | 225/6208 [00:40<18:05,  5.51it/s, v_num=t-12, loss/train=5.360]Epoch 0:   4%|▎         | 225/6208 [00:40<18:06,  5.51it/s, v_num=t-12, loss/train=6.590]Epoch 0:   4%|▎         | 226/6208 [00:40<18:05,  5.51it/s, v_num=t-12, loss/train=6.590]Epoch 0:   4%|▎         | 226/6208 [00:41<18:05,  5.51it/s, v_num=t-12, loss/train=6.680]Epoch 0:   4%|▎         | 227/6208 [00:41<18:10,  5.48it/s, v_num=t-12, loss/train=6.680]Epoch 0:   4%|▎         | 227/6208 [00:41<18:11,  5.48it/s, v_num=t-12, loss/train=6.630]Epoch 0:   4%|▎         | 228/6208 [00:41<18:10,  5.49it/s, v_num=t-12, loss/train=6.630]Epoch 0:   4%|▎         | 228/6208 [00:41<18:10,  5.48it/s, v_num=t-12, loss/train=6.100]Epoch 0:   4%|▎         | 229/6208 [00:41<18:09,  5.49it/s, v_num=t-12, loss/train=6.100]Epoch 0:   4%|▎         | 229/6208 [00:41<18:09,  5.49it/s, v_num=t-12, loss/train=5.540]Epoch 0:   4%|▎         | 230/6208 [00:41<18:09,  5.49it/s, v_num=t-12, loss/train=5.540]Epoch 0:   4%|▎         | 230/6208 [00:41<18:09,  5.49it/s, v_num=t-12, loss/train=5.290]Epoch 0:   4%|▎         | 231/6208 [00:42<18:14,  5.46it/s, v_num=t-12, loss/train=5.290]Epoch 0:   4%|▎         | 231/6208 [00:42<18:15,  5.46it/s, v_num=t-12, loss/train=4.810]Epoch 0:   4%|▎         | 232/6208 [00:42<18:14,  5.46it/s, v_num=t-12, loss/train=4.810]Epoch 0:   4%|▎         | 232/6208 [00:42<18:15,  5.46it/s, v_num=t-12, loss/train=5.780]Epoch 0:   4%|▍         | 233/6208 [00:42<18:19,  5.43it/s, v_num=t-12, loss/train=5.780]Epoch 0:   4%|▍         | 233/6208 [00:42<18:19,  5.43it/s, v_num=t-12, loss/train=6.500]Epoch 0:   4%|▍         | 234/6208 [00:43<18:24,  5.41it/s, v_num=t-12, loss/train=6.500]Epoch 0:   4%|▍         | 234/6208 [00:43<18:25,  5.41it/s, v_num=t-12, loss/train=6.610]Epoch 0:   4%|▍         | 235/6208 [00:43<18:23,  5.41it/s, v_num=t-12, loss/train=6.610]Epoch 0:   4%|▍         | 235/6208 [00:43<18:23,  5.41it/s, v_num=t-12, loss/train=6.260]Epoch 0:   4%|▍         | 236/6208 [00:43<18:21,  5.42it/s, v_num=t-12, loss/train=6.260]Epoch 0:   4%|▍         | 236/6208 [00:43<18:22,  5.42it/s, v_num=t-12, loss/train=5.720]Epoch 0:   4%|▍         | 237/6208 [00:43<18:21,  5.42it/s, v_num=t-12, loss/train=5.720]Epoch 0:   4%|▍         | 237/6208 [00:43<18:21,  5.42it/s, v_num=t-12, loss/train=6.120]Epoch 0:   4%|▍         | 238/6208 [00:43<18:19,  5.43it/s, v_num=t-12, loss/train=6.120]Epoch 0:   4%|▍         | 238/6208 [00:43<18:20,  5.43it/s, v_num=t-12, loss/train=6.210]Epoch 0:   4%|▍         | 239/6208 [00:44<18:19,  5.43it/s, v_num=t-12, loss/train=6.210]Epoch 0:   4%|▍         | 239/6208 [00:44<18:19,  5.43it/s, v_num=t-12, loss/train=6.770]Epoch 0:   4%|▍         | 240/6208 [00:44<18:18,  5.43it/s, v_num=t-12, loss/train=6.770]Epoch 0:   4%|▍         | 240/6208 [00:44<18:19,  5.43it/s, v_num=t-12, loss/train=6.320]Epoch 0:   4%|▍         | 241/6208 [00:44<18:18,  5.43it/s, v_num=t-12, loss/train=6.320]Epoch 0:   4%|▍         | 241/6208 [00:44<18:18,  5.43it/s, v_num=t-12, loss/train=6.190]Epoch 0:   4%|▍         | 242/6208 [00:44<18:18,  5.43it/s, v_num=t-12, loss/train=6.190]Epoch 0:   4%|▍         | 242/6208 [00:44<18:18,  5.43it/s, v_num=t-12, loss/train=6.370]Epoch 0:   4%|▍         | 243/6208 [00:44<18:16,  5.44it/s, v_num=t-12, loss/train=6.370]Epoch 0:   4%|▍         | 243/6208 [00:44<18:17,  5.44it/s, v_num=t-12, loss/train=6.330]Epoch 0:   4%|▍         | 244/6208 [00:44<18:15,  5.44it/s, v_num=t-12, loss/train=6.330]Epoch 0:   4%|▍         | 244/6208 [00:44<18:16,  5.44it/s, v_num=t-12, loss/train=5.640]Epoch 0:   4%|▍         | 245/6208 [00:44<18:14,  5.45it/s, v_num=t-12, loss/train=5.640]Epoch 0:   4%|▍         | 245/6208 [00:45<18:15,  5.44it/s, v_num=t-12, loss/train=5.900]Epoch 0:   4%|▍         | 246/6208 [00:45<18:14,  5.45it/s, v_num=t-12, loss/train=5.900]Epoch 0:   4%|▍         | 246/6208 [00:45<18:14,  5.45it/s, v_num=t-12, loss/train=6.470]Epoch 0:   4%|▍         | 247/6208 [00:45<18:13,  5.45it/s, v_num=t-12, loss/train=6.470]Epoch 0:   4%|▍         | 247/6208 [00:45<18:13,  5.45it/s, v_num=t-12, loss/train=6.440]Epoch 0:   4%|▍         | 248/6208 [00:45<18:12,  5.46it/s, v_num=t-12, loss/train=6.440]Epoch 0:   4%|▍         | 248/6208 [00:45<18:12,  5.45it/s, v_num=t-12, loss/train=6.270]Epoch 0:   4%|▍         | 249/6208 [00:45<18:12,  5.46it/s, v_num=t-12, loss/train=6.270]Epoch 0:   4%|▍         | 249/6208 [00:45<18:12,  5.46it/s, v_num=t-12, loss/train=6.300]Epoch 0:   4%|▍         | 250/6208 [00:45<18:11,  5.46it/s, v_num=t-12, loss/train=6.300]Epoch 0:   4%|▍         | 250/6208 [00:45<18:11,  5.46it/s, v_num=t-12, loss/train=5.320]Epoch 0:   4%|▍         | 251/6208 [00:45<18:10,  5.46it/s, v_num=t-12, loss/train=5.320]Epoch 0:   4%|▍         | 251/6208 [00:45<18:10,  5.46it/s, v_num=t-12, loss/train=5.130]Epoch 0:   4%|▍         | 252/6208 [00:46<18:09,  5.47it/s, v_num=t-12, loss/train=5.130]Epoch 0:   4%|▍         | 252/6208 [00:46<18:10,  5.46it/s, v_num=t-12, loss/train=6.080]Epoch 0:   4%|▍         | 253/6208 [00:46<18:08,  5.47it/s, v_num=t-12, loss/train=6.080]Epoch 0:   4%|▍         | 253/6208 [00:46<18:09,  5.47it/s, v_num=t-12, loss/train=6.300]Epoch 0:   4%|▍         | 254/6208 [00:46<18:08,  5.47it/s, v_num=t-12, loss/train=6.300]Epoch 0:   4%|▍         | 254/6208 [00:46<18:08,  5.47it/s, v_num=t-12, loss/train=7.060]Epoch 0:   4%|▍         | 255/6208 [00:46<18:07,  5.47it/s, v_num=t-12, loss/train=7.060]Epoch 0:   4%|▍         | 255/6208 [00:46<18:08,  5.47it/s, v_num=t-12, loss/train=6.000]Epoch 0:   4%|▍         | 256/6208 [00:46<18:06,  5.48it/s, v_num=t-12, loss/train=6.000]Epoch 0:   4%|▍         | 256/6208 [00:46<18:07,  5.47it/s, v_num=t-12, loss/train=5.850]Epoch 0:   4%|▍         | 257/6208 [00:46<18:06,  5.48it/s, v_num=t-12, loss/train=5.850]Epoch 0:   4%|▍         | 257/6208 [00:46<18:06,  5.48it/s, v_num=t-12, loss/train=5.670]Epoch 0:   4%|▍         | 258/6208 [00:47<18:05,  5.48it/s, v_num=t-12, loss/train=5.670]Epoch 0:   4%|▍         | 258/6208 [00:47<18:05,  5.48it/s, v_num=t-12, loss/train=5.460]Epoch 0:   4%|▍         | 259/6208 [00:47<18:05,  5.48it/s, v_num=t-12, loss/train=5.460]Epoch 0:   4%|▍         | 259/6208 [00:47<18:05,  5.48it/s, v_num=t-12, loss/train=6.410]Epoch 0:   4%|▍         | 260/6208 [00:47<18:04,  5.49it/s, v_num=t-12, loss/train=6.410]Epoch 0:   4%|▍         | 260/6208 [00:47<18:04,  5.48it/s, v_num=t-12, loss/train=5.460]Epoch 0:   4%|▍         | 261/6208 [00:47<18:03,  5.49it/s, v_num=t-12, loss/train=5.460]Epoch 0:   4%|▍         | 261/6208 [00:47<18:03,  5.49it/s, v_num=t-12, loss/train=5.710]Epoch 0:   4%|▍         | 262/6208 [00:47<18:02,  5.49it/s, v_num=t-12, loss/train=5.710]Epoch 0:   4%|▍         | 262/6208 [00:47<18:02,  5.49it/s, v_num=t-12, loss/train=6.450]Epoch 0:   4%|▍         | 263/6208 [00:47<18:02,  5.49it/s, v_num=t-12, loss/train=6.450]Epoch 0:   4%|▍         | 263/6208 [00:47<18:02,  5.49it/s, v_num=t-12, loss/train=5.170]Epoch 0:   4%|▍         | 264/6208 [00:48<18:01,  5.49it/s, v_num=t-12, loss/train=5.170]Epoch 0:   4%|▍         | 264/6208 [00:48<18:01,  5.49it/s, v_num=t-12, loss/train=6.380]Epoch 0:   4%|▍         | 265/6208 [00:48<18:00,  5.50it/s, v_num=t-12, loss/train=6.380]Epoch 0:   4%|▍         | 265/6208 [00:48<18:00,  5.50it/s, v_num=t-12, loss/train=5.560]Epoch 0:   4%|▍         | 266/6208 [00:48<17:59,  5.50it/s, v_num=t-12, loss/train=5.560]Epoch 0:   4%|▍         | 266/6208 [00:48<17:59,  5.50it/s, v_num=t-12, loss/train=5.010]Epoch 0:   4%|▍         | 267/6208 [00:48<17:59,  5.51it/s, v_num=t-12, loss/train=5.010]Epoch 0:   4%|▍         | 267/6208 [00:48<17:59,  5.50it/s, v_num=t-12, loss/train=5.520]Epoch 0:   4%|▍         | 268/6208 [00:48<17:58,  5.51it/s, v_num=t-12, loss/train=5.520]Epoch 0:   4%|▍         | 268/6208 [00:48<17:58,  5.51it/s, v_num=t-12, loss/train=6.140]Epoch 0:   4%|▍         | 269/6208 [00:48<17:57,  5.51it/s, v_num=t-12, loss/train=6.140]Epoch 0:   4%|▍         | 269/6208 [00:48<17:57,  5.51it/s, v_num=t-12, loss/train=6.330]Epoch 0:   4%|▍         | 270/6208 [00:48<17:56,  5.52it/s, v_num=t-12, loss/train=6.330]Epoch 0:   4%|▍         | 270/6208 [00:48<17:56,  5.51it/s, v_num=t-12, loss/train=6.730]Epoch 0:   4%|▍         | 271/6208 [00:49<17:55,  5.52it/s, v_num=t-12, loss/train=6.730]Epoch 0:   4%|▍         | 271/6208 [00:49<17:56,  5.52it/s, v_num=t-12, loss/train=5.690]Epoch 0:   4%|▍         | 272/6208 [00:49<17:55,  5.52it/s, v_num=t-12, loss/train=5.690]Epoch 0:   4%|▍         | 272/6208 [00:49<17:55,  5.52it/s, v_num=t-12, loss/train=6.050]Epoch 0:   4%|▍         | 273/6208 [00:49<17:54,  5.52it/s, v_num=t-12, loss/train=6.050]Epoch 0:   4%|▍         | 273/6208 [00:49<17:55,  5.52it/s, v_num=t-12, loss/train=5.250]Epoch 0:   4%|▍         | 274/6208 [00:49<17:54,  5.52it/s, v_num=t-12, loss/train=5.250]Epoch 0:   4%|▍         | 274/6208 [00:49<17:54,  5.52it/s, v_num=t-12, loss/train=6.380]Epoch 0:   4%|▍         | 275/6208 [00:49<17:53,  5.52it/s, v_num=t-12, loss/train=6.380]Epoch 0:   4%|▍         | 275/6208 [00:49<17:54,  5.52it/s, v_num=t-12, loss/train=5.710]Epoch 0:   4%|▍         | 276/6208 [00:49<17:52,  5.53it/s, v_num=t-12, loss/train=5.710]Epoch 0:   4%|▍         | 276/6208 [00:49<17:53,  5.53it/s, v_num=t-12, loss/train=5.750]Epoch 0:   4%|▍         | 277/6208 [00:50<17:52,  5.53it/s, v_num=t-12, loss/train=5.750]Epoch 0:   4%|▍         | 277/6208 [00:50<17:52,  5.53it/s, v_num=t-12, loss/train=5.540]Epoch 0:   4%|▍         | 278/6208 [00:50<17:51,  5.53it/s, v_num=t-12, loss/train=5.540]Epoch 0:   4%|▍         | 278/6208 [00:50<17:51,  5.53it/s, v_num=t-12, loss/train=6.000]Epoch 0:   4%|▍         | 279/6208 [00:50<17:50,  5.54it/s, v_num=t-12, loss/train=6.000]Epoch 0:   4%|▍         | 279/6208 [00:50<17:51,  5.53it/s, v_num=t-12, loss/train=5.640]Epoch 0:   5%|▍         | 280/6208 [00:50<17:50,  5.54it/s, v_num=t-12, loss/train=5.640]Epoch 0:   5%|▍         | 280/6208 [00:50<17:50,  5.54it/s, v_num=t-12, loss/train=6.360]Epoch 0:   5%|▍         | 281/6208 [00:50<17:50,  5.54it/s, v_num=t-12, loss/train=6.360]Epoch 0:   5%|▍         | 281/6208 [00:50<17:50,  5.54it/s, v_num=t-12, loss/train=5.680]Epoch 0:   5%|▍         | 282/6208 [00:50<17:49,  5.54it/s, v_num=t-12, loss/train=5.680]Epoch 0:   5%|▍         | 282/6208 [00:50<17:49,  5.54it/s, v_num=t-12, loss/train=6.360]Epoch 0:   5%|▍         | 283/6208 [00:51<17:47,  5.55it/s, v_num=t-12, loss/train=6.360]Epoch 0:   5%|▍         | 283/6208 [00:51<17:48,  5.55it/s, v_num=t-12, loss/train=6.110]Epoch 0:   5%|▍         | 284/6208 [00:51<17:46,  5.55it/s, v_num=t-12, loss/train=6.110]Epoch 0:   5%|▍         | 284/6208 [00:51<17:46,  5.55it/s, v_num=t-12, loss/train=6.410]Epoch 0:   5%|▍         | 285/6208 [00:51<17:46,  5.55it/s, v_num=t-12, loss/train=6.410]Epoch 0:   5%|▍         | 285/6208 [00:51<17:46,  5.55it/s, v_num=t-12, loss/train=5.390]Epoch 0:   5%|▍         | 286/6208 [00:51<17:45,  5.56it/s, v_num=t-12, loss/train=5.390]Epoch 0:   5%|▍         | 286/6208 [00:51<17:46,  5.56it/s, v_num=t-12, loss/train=5.690]Epoch 0:   5%|▍         | 287/6208 [00:51<17:44,  5.56it/s, v_num=t-12, loss/train=5.690]Epoch 0:   5%|▍         | 287/6208 [00:51<17:45,  5.56it/s, v_num=t-12, loss/train=5.400]Epoch 0:   5%|▍         | 288/6208 [00:51<17:44,  5.56it/s, v_num=t-12, loss/train=5.400]Epoch 0:   5%|▍         | 288/6208 [00:51<17:44,  5.56it/s, v_num=t-12, loss/train=5.850]Epoch 0:   5%|▍         | 289/6208 [00:51<17:43,  5.56it/s, v_num=t-12, loss/train=5.850]Epoch 0:   5%|▍         | 289/6208 [00:51<17:44,  5.56it/s, v_num=t-12, loss/train=5.060]Epoch 0:   5%|▍         | 290/6208 [00:52<17:43,  5.57it/s, v_num=t-12, loss/train=5.060]Epoch 0:   5%|▍         | 290/6208 [00:52<17:43,  5.56it/s, v_num=t-12, loss/train=5.700]Epoch 0:   5%|▍         | 291/6208 [00:52<17:43,  5.57it/s, v_num=t-12, loss/train=5.700]Epoch 0:   5%|▍         | 291/6208 [00:52<17:43,  5.56it/s, v_num=t-12, loss/train=5.660]Epoch 0:   5%|▍         | 292/6208 [00:52<17:42,  5.57it/s, v_num=t-12, loss/train=5.660]Epoch 0:   5%|▍         | 292/6208 [00:52<17:42,  5.57it/s, v_num=t-12, loss/train=6.060]Epoch 0:   5%|▍         | 293/6208 [00:52<17:42,  5.57it/s, v_num=t-12, loss/train=6.060]Epoch 0:   5%|▍         | 293/6208 [00:52<17:42,  5.57it/s, v_num=t-12, loss/train=6.330]Epoch 0:   5%|▍         | 294/6208 [00:52<17:41,  5.57it/s, v_num=t-12, loss/train=6.330]Epoch 0:   5%|▍         | 294/6208 [00:52<17:41,  5.57it/s, v_num=t-12, loss/train=6.370]Epoch 0:   5%|▍         | 295/6208 [00:52<17:41,  5.57it/s, v_num=t-12, loss/train=6.370]Epoch 0:   5%|▍         | 295/6208 [00:52<17:41,  5.57it/s, v_num=t-12, loss/train=6.190]Epoch 0:   5%|▍         | 296/6208 [00:53<17:40,  5.57it/s, v_num=t-12, loss/train=6.190]Epoch 0:   5%|▍         | 296/6208 [00:53<17:41,  5.57it/s, v_num=t-12, loss/train=5.690]Epoch 0:   5%|▍         | 297/6208 [00:53<17:39,  5.58it/s, v_num=t-12, loss/train=5.690]Epoch 0:   5%|▍         | 297/6208 [00:53<17:40,  5.57it/s, v_num=t-12, loss/train=6.300]Epoch 0:   5%|▍         | 298/6208 [00:53<17:40,  5.57it/s, v_num=t-12, loss/train=6.300]Epoch 0:   5%|▍         | 298/6208 [00:53<17:41,  5.57it/s, v_num=t-12, loss/train=5.780]Epoch 0:   5%|▍         | 299/6208 [00:53<17:40,  5.57it/s, v_num=t-12, loss/train=5.780]Epoch 0:   5%|▍         | 299/6208 [00:53<17:40,  5.57it/s, v_num=t-12, loss/train=5.090]Epoch 0:   5%|▍         | 300/6208 [00:53<17:39,  5.57it/s, v_num=t-12, loss/train=5.090]Epoch 0:   5%|▍         | 300/6208 [00:53<17:39,  5.57it/s, v_num=t-12, loss/train=6.450]Epoch 0:   5%|▍         | 301/6208 [00:53<17:39,  5.58it/s, v_num=t-12, loss/train=6.450]Epoch 0:   5%|▍         | 301/6208 [00:54<17:40,  5.57it/s, v_num=t-12, loss/train=5.290]Epoch 0:   5%|▍         | 302/6208 [00:54<17:39,  5.58it/s, v_num=t-12, loss/train=5.290]Epoch 0:   5%|▍         | 302/6208 [00:54<17:39,  5.58it/s, v_num=t-12, loss/train=5.570]Epoch 0:   5%|▍         | 303/6208 [00:54<17:38,  5.58it/s, v_num=t-12, loss/train=5.570]Epoch 0:   5%|▍         | 303/6208 [00:54<17:38,  5.58it/s, v_num=t-12, loss/train=5.670]Epoch 0:   5%|▍         | 304/6208 [00:54<17:37,  5.58it/s, v_num=t-12, loss/train=5.670]Epoch 0:   5%|▍         | 304/6208 [00:54<17:37,  5.58it/s, v_num=t-12, loss/train=5.750]Epoch 0:   5%|▍         | 305/6208 [00:54<17:37,  5.58it/s, v_num=t-12, loss/train=5.750]Epoch 0:   5%|▍         | 305/6208 [00:54<17:37,  5.58it/s, v_num=t-12, loss/train=5.660]Epoch 0:   5%|▍         | 306/6208 [00:54<17:36,  5.59it/s, v_num=t-12, loss/train=5.660]Epoch 0:   5%|▍         | 306/6208 [00:54<17:36,  5.59it/s, v_num=t-12, loss/train=6.360]Epoch 0:   5%|▍         | 307/6208 [00:54<17:35,  5.59it/s, v_num=t-12, loss/train=6.360]Epoch 0:   5%|▍         | 307/6208 [00:54<17:35,  5.59it/s, v_num=t-12, loss/train=6.070]Epoch 0:   5%|▍         | 308/6208 [00:55<17:35,  5.59it/s, v_num=t-12, loss/train=6.070]Epoch 0:   5%|▍         | 308/6208 [00:55<17:35,  5.59it/s, v_num=t-12, loss/train=5.330]Epoch 0:   5%|▍         | 309/6208 [00:55<17:33,  5.60it/s, v_num=t-12, loss/train=5.330]Epoch 0:   5%|▍         | 309/6208 [00:55<17:34,  5.60it/s, v_num=t-12, loss/train=6.110]Epoch 0:   5%|▍         | 310/6208 [00:55<17:33,  5.60it/s, v_num=t-12, loss/train=6.110]Epoch 0:   5%|▍         | 310/6208 [00:55<17:33,  5.60it/s, v_num=t-12, loss/train=5.690]Epoch 0:   5%|▌         | 311/6208 [00:55<17:32,  5.60it/s, v_num=t-12, loss/train=5.690]Epoch 0:   5%|▌         | 311/6208 [00:55<17:32,  5.60it/s, v_num=t-12, loss/train=5.520]Epoch 0:   5%|▌         | 312/6208 [00:55<17:32,  5.60it/s, v_num=t-12, loss/train=5.520]Epoch 0:   5%|▌         | 312/6208 [00:55<17:32,  5.60it/s, v_num=t-12, loss/train=5.590]Epoch 0:   5%|▌         | 313/6208 [00:55<17:31,  5.61it/s, v_num=t-12, loss/train=5.590]Epoch 0:   5%|▌         | 313/6208 [00:55<17:31,  5.61it/s, v_num=t-12, loss/train=5.940]Epoch 0:   5%|▌         | 314/6208 [00:55<17:31,  5.61it/s, v_num=t-12, loss/train=5.940]Epoch 0:   5%|▌         | 314/6208 [00:56<17:31,  5.60it/s, v_num=t-12, loss/train=5.990]Epoch 0:   5%|▌         | 315/6208 [00:56<17:31,  5.61it/s, v_num=t-12, loss/train=5.990]Epoch 0:   5%|▌         | 315/6208 [00:56<17:31,  5.61it/s, v_num=t-12, loss/train=5.720]Epoch 0:   5%|▌         | 316/6208 [00:56<17:30,  5.61it/s, v_num=t-12, loss/train=5.720]Epoch 0:   5%|▌         | 316/6208 [00:56<17:30,  5.61it/s, v_num=t-12, loss/train=5.570]Epoch 0:   5%|▌         | 317/6208 [00:56<17:28,  5.62it/s, v_num=t-12, loss/train=5.570]Epoch 0:   5%|▌         | 317/6208 [00:56<17:29,  5.61it/s, v_num=t-12, loss/train=5.030]Epoch 0:   5%|▌         | 318/6208 [00:56<17:28,  5.62it/s, v_num=t-12, loss/train=5.030]Epoch 0:   5%|▌         | 318/6208 [00:56<17:28,  5.62it/s, v_num=t-12, loss/train=5.840]Epoch 0:   5%|▌         | 319/6208 [00:56<17:27,  5.62it/s, v_num=t-12, loss/train=5.840]Epoch 0:   5%|▌         | 319/6208 [00:56<17:27,  5.62it/s, v_num=t-12, loss/train=5.930]Epoch 0:   5%|▌         | 320/6208 [00:56<17:27,  5.62it/s, v_num=t-12, loss/train=5.930]Epoch 0:   5%|▌         | 320/6208 [00:56<17:27,  5.62it/s, v_num=t-12, loss/train=6.540]Epoch 0:   5%|▌         | 321/6208 [00:57<17:26,  5.62it/s, v_num=t-12, loss/train=6.540]Epoch 0:   5%|▌         | 321/6208 [00:57<17:27,  5.62it/s, v_num=t-12, loss/train=5.870]Epoch 0:   5%|▌         | 322/6208 [00:57<17:26,  5.63it/s, v_num=t-12, loss/train=5.870]Epoch 0:   5%|▌         | 322/6208 [00:57<17:26,  5.63it/s, v_num=t-12, loss/train=6.000]Epoch 0:   5%|▌         | 323/6208 [00:57<17:25,  5.63it/s, v_num=t-12, loss/train=6.000]Epoch 0:   5%|▌         | 323/6208 [00:57<17:26,  5.63it/s, v_num=t-12, loss/train=6.240]Epoch 0:   5%|▌         | 324/6208 [00:57<17:25,  5.63it/s, v_num=t-12, loss/train=6.240]Epoch 0:   5%|▌         | 324/6208 [00:57<17:25,  5.63it/s, v_num=t-12, loss/train=5.590]Epoch 0:   5%|▌         | 325/6208 [00:57<17:24,  5.63it/s, v_num=t-12, loss/train=5.590]Epoch 0:   5%|▌         | 325/6208 [00:57<17:25,  5.63it/s, v_num=t-12, loss/train=5.560]Epoch 0:   5%|▌         | 326/6208 [00:57<17:24,  5.63it/s, v_num=t-12, loss/train=5.560]Epoch 0:   5%|▌         | 326/6208 [00:57<17:24,  5.63it/s, v_num=t-12, loss/train=6.020]Epoch 0:   5%|▌         | 327/6208 [00:58<17:23,  5.63it/s, v_num=t-12, loss/train=6.020]Epoch 0:   5%|▌         | 327/6208 [00:58<17:24,  5.63it/s, v_num=t-12, loss/train=5.090]Epoch 0:   5%|▌         | 328/6208 [00:58<17:23,  5.63it/s, v_num=t-12, loss/train=5.090]Epoch 0:   5%|▌         | 328/6208 [00:58<17:23,  5.63it/s, v_num=t-12, loss/train=5.090]Epoch 0:   5%|▌         | 329/6208 [00:58<17:22,  5.64it/s, v_num=t-12, loss/train=5.090]Epoch 0:   5%|▌         | 329/6208 [00:58<17:23,  5.63it/s, v_num=t-12, loss/train=5.980]Epoch 0:   5%|▌         | 330/6208 [00:58<17:22,  5.64it/s, v_num=t-12, loss/train=5.980]Epoch 0:   5%|▌         | 330/6208 [00:58<17:23,  5.63it/s, v_num=t-12, loss/train=5.980]Epoch 0:   5%|▌         | 331/6208 [00:58<17:22,  5.64it/s, v_num=t-12, loss/train=5.980]Epoch 0:   5%|▌         | 331/6208 [00:58<17:22,  5.64it/s, v_num=t-12, loss/train=5.470]Epoch 0:   5%|▌         | 332/6208 [00:58<17:21,  5.64it/s, v_num=t-12, loss/train=5.470]Epoch 0:   5%|▌         | 332/6208 [00:58<17:22,  5.64it/s, v_num=t-12, loss/train=5.940]Epoch 0:   5%|▌         | 333/6208 [00:59<17:21,  5.64it/s, v_num=t-12, loss/train=5.940]Epoch 0:   5%|▌         | 333/6208 [00:59<17:21,  5.64it/s, v_num=t-12, loss/train=5.610]Epoch 0:   5%|▌         | 334/6208 [00:59<17:21,  5.64it/s, v_num=t-12, loss/train=5.610]Epoch 0:   5%|▌         | 334/6208 [00:59<17:21,  5.64it/s, v_num=t-12, loss/train=5.970]Epoch 0:   5%|▌         | 335/6208 [00:59<17:20,  5.64it/s, v_num=t-12, loss/train=5.970]Epoch 0:   5%|▌         | 335/6208 [00:59<17:21,  5.64it/s, v_num=t-12, loss/train=5.840]Epoch 0:   5%|▌         | 336/6208 [00:59<17:20,  5.64it/s, v_num=t-12, loss/train=5.840]Epoch 0:   5%|▌         | 336/6208 [00:59<17:20,  5.64it/s, v_num=t-12, loss/train=5.730]Epoch 0:   5%|▌         | 337/6208 [00:59<17:19,  5.65it/s, v_num=t-12, loss/train=5.730]Epoch 0:   5%|▌         | 337/6208 [00:59<17:20,  5.64it/s, v_num=t-12, loss/train=6.170]Epoch 0:   5%|▌         | 338/6208 [00:59<17:19,  5.65it/s, v_num=t-12, loss/train=6.170]Epoch 0:   5%|▌         | 338/6208 [00:59<17:19,  5.65it/s, v_num=t-12, loss/train=4.820]Epoch 0:   5%|▌         | 339/6208 [01:00<17:19,  5.65it/s, v_num=t-12, loss/train=4.820]Epoch 0:   5%|▌         | 339/6208 [01:00<17:19,  5.65it/s, v_num=t-12, loss/train=5.630]Epoch 0:   5%|▌         | 340/6208 [01:00<17:18,  5.65it/s, v_num=t-12, loss/train=5.630]Epoch 0:   5%|▌         | 340/6208 [01:00<17:19,  5.65it/s, v_num=t-12, loss/train=5.970]Epoch 0:   5%|▌         | 341/6208 [01:00<17:18,  5.65it/s, v_num=t-12, loss/train=5.970]Epoch 0:   5%|▌         | 341/6208 [01:00<17:18,  5.65it/s, v_num=t-12, loss/train=5.840]Epoch 0:   6%|▌         | 342/6208 [01:00<17:17,  5.65it/s, v_num=t-12, loss/train=5.840]Epoch 0:   6%|▌         | 342/6208 [01:00<17:18,  5.65it/s, v_num=t-12, loss/train=5.160]Epoch 0:   6%|▌         | 343/6208 [01:00<17:17,  5.66it/s, v_num=t-12, loss/train=5.160]Epoch 0:   6%|▌         | 343/6208 [01:00<17:17,  5.65it/s, v_num=t-12, loss/train=5.520]Epoch 0:   6%|▌         | 344/6208 [01:00<17:16,  5.66it/s, v_num=t-12, loss/train=5.520]Epoch 0:   6%|▌         | 344/6208 [01:00<17:17,  5.65it/s, v_num=t-12, loss/train=4.950]Epoch 0:   6%|▌         | 345/6208 [01:00<17:16,  5.66it/s, v_num=t-12, loss/train=4.950]Epoch 0:   6%|▌         | 345/6208 [01:00<17:16,  5.66it/s, v_num=t-12, loss/train=5.320]Epoch 0:   6%|▌         | 346/6208 [01:01<17:15,  5.66it/s, v_num=t-12, loss/train=5.320]Epoch 0:   6%|▌         | 346/6208 [01:01<17:15,  5.66it/s, v_num=t-12, loss/train=5.720]Epoch 0:   6%|▌         | 347/6208 [01:01<17:15,  5.66it/s, v_num=t-12, loss/train=5.720]Epoch 0:   6%|▌         | 347/6208 [01:01<17:15,  5.66it/s, v_num=t-12, loss/train=5.910]Epoch 0:   6%|▌         | 348/6208 [01:01<17:15,  5.66it/s, v_num=t-12, loss/train=5.910]Epoch 0:   6%|▌         | 348/6208 [01:01<17:15,  5.66it/s, v_num=t-12, loss/train=6.160]Epoch 0:   6%|▌         | 349/6208 [01:01<17:14,  5.66it/s, v_num=t-12, loss/train=6.160]Epoch 0:   6%|▌         | 349/6208 [01:01<17:15,  5.66it/s, v_num=t-12, loss/train=5.370]Epoch 0:   6%|▌         | 350/6208 [01:01<17:14,  5.66it/s, v_num=t-12, loss/train=5.370]Epoch 0:   6%|▌         | 350/6208 [01:01<17:15,  5.66it/s, v_num=t-12, loss/train=5.370]Epoch 0:   6%|▌         | 351/6208 [01:01<17:14,  5.66it/s, v_num=t-12, loss/train=5.370]Epoch 0:   6%|▌         | 351/6208 [01:02<17:14,  5.66it/s, v_num=t-12, loss/train=5.670]Epoch 0:   6%|▌         | 352/6208 [01:02<17:14,  5.66it/s, v_num=t-12, loss/train=5.670]Epoch 0:   6%|▌         | 352/6208 [01:02<17:14,  5.66it/s, v_num=t-12, loss/train=5.730]Epoch 0:   6%|▌         | 353/6208 [01:02<17:13,  5.66it/s, v_num=t-12, loss/train=5.730]Epoch 0:   6%|▌         | 353/6208 [01:02<17:14,  5.66it/s, v_num=t-12, loss/train=5.460]Epoch 0:   6%|▌         | 354/6208 [01:02<17:13,  5.67it/s, v_num=t-12, loss/train=5.460]Epoch 0:   6%|▌         | 354/6208 [01:02<17:13,  5.66it/s, v_num=t-12, loss/train=5.280]Epoch 0:   6%|▌         | 355/6208 [01:02<17:12,  5.67it/s, v_num=t-12, loss/train=5.280]Epoch 0:   6%|▌         | 355/6208 [01:02<17:13,  5.67it/s, v_num=t-12, loss/train=5.460]Epoch 0:   6%|▌         | 356/6208 [01:03<17:17,  5.64it/s, v_num=t-12, loss/train=5.460]Epoch 0:   6%|▌         | 356/6208 [01:03<17:17,  5.64it/s, v_num=t-12, loss/train=5.740]Epoch 0:   6%|▌         | 357/6208 [01:03<17:17,  5.64it/s, v_num=t-12, loss/train=5.740]Epoch 0:   6%|▌         | 357/6208 [01:03<17:17,  5.64it/s, v_num=t-12, loss/train=5.520]Epoch 0:   6%|▌         | 358/6208 [01:03<17:16,  5.65it/s, v_num=t-12, loss/train=5.520]Epoch 0:   6%|▌         | 358/6208 [01:03<17:16,  5.64it/s, v_num=t-12, loss/train=5.710]Epoch 0:   6%|▌         | 359/6208 [01:03<17:15,  5.65it/s, v_num=t-12, loss/train=5.710]Epoch 0:   6%|▌         | 359/6208 [01:03<17:16,  5.65it/s, v_num=t-12, loss/train=5.790]Epoch 0:   6%|▌         | 360/6208 [01:03<17:15,  5.65it/s, v_num=t-12, loss/train=5.790]Epoch 0:   6%|▌         | 360/6208 [01:03<17:15,  5.64it/s, v_num=t-12, loss/train=5.110]Epoch 0:   6%|▌         | 361/6208 [01:03<17:15,  5.65it/s, v_num=t-12, loss/train=5.110]Epoch 0:   6%|▌         | 361/6208 [01:03<17:15,  5.65it/s, v_num=t-12, loss/train=5.630]Epoch 0:   6%|▌         | 362/6208 [01:04<17:14,  5.65it/s, v_num=t-12, loss/train=5.630]Epoch 0:   6%|▌         | 362/6208 [01:04<17:15,  5.65it/s, v_num=t-12, loss/train=6.090]Epoch 0:   6%|▌         | 363/6208 [01:04<17:18,  5.63it/s, v_num=t-12, loss/train=6.090]Epoch 0:   6%|▌         | 363/6208 [01:04<17:18,  5.63it/s, v_num=t-12, loss/train=5.540]Epoch 0:   6%|▌         | 364/6208 [01:04<17:17,  5.63it/s, v_num=t-12, loss/train=5.540]Epoch 0:   6%|▌         | 364/6208 [01:04<17:17,  5.63it/s, v_num=t-12, loss/train=5.220]Epoch 0:   6%|▌         | 365/6208 [01:04<17:16,  5.64it/s, v_num=t-12, loss/train=5.220]Epoch 0:   6%|▌         | 365/6208 [01:04<17:16,  5.64it/s, v_num=t-12, loss/train=5.290]Epoch 0:   6%|▌         | 366/6208 [01:04<17:16,  5.64it/s, v_num=t-12, loss/train=5.290]Epoch 0:   6%|▌         | 366/6208 [01:04<17:16,  5.64it/s, v_num=t-12, loss/train=5.600]Epoch 0:   6%|▌         | 367/6208 [01:05<17:15,  5.64it/s, v_num=t-12, loss/train=5.600]Epoch 0:   6%|▌         | 367/6208 [01:05<17:16,  5.64it/s, v_num=t-12, loss/train=5.360]Epoch 0:   6%|▌         | 368/6208 [01:05<17:15,  5.64it/s, v_num=t-12, loss/train=5.360]Epoch 0:   6%|▌         | 368/6208 [01:05<17:15,  5.64it/s, v_num=t-12, loss/train=5.500]Epoch 0:   6%|▌         | 369/6208 [01:05<17:14,  5.64it/s, v_num=t-12, loss/train=5.500]Epoch 0:   6%|▌         | 369/6208 [01:05<17:14,  5.64it/s, v_num=t-12, loss/train=6.120]Epoch 0:   6%|▌         | 370/6208 [01:05<17:14,  5.64it/s, v_num=t-12, loss/train=6.120]Epoch 0:   6%|▌         | 370/6208 [01:05<17:14,  5.64it/s, v_num=t-12, loss/train=5.740]Epoch 0:   6%|▌         | 371/6208 [01:05<17:14,  5.64it/s, v_num=t-12, loss/train=5.740]Epoch 0:   6%|▌         | 371/6208 [01:05<17:14,  5.64it/s, v_num=t-12, loss/train=5.180]Epoch 0:   6%|▌         | 372/6208 [01:05<17:13,  5.65it/s, v_num=t-12, loss/train=5.180]Epoch 0:   6%|▌         | 372/6208 [01:05<17:13,  5.64it/s, v_num=t-12, loss/train=5.310]Epoch 0:   6%|▌         | 373/6208 [01:06<17:13,  5.65it/s, v_num=t-12, loss/train=5.310]Epoch 0:   6%|▌         | 373/6208 [01:06<17:13,  5.65it/s, v_num=t-12, loss/train=5.870]Epoch 0:   6%|▌         | 374/6208 [01:06<17:12,  5.65it/s, v_num=t-12, loss/train=5.870]Epoch 0:   6%|▌         | 374/6208 [01:06<17:12,  5.65it/s, v_num=t-12, loss/train=5.640]Epoch 0:   6%|▌         | 375/6208 [01:06<17:12,  5.65it/s, v_num=t-12, loss/train=5.640]Epoch 0:   6%|▌         | 375/6208 [01:06<17:12,  5.65it/s, v_num=t-12, loss/train=6.110]Epoch 0:   6%|▌         | 376/6208 [01:06<17:11,  5.65it/s, v_num=t-12, loss/train=6.110]Epoch 0:   6%|▌         | 376/6208 [01:06<17:11,  5.65it/s, v_num=t-12, loss/train=5.250]Epoch 0:   6%|▌         | 377/6208 [01:06<17:11,  5.66it/s, v_num=t-12, loss/train=5.250]Epoch 0:   6%|▌         | 377/6208 [01:06<17:11,  5.65it/s, v_num=t-12, loss/train=5.770]Epoch 0:   6%|▌         | 378/6208 [01:06<17:10,  5.66it/s, v_num=t-12, loss/train=5.770]Epoch 0:   6%|▌         | 378/6208 [01:06<17:10,  5.66it/s, v_num=t-12, loss/train=5.740]Epoch 0:   6%|▌         | 379/6208 [01:06<17:10,  5.66it/s, v_num=t-12, loss/train=5.740]Epoch 0:   6%|▌         | 379/6208 [01:06<17:10,  5.66it/s, v_num=t-12, loss/train=5.280]Epoch 0:   6%|▌         | 380/6208 [01:07<17:09,  5.66it/s, v_num=t-12, loss/train=5.280]Epoch 0:   6%|▌         | 380/6208 [01:07<17:09,  5.66it/s, v_num=t-12, loss/train=6.910]Epoch 0:   6%|▌         | 381/6208 [01:07<17:09,  5.66it/s, v_num=t-12, loss/train=6.910]Epoch 0:   6%|▌         | 381/6208 [01:07<17:09,  5.66it/s, v_num=t-12, loss/train=6.170]Epoch 0:   6%|▌         | 382/6208 [01:07<17:08,  5.66it/s, v_num=t-12, loss/train=6.170]Epoch 0:   6%|▌         | 382/6208 [01:07<17:09,  5.66it/s, v_num=t-12, loss/train=5.490]Epoch 0:   6%|▌         | 383/6208 [01:07<17:08,  5.66it/s, v_num=t-12, loss/train=5.490]Epoch 0:   6%|▌         | 383/6208 [01:07<17:08,  5.66it/s, v_num=t-12, loss/train=5.460]Epoch 0:   6%|▌         | 384/6208 [01:07<17:08,  5.66it/s, v_num=t-12, loss/train=5.460]Epoch 0:   6%|▌         | 384/6208 [01:07<17:08,  5.66it/s, v_num=t-12, loss/train=5.470]Epoch 0:   6%|▌         | 385/6208 [01:07<17:08,  5.66it/s, v_num=t-12, loss/train=5.470]Epoch 0:   6%|▌         | 385/6208 [01:07<17:08,  5.66it/s, v_num=t-12, loss/train=5.380]Epoch 0:   6%|▌         | 386/6208 [01:08<17:07,  5.66it/s, v_num=t-12, loss/train=5.380]Epoch 0:   6%|▌         | 386/6208 [01:08<17:08,  5.66it/s, v_num=t-12, loss/train=5.810]Epoch 0:   6%|▌         | 387/6208 [01:08<17:07,  5.66it/s, v_num=t-12, loss/train=5.810]Epoch 0:   6%|▌         | 387/6208 [01:08<17:08,  5.66it/s, v_num=t-12, loss/train=5.570]Epoch 0:   6%|▋         | 388/6208 [01:08<17:07,  5.66it/s, v_num=t-12, loss/train=5.570]Epoch 0:   6%|▋         | 388/6208 [01:08<17:07,  5.66it/s, v_num=t-12, loss/train=6.030]Epoch 0:   6%|▋         | 389/6208 [01:08<17:07,  5.66it/s, v_num=t-12, loss/train=6.030]Epoch 0:   6%|▋         | 389/6208 [01:08<17:07,  5.66it/s, v_num=t-12, loss/train=5.840]Epoch 0:   6%|▋         | 390/6208 [01:08<17:06,  5.67it/s, v_num=t-12, loss/train=5.840]Epoch 0:   6%|▋         | 390/6208 [01:08<17:07,  5.66it/s, v_num=t-12, loss/train=6.030]Epoch 0:   6%|▋         | 391/6208 [01:09<17:06,  5.67it/s, v_num=t-12, loss/train=6.030]Epoch 0:   6%|▋         | 391/6208 [01:09<17:06,  5.67it/s, v_num=t-12, loss/train=5.680]Epoch 0:   6%|▋         | 392/6208 [01:09<17:05,  5.67it/s, v_num=t-12, loss/train=5.680]Epoch 0:   6%|▋         | 392/6208 [01:09<17:06,  5.67it/s, v_num=t-12, loss/train=5.590]Epoch 0:   6%|▋         | 393/6208 [01:09<17:05,  5.67it/s, v_num=t-12, loss/train=5.590]Epoch 0:   6%|▋         | 393/6208 [01:09<17:05,  5.67it/s, v_num=t-12, loss/train=5.260]Epoch 0:   6%|▋         | 394/6208 [01:09<17:05,  5.67it/s, v_num=t-12, loss/train=5.260]Epoch 0:   6%|▋         | 394/6208 [01:09<17:05,  5.67it/s, v_num=t-12, loss/train=5.290]Epoch 0:   6%|▋         | 395/6208 [01:09<17:04,  5.67it/s, v_num=t-12, loss/train=5.290]Epoch 0:   6%|▋         | 395/6208 [01:09<17:04,  5.67it/s, v_num=t-12, loss/train=4.890]Epoch 0:   6%|▋         | 396/6208 [01:09<17:03,  5.68it/s, v_num=t-12, loss/train=4.890]Epoch 0:   6%|▋         | 396/6208 [01:09<17:04,  5.68it/s, v_num=t-12, loss/train=4.880]Epoch 0:   6%|▋         | 397/6208 [01:09<17:03,  5.68it/s, v_num=t-12, loss/train=4.880]Epoch 0:   6%|▋         | 397/6208 [01:09<17:03,  5.68it/s, v_num=t-12, loss/train=4.730]Epoch 0:   6%|▋         | 398/6208 [01:10<17:03,  5.68it/s, v_num=t-12, loss/train=4.730]Epoch 0:   6%|▋         | 398/6208 [01:10<17:03,  5.68it/s, v_num=t-12, loss/train=5.080]Epoch 0:   6%|▋         | 399/6208 [01:10<17:02,  5.68it/s, v_num=t-12, loss/train=5.080]Epoch 0:   6%|▋         | 399/6208 [01:10<17:03,  5.68it/s, v_num=t-12, loss/train=5.480]Epoch 0:   6%|▋         | 400/6208 [01:10<17:02,  5.68it/s, v_num=t-12, loss/train=5.480]Epoch 0:   6%|▋         | 400/6208 [01:10<17:02,  5.68it/s, v_num=t-12, loss/train=5.740]Epoch 0:   6%|▋         | 401/6208 [01:10<17:05,  5.66it/s, v_num=t-12, loss/train=5.740]Epoch 0:   6%|▋         | 401/6208 [01:10<17:06,  5.66it/s, v_num=t-12, loss/train=6.100]Epoch 0:   6%|▋         | 402/6208 [01:10<17:05,  5.66it/s, v_num=t-12, loss/train=6.100]Epoch 0:   6%|▋         | 402/6208 [01:11<17:05,  5.66it/s, v_num=t-12, loss/train=4.810]Epoch 0:   6%|▋         | 403/6208 [01:11<17:04,  5.67it/s, v_num=t-12, loss/train=4.810]Epoch 0:   6%|▋         | 403/6208 [01:11<17:05,  5.66it/s, v_num=t-12, loss/train=5.140]Epoch 0:   7%|▋         | 404/6208 [01:11<17:04,  5.67it/s, v_num=t-12, loss/train=5.140]Epoch 0:   7%|▋         | 404/6208 [01:11<17:04,  5.67it/s, v_num=t-12, loss/train=5.370]Epoch 0:   7%|▋         | 405/6208 [01:11<17:03,  5.67it/s, v_num=t-12, loss/train=5.370]Epoch 0:   7%|▋         | 405/6208 [01:11<17:04,  5.67it/s, v_num=t-12, loss/train=4.980]Epoch 0:   7%|▋         | 406/6208 [01:11<17:03,  5.67it/s, v_num=t-12, loss/train=4.980]Epoch 0:   7%|▋         | 406/6208 [01:11<17:03,  5.67it/s, v_num=t-12, loss/train=5.390]Epoch 0:   7%|▋         | 407/6208 [01:11<17:03,  5.67it/s, v_num=t-12, loss/train=5.390]Epoch 0:   7%|▋         | 407/6208 [01:11<17:03,  5.67it/s, v_num=t-12, loss/train=6.340]Epoch 0:   7%|▋         | 408/6208 [01:11<17:02,  5.67it/s, v_num=t-12, loss/train=6.340]Epoch 0:   7%|▋         | 408/6208 [01:11<17:02,  5.67it/s, v_num=t-12, loss/train=5.910]Epoch 0:   7%|▋         | 409/6208 [01:12<17:01,  5.67it/s, v_num=t-12, loss/train=5.910]Epoch 0:   7%|▋         | 409/6208 [01:12<17:02,  5.67it/s, v_num=t-12, loss/train=6.310]Epoch 0:   7%|▋         | 410/6208 [01:12<17:01,  5.67it/s, v_num=t-12, loss/train=6.310]Epoch 0:   7%|▋         | 410/6208 [01:12<17:01,  5.67it/s, v_num=t-12, loss/train=5.570]Epoch 0:   7%|▋         | 411/6208 [01:12<17:04,  5.66it/s, v_num=t-12, loss/train=5.570]Epoch 0:   7%|▋         | 411/6208 [01:12<17:04,  5.66it/s, v_num=t-12, loss/train=5.460]Epoch 0:   7%|▋         | 412/6208 [01:12<17:03,  5.66it/s, v_num=t-12, loss/train=5.460]Epoch 0:   7%|▋         | 412/6208 [01:12<17:03,  5.66it/s, v_num=t-12, loss/train=5.310]Epoch 0:   7%|▋         | 413/6208 [01:12<17:03,  5.66it/s, v_num=t-12, loss/train=5.310]Epoch 0:   7%|▋         | 413/6208 [01:12<17:03,  5.66it/s, v_num=t-12, loss/train=4.710]Epoch 0:   7%|▋         | 414/6208 [01:13<17:02,  5.67it/s, v_num=t-12, loss/train=4.710]Epoch 0:   7%|▋         | 414/6208 [01:13<17:02,  5.67it/s, v_num=t-12, loss/train=5.470]Epoch 0:   7%|▋         | 415/6208 [01:13<17:01,  5.67it/s, v_num=t-12, loss/train=5.470]Epoch 0:   7%|▋         | 415/6208 [01:13<17:01,  5.67it/s, v_num=t-12, loss/train=5.520]Epoch 0:   7%|▋         | 416/6208 [01:13<17:00,  5.67it/s, v_num=t-12, loss/train=5.520]Epoch 0:   7%|▋         | 416/6208 [01:13<17:01,  5.67it/s, v_num=t-12, loss/train=5.160]Epoch 0:   7%|▋         | 417/6208 [01:13<17:00,  5.67it/s, v_num=t-12, loss/train=5.160]Epoch 0:   7%|▋         | 417/6208 [01:13<17:00,  5.67it/s, v_num=t-12, loss/train=5.610]Epoch 0:   7%|▋         | 418/6208 [01:13<17:00,  5.68it/s, v_num=t-12, loss/train=5.610]Epoch 0:   7%|▋         | 418/6208 [01:13<17:00,  5.67it/s, v_num=t-12, loss/train=5.480]Epoch 0:   7%|▋         | 419/6208 [01:13<16:59,  5.68it/s, v_num=t-12, loss/train=5.480]Epoch 0:   7%|▋         | 419/6208 [01:13<17:00,  5.67it/s, v_num=t-12, loss/train=4.930]Epoch 0:   7%|▋         | 420/6208 [01:13<16:59,  5.68it/s, v_num=t-12, loss/train=4.930]Epoch 0:   7%|▋         | 420/6208 [01:14<16:59,  5.68it/s, v_num=t-12, loss/train=4.890]Epoch 0:   7%|▋         | 421/6208 [01:14<16:59,  5.68it/s, v_num=t-12, loss/train=4.890]Epoch 0:   7%|▋         | 421/6208 [01:14<16:59,  5.68it/s, v_num=t-12, loss/train=6.100]Epoch 0:   7%|▋         | 422/6208 [01:14<16:58,  5.68it/s, v_num=t-12, loss/train=6.100]Epoch 0:   7%|▋         | 422/6208 [01:14<16:58,  5.68it/s, v_num=t-12, loss/train=6.170]Epoch 0:   7%|▋         | 423/6208 [01:14<16:57,  5.68it/s, v_num=t-12, loss/train=6.170]Epoch 0:   7%|▋         | 423/6208 [01:14<16:57,  5.68it/s, v_num=t-12, loss/train=5.380]Epoch 0:   7%|▋         | 424/6208 [01:14<16:57,  5.68it/s, v_num=t-12, loss/train=5.380]Epoch 0:   7%|▋         | 424/6208 [01:14<16:57,  5.68it/s, v_num=t-12, loss/train=4.440]Epoch 0:   7%|▋         | 425/6208 [01:14<16:57,  5.69it/s, v_num=t-12, loss/train=4.440]Epoch 0:   7%|▋         | 425/6208 [01:14<16:57,  5.68it/s, v_num=t-12, loss/train=5.430]Epoch 0:   7%|▋         | 426/6208 [01:14<16:56,  5.69it/s, v_num=t-12, loss/train=5.430]Epoch 0:   7%|▋         | 426/6208 [01:14<16:56,  5.69it/s, v_num=t-12, loss/train=5.160]Epoch 0:   7%|▋         | 427/6208 [01:15<16:56,  5.69it/s, v_num=t-12, loss/train=5.160]Epoch 0:   7%|▋         | 427/6208 [01:15<16:56,  5.69it/s, v_num=t-12, loss/train=4.350]Epoch 0:   7%|▋         | 428/6208 [01:15<16:55,  5.69it/s, v_num=t-12, loss/train=4.350]Epoch 0:   7%|▋         | 428/6208 [01:15<16:55,  5.69it/s, v_num=t-12, loss/train=4.680]Epoch 0:   7%|▋         | 429/6208 [01:15<16:55,  5.69it/s, v_num=t-12, loss/train=4.680]Epoch 0:   7%|▋         | 429/6208 [01:15<16:55,  5.69it/s, v_num=t-12, loss/train=6.010]Epoch 0:   7%|▋         | 430/6208 [01:15<16:55,  5.69it/s, v_num=t-12, loss/train=6.010]Epoch 0:   7%|▋         | 430/6208 [01:15<16:55,  5.69it/s, v_num=t-12, loss/train=5.740]Epoch 0:   7%|▋         | 431/6208 [01:15<16:54,  5.69it/s, v_num=t-12, loss/train=5.740]Epoch 0:   7%|▋         | 431/6208 [01:15<16:54,  5.69it/s, v_num=t-12, loss/train=5.740]Epoch 0:   7%|▋         | 432/6208 [01:15<16:54,  5.69it/s, v_num=t-12, loss/train=5.740]Epoch 0:   7%|▋         | 432/6208 [01:15<16:54,  5.69it/s, v_num=t-12, loss/train=5.980]Epoch 0:   7%|▋         | 433/6208 [01:16<16:54,  5.69it/s, v_num=t-12, loss/train=5.980]Epoch 0:   7%|▋         | 433/6208 [01:16<16:54,  5.69it/s, v_num=t-12, loss/train=5.650]Epoch 0:   7%|▋         | 434/6208 [01:16<16:54,  5.69it/s, v_num=t-12, loss/train=5.650]Epoch 0:   7%|▋         | 434/6208 [01:16<16:54,  5.69it/s, v_num=t-12, loss/train=5.650]Epoch 0:   7%|▋         | 435/6208 [01:16<16:53,  5.69it/s, v_num=t-12, loss/train=5.650]Epoch 0:   7%|▋         | 435/6208 [01:16<16:53,  5.69it/s, v_num=t-12, loss/train=4.870]Epoch 0:   7%|▋         | 436/6208 [01:16<16:53,  5.70it/s, v_num=t-12, loss/train=4.870]Epoch 0:   7%|▋         | 436/6208 [01:16<16:53,  5.70it/s, v_num=t-12, loss/train=5.180]Epoch 0:   7%|▋         | 437/6208 [01:16<16:52,  5.70it/s, v_num=t-12, loss/train=5.180]Epoch 0:   7%|▋         | 437/6208 [01:16<16:52,  5.70it/s, v_num=t-12, loss/train=5.160]Epoch 0:   7%|▋         | 438/6208 [01:16<16:52,  5.70it/s, v_num=t-12, loss/train=5.160]Epoch 0:   7%|▋         | 438/6208 [01:16<16:52,  5.70it/s, v_num=t-12, loss/train=5.890]Epoch 0:   7%|▋         | 439/6208 [01:17<16:52,  5.70it/s, v_num=t-12, loss/train=5.890]Epoch 0:   7%|▋         | 439/6208 [01:17<16:52,  5.70it/s, v_num=t-12, loss/train=5.270]Epoch 0:   7%|▋         | 440/6208 [01:17<16:51,  5.70it/s, v_num=t-12, loss/train=5.270]Epoch 0:   7%|▋         | 440/6208 [01:17<16:51,  5.70it/s, v_num=t-12, loss/train=5.960]Epoch 0:   7%|▋         | 441/6208 [01:17<16:51,  5.70it/s, v_num=t-12, loss/train=5.960]Epoch 0:   7%|▋         | 441/6208 [01:17<16:51,  5.70it/s, v_num=t-12, loss/train=5.660]Epoch 0:   7%|▋         | 442/6208 [01:17<16:50,  5.71it/s, v_num=t-12, loss/train=5.660]Epoch 0:   7%|▋         | 442/6208 [01:17<16:50,  5.70it/s, v_num=t-12, loss/train=5.380]Epoch 0:   7%|▋         | 443/6208 [01:17<16:50,  5.71it/s, v_num=t-12, loss/train=5.380]Epoch 0:   7%|▋         | 443/6208 [01:17<16:50,  5.71it/s, v_num=t-12, loss/train=6.030]Epoch 0:   7%|▋         | 444/6208 [01:17<16:50,  5.71it/s, v_num=t-12, loss/train=6.030]Epoch 0:   7%|▋         | 444/6208 [01:17<16:50,  5.71it/s, v_num=t-12, loss/train=5.260]Epoch 0:   7%|▋         | 445/6208 [01:18<16:52,  5.69it/s, v_num=t-12, loss/train=5.260]Epoch 0:   7%|▋         | 445/6208 [01:18<16:52,  5.69it/s, v_num=t-12, loss/train=4.920]Epoch 0:   7%|▋         | 446/6208 [01:18<16:52,  5.69it/s, v_num=t-12, loss/train=4.920]Epoch 0:   7%|▋         | 446/6208 [01:18<16:52,  5.69it/s, v_num=t-12, loss/train=5.010]Epoch 0:   7%|▋         | 447/6208 [01:18<16:51,  5.69it/s, v_num=t-12, loss/train=5.010]Epoch 0:   7%|▋         | 447/6208 [01:18<16:51,  5.69it/s, v_num=t-12, loss/train=5.870]Epoch 0:   7%|▋         | 448/6208 [01:18<16:50,  5.70it/s, v_num=t-12, loss/train=5.870]Epoch 0:   7%|▋         | 448/6208 [01:18<16:51,  5.70it/s, v_num=t-12, loss/train=5.830]Epoch 0:   7%|▋         | 449/6208 [01:18<16:50,  5.70it/s, v_num=t-12, loss/train=5.830]Epoch 0:   7%|▋         | 449/6208 [01:18<16:50,  5.70it/s, v_num=t-12, loss/train=5.850]Epoch 0:   7%|▋         | 450/6208 [01:18<16:50,  5.70it/s, v_num=t-12, loss/train=5.850]Epoch 0:   7%|▋         | 450/6208 [01:18<16:50,  5.70it/s, v_num=t-12, loss/train=5.720]Epoch 0:   7%|▋         | 451/6208 [01:19<16:50,  5.70it/s, v_num=t-12, loss/train=5.720]Epoch 0:   7%|▋         | 451/6208 [01:19<16:50,  5.70it/s, v_num=t-12, loss/train=5.440]Epoch 0:   7%|▋         | 452/6208 [01:19<16:50,  5.70it/s, v_num=t-12, loss/train=5.440]Epoch 0:   7%|▋         | 452/6208 [01:19<16:50,  5.70it/s, v_num=t-12, loss/train=5.580]Epoch 0:   7%|▋         | 453/6208 [01:19<16:49,  5.70it/s, v_num=t-12, loss/train=5.580]Epoch 0:   7%|▋         | 453/6208 [01:19<16:50,  5.70it/s, v_num=t-12, loss/train=4.640]Epoch 0:   7%|▋         | 454/6208 [01:19<16:49,  5.70it/s, v_num=t-12, loss/train=4.640]Epoch 0:   7%|▋         | 454/6208 [01:19<16:49,  5.70it/s, v_num=t-12, loss/train=4.140]Epoch 0:   7%|▋         | 455/6208 [01:19<16:49,  5.70it/s, v_num=t-12, loss/train=4.140]Epoch 0:   7%|▋         | 455/6208 [01:19<16:49,  5.70it/s, v_num=t-12, loss/train=5.750]Epoch 0:   7%|▋         | 456/6208 [01:19<16:48,  5.70it/s, v_num=t-12, loss/train=5.750]Epoch 0:   7%|▋         | 456/6208 [01:19<16:48,  5.70it/s, v_num=t-12, loss/train=5.450]Epoch 0:   7%|▋         | 457/6208 [01:20<16:48,  5.70it/s, v_num=t-12, loss/train=5.450]Epoch 0:   7%|▋         | 457/6208 [01:20<16:48,  5.70it/s, v_num=t-12, loss/train=6.280]Epoch 0:   7%|▋         | 458/6208 [01:20<16:48,  5.70it/s, v_num=t-12, loss/train=6.280]Epoch 0:   7%|▋         | 458/6208 [01:20<16:48,  5.70it/s, v_num=t-12, loss/train=5.710]Epoch 0:   7%|▋         | 459/6208 [01:20<16:47,  5.70it/s, v_num=t-12, loss/train=5.710]Epoch 0:   7%|▋         | 459/6208 [01:20<16:47,  5.70it/s, v_num=t-12, loss/train=5.060]Epoch 0:   7%|▋         | 460/6208 [01:20<16:50,  5.69it/s, v_num=t-12, loss/train=5.060]Epoch 0:   7%|▋         | 460/6208 [01:20<16:50,  5.69it/s, v_num=t-12, loss/train=5.040]Epoch 0:   7%|▋         | 461/6208 [01:20<16:49,  5.69it/s, v_num=t-12, loss/train=5.040]Epoch 0:   7%|▋         | 461/6208 [01:20<16:49,  5.69it/s, v_num=t-12, loss/train=6.000]Epoch 0:   7%|▋         | 462/6208 [01:21<16:48,  5.70it/s, v_num=t-12, loss/train=6.000]Epoch 0:   7%|▋         | 462/6208 [01:21<16:49,  5.69it/s, v_num=t-12, loss/train=4.700]Epoch 0:   7%|▋         | 463/6208 [01:21<16:48,  5.70it/s, v_num=t-12, loss/train=4.700]Epoch 0:   7%|▋         | 463/6208 [01:21<16:48,  5.69it/s, v_num=t-12, loss/train=6.380]Epoch 0:   7%|▋         | 464/6208 [01:21<16:48,  5.70it/s, v_num=t-12, loss/train=6.380]Epoch 0:   7%|▋         | 464/6208 [01:21<16:48,  5.70it/s, v_num=t-12, loss/train=5.800]Epoch 0:   7%|▋         | 465/6208 [01:21<16:47,  5.70it/s, v_num=t-12, loss/train=5.800]Epoch 0:   7%|▋         | 465/6208 [01:21<16:47,  5.70it/s, v_num=t-12, loss/train=4.510]Epoch 0:   8%|▊         | 466/6208 [01:22<16:50,  5.68it/s, v_num=t-12, loss/train=4.510]Epoch 0:   8%|▊         | 466/6208 [01:22<16:50,  5.68it/s, v_num=t-12, loss/train=5.160]Epoch 0:   8%|▊         | 467/6208 [01:22<16:49,  5.68it/s, v_num=t-12, loss/train=5.160]Epoch 0:   8%|▊         | 467/6208 [01:22<16:49,  5.68it/s, v_num=t-12, loss/train=5.550]Epoch 0:   8%|▊         | 468/6208 [01:22<16:49,  5.69it/s, v_num=t-12, loss/train=5.550]Epoch 0:   8%|▊         | 468/6208 [01:22<16:49,  5.69it/s, v_num=t-12, loss/train=5.000]Epoch 0:   8%|▊         | 469/6208 [01:22<16:49,  5.69it/s, v_num=t-12, loss/train=5.000]Epoch 0:   8%|▊         | 469/6208 [01:22<16:49,  5.69it/s, v_num=t-12, loss/train=5.170]Epoch 0:   8%|▊         | 470/6208 [01:22<16:48,  5.69it/s, v_num=t-12, loss/train=5.170]Epoch 0:   8%|▊         | 470/6208 [01:22<16:48,  5.69it/s, v_num=t-12, loss/train=6.330]Epoch 0:   8%|▊         | 471/6208 [01:22<16:48,  5.69it/s, v_num=t-12, loss/train=6.330]Epoch 0:   8%|▊         | 471/6208 [01:22<16:48,  5.69it/s, v_num=t-12, loss/train=5.160]Epoch 0:   8%|▊         | 472/6208 [01:22<16:48,  5.69it/s, v_num=t-12, loss/train=5.160]Epoch 0:   8%|▊         | 472/6208 [01:22<16:48,  5.69it/s, v_num=t-12, loss/train=4.930]Epoch 0:   8%|▊         | 473/6208 [01:23<16:47,  5.69it/s, v_num=t-12, loss/train=4.930]Epoch 0:   8%|▊         | 473/6208 [01:23<16:47,  5.69it/s, v_num=t-12, loss/train=5.020]Epoch 0:   8%|▊         | 474/6208 [01:23<16:46,  5.69it/s, v_num=t-12, loss/train=5.020]Epoch 0:   8%|▊         | 474/6208 [01:23<16:47,  5.69it/s, v_num=t-12, loss/train=5.560]Epoch 0:   8%|▊         | 475/6208 [01:23<16:46,  5.70it/s, v_num=t-12, loss/train=5.560]Epoch 0:   8%|▊         | 475/6208 [01:23<16:46,  5.69it/s, v_num=t-12, loss/train=5.400]Epoch 0:   8%|▊         | 476/6208 [01:23<16:46,  5.70it/s, v_num=t-12, loss/train=5.400]Epoch 0:   8%|▊         | 476/6208 [01:23<16:46,  5.70it/s, v_num=t-12, loss/train=5.800]Epoch 0:   8%|▊         | 477/6208 [01:23<16:46,  5.70it/s, v_num=t-12, loss/train=5.800]Epoch 0:   8%|▊         | 477/6208 [01:23<16:46,  5.70it/s, v_num=t-12, loss/train=4.950]Epoch 0:   8%|▊         | 478/6208 [01:23<16:45,  5.70it/s, v_num=t-12, loss/train=4.950]Epoch 0:   8%|▊         | 478/6208 [01:23<16:46,  5.70it/s, v_num=t-12, loss/train=5.110]Epoch 0:   8%|▊         | 479/6208 [01:24<16:45,  5.70it/s, v_num=t-12, loss/train=5.110]Epoch 0:   8%|▊         | 479/6208 [01:24<16:45,  5.70it/s, v_num=t-12, loss/train=5.400]Epoch 0:   8%|▊         | 480/6208 [01:24<16:45,  5.70it/s, v_num=t-12, loss/train=5.400]Epoch 0:   8%|▊         | 480/6208 [01:24<16:45,  5.70it/s, v_num=t-12, loss/train=5.670]Epoch 0:   8%|▊         | 481/6208 [01:24<16:45,  5.70it/s, v_num=t-12, loss/train=5.670]Epoch 0:   8%|▊         | 481/6208 [01:24<16:45,  5.70it/s, v_num=t-12, loss/train=6.450]Epoch 0:   8%|▊         | 482/6208 [01:24<16:44,  5.70it/s, v_num=t-12, loss/train=6.450]Epoch 0:   8%|▊         | 482/6208 [01:24<16:44,  5.70it/s, v_num=t-12, loss/train=5.410]Epoch 0:   8%|▊         | 483/6208 [01:24<16:44,  5.70it/s, v_num=t-12, loss/train=5.410]Epoch 0:   8%|▊         | 483/6208 [01:24<16:44,  5.70it/s, v_num=t-12, loss/train=5.050]Epoch 0:   8%|▊         | 484/6208 [01:24<16:43,  5.70it/s, v_num=t-12, loss/train=5.050]Epoch 0:   8%|▊         | 484/6208 [01:24<16:44,  5.70it/s, v_num=t-12, loss/train=5.020]Epoch 0:   8%|▊         | 485/6208 [01:25<16:43,  5.70it/s, v_num=t-12, loss/train=5.020]Epoch 0:   8%|▊         | 485/6208 [01:25<16:43,  5.70it/s, v_num=t-12, loss/train=4.610]Epoch 0:   8%|▊         | 486/6208 [01:25<16:43,  5.70it/s, v_num=t-12, loss/train=4.610]Epoch 0:   8%|▊         | 486/6208 [01:25<16:43,  5.70it/s, v_num=t-12, loss/train=4.270]Epoch 0:   8%|▊         | 487/6208 [01:25<16:42,  5.71it/s, v_num=t-12, loss/train=4.270]Epoch 0:   8%|▊         | 487/6208 [01:25<16:42,  5.70it/s, v_num=t-12, loss/train=4.800]Epoch 0:   8%|▊         | 488/6208 [01:25<16:42,  5.71it/s, v_num=t-12, loss/train=4.800]Epoch 0:   8%|▊         | 488/6208 [01:25<16:42,  5.71it/s, v_num=t-12, loss/train=4.700]Epoch 0:   8%|▊         | 489/6208 [01:25<16:42,  5.71it/s, v_num=t-12, loss/train=4.700]Epoch 0:   8%|▊         | 489/6208 [01:25<16:42,  5.70it/s, v_num=t-12, loss/train=5.920]Epoch 0:   8%|▊         | 490/6208 [01:25<16:42,  5.71it/s, v_num=t-12, loss/train=5.920]Epoch 0:   8%|▊         | 490/6208 [01:25<16:42,  5.71it/s, v_num=t-12, loss/train=5.740]Epoch 0:   8%|▊         | 491/6208 [01:26<16:41,  5.71it/s, v_num=t-12, loss/train=5.740]Epoch 0:   8%|▊         | 491/6208 [01:26<16:41,  5.71it/s, v_num=t-12, loss/train=5.340]Epoch 0:   8%|▊         | 492/6208 [01:26<16:40,  5.71it/s, v_num=t-12, loss/train=5.340]Epoch 0:   8%|▊         | 492/6208 [01:26<16:41,  5.71it/s, v_num=t-12, loss/train=6.110]Epoch 0:   8%|▊         | 493/6208 [01:26<16:40,  5.71it/s, v_num=t-12, loss/train=6.110]Epoch 0:   8%|▊         | 493/6208 [01:26<16:40,  5.71it/s, v_num=t-12, loss/train=5.520]Epoch 0:   8%|▊         | 494/6208 [01:26<16:40,  5.71it/s, v_num=t-12, loss/train=5.520]Epoch 0:   8%|▊         | 494/6208 [01:26<16:40,  5.71it/s, v_num=t-12, loss/train=4.880]Epoch 0:   8%|▊         | 495/6208 [01:26<16:39,  5.72it/s, v_num=t-12, loss/train=4.880]Epoch 0:   8%|▊         | 495/6208 [01:26<16:39,  5.71it/s, v_num=t-12, loss/train=4.580]Epoch 0:   8%|▊         | 496/6208 [01:26<16:38,  5.72it/s, v_num=t-12, loss/train=4.580]Epoch 0:   8%|▊         | 496/6208 [01:26<16:39,  5.72it/s, v_num=t-12, loss/train=5.110]Epoch 0:   8%|▊         | 497/6208 [01:26<16:38,  5.72it/s, v_num=t-12, loss/train=5.110]Epoch 0:   8%|▊         | 497/6208 [01:26<16:38,  5.72it/s, v_num=t-12, loss/train=5.020]Epoch 0:   8%|▊         | 498/6208 [01:27<16:38,  5.72it/s, v_num=t-12, loss/train=5.020]Epoch 0:   8%|▊         | 498/6208 [01:27<16:38,  5.72it/s, v_num=t-12, loss/train=5.170]Epoch 0:   8%|▊         | 499/6208 [01:27<16:37,  5.72it/s, v_num=t-12, loss/train=5.170]Epoch 0:   8%|▊         | 499/6208 [01:27<16:38,  5.72it/s, v_num=t-12, loss/train=4.870]Epoch 0:   8%|▊         | 500/6208 [01:27<16:37,  5.72it/s, v_num=t-12, loss/train=4.870]Epoch 0:   8%|▊         | 500/6208 [01:27<16:37,  5.72it/s, v_num=t-12, loss/train=5.530]Epoch 0:   8%|▊         | 501/6208 [01:27<16:37,  5.72it/s, v_num=t-12, loss/train=5.530]Epoch 0:   8%|▊         | 501/6208 [01:27<16:37,  5.72it/s, v_num=t-12, loss/train=5.830]Epoch 0:   8%|▊         | 502/6208 [01:27<16:36,  5.72it/s, v_num=t-12, loss/train=5.830]Epoch 0:   8%|▊         | 502/6208 [01:27<16:36,  5.72it/s, v_num=t-12, loss/train=5.900]Epoch 0:   8%|▊         | 503/6208 [01:27<16:36,  5.73it/s, v_num=t-12, loss/train=5.900]Epoch 0:   8%|▊         | 503/6208 [01:27<16:36,  5.73it/s, v_num=t-12, loss/train=5.640]Epoch 0:   8%|▊         | 504/6208 [01:27<16:35,  5.73it/s, v_num=t-12, loss/train=5.640]Epoch 0:   8%|▊         | 504/6208 [01:27<16:35,  5.73it/s, v_num=t-12, loss/train=5.520]Epoch 0:   8%|▊         | 505/6208 [01:28<16:35,  5.73it/s, v_num=t-12, loss/train=5.520]Epoch 0:   8%|▊         | 505/6208 [01:28<16:35,  5.73it/s, v_num=t-12, loss/train=5.240]Epoch 0:   8%|▊         | 506/6208 [01:28<16:34,  5.73it/s, v_num=t-12, loss/train=5.240]Epoch 0:   8%|▊         | 506/6208 [01:28<16:34,  5.73it/s, v_num=t-12, loss/train=5.010]Epoch 0:   8%|▊         | 507/6208 [01:28<16:34,  5.73it/s, v_num=t-12, loss/train=5.010]Epoch 0:   8%|▊         | 507/6208 [01:28<16:34,  5.73it/s, v_num=t-12, loss/train=4.900]Epoch 0:   8%|▊         | 508/6208 [01:28<16:33,  5.74it/s, v_num=t-12, loss/train=4.900]Epoch 0:   8%|▊         | 508/6208 [01:28<16:33,  5.73it/s, v_num=t-12, loss/train=4.150]Epoch 0:   8%|▊         | 509/6208 [01:28<16:33,  5.74it/s, v_num=t-12, loss/train=4.150]Epoch 0:   8%|▊         | 509/6208 [01:28<16:33,  5.74it/s, v_num=t-12, loss/train=5.220]Epoch 0:   8%|▊         | 510/6208 [01:28<16:32,  5.74it/s, v_num=t-12, loss/train=5.220]Epoch 0:   8%|▊         | 510/6208 [01:28<16:33,  5.74it/s, v_num=t-12, loss/train=4.540]Epoch 0:   8%|▊         | 511/6208 [01:29<16:32,  5.74it/s, v_num=t-12, loss/train=4.540]Epoch 0:   8%|▊         | 511/6208 [01:29<16:32,  5.74it/s, v_num=t-12, loss/train=4.630]Epoch 0:   8%|▊         | 512/6208 [01:29<16:32,  5.74it/s, v_num=t-12, loss/train=4.630]Epoch 0:   8%|▊         | 512/6208 [01:29<16:32,  5.74it/s, v_num=t-12, loss/train=5.120]Epoch 0:   8%|▊         | 513/6208 [01:29<16:32,  5.74it/s, v_num=t-12, loss/train=5.120]Epoch 0:   8%|▊         | 513/6208 [01:29<16:32,  5.74it/s, v_num=t-12, loss/train=4.840]Epoch 0:   8%|▊         | 514/6208 [01:29<16:31,  5.74it/s, v_num=t-12, loss/train=4.840]Epoch 0:   8%|▊         | 514/6208 [01:29<16:32,  5.74it/s, v_num=t-12, loss/train=4.880]Epoch 0:   8%|▊         | 515/6208 [01:29<16:31,  5.74it/s, v_num=t-12, loss/train=4.880]Epoch 0:   8%|▊         | 515/6208 [01:29<16:31,  5.74it/s, v_num=t-12, loss/train=5.220]Epoch 0:   8%|▊         | 516/6208 [01:29<16:31,  5.74it/s, v_num=t-12, loss/train=5.220]Epoch 0:   8%|▊         | 516/6208 [01:29<16:31,  5.74it/s, v_num=t-12, loss/train=5.220]Epoch 0:   8%|▊         | 517/6208 [01:30<16:31,  5.74it/s, v_num=t-12, loss/train=5.220]Epoch 0:   8%|▊         | 517/6208 [01:30<16:31,  5.74it/s, v_num=t-12, loss/train=5.480]Epoch 0:   8%|▊         | 518/6208 [01:30<16:30,  5.74it/s, v_num=t-12, loss/train=5.480]Epoch 0:   8%|▊         | 518/6208 [01:30<16:31,  5.74it/s, v_num=t-12, loss/train=5.550]Epoch 0:   8%|▊         | 519/6208 [01:30<16:30,  5.74it/s, v_num=t-12, loss/train=5.550]Epoch 0:   8%|▊         | 519/6208 [01:30<16:30,  5.74it/s, v_num=t-12, loss/train=5.880]Epoch 0:   8%|▊         | 520/6208 [01:30<16:30,  5.74it/s, v_num=t-12, loss/train=5.880]Epoch 0:   8%|▊         | 520/6208 [01:30<16:30,  5.74it/s, v_num=t-12, loss/train=5.840]Epoch 0:   8%|▊         | 521/6208 [01:30<16:29,  5.75it/s, v_num=t-12, loss/train=5.840]Epoch 0:   8%|▊         | 521/6208 [01:30<16:29,  5.75it/s, v_num=t-12, loss/train=4.460]Epoch 0:   8%|▊         | 522/6208 [01:30<16:29,  5.75it/s, v_num=t-12, loss/train=4.460]Epoch 0:   8%|▊         | 522/6208 [01:30<16:29,  5.74it/s, v_num=t-12, loss/train=6.160]Epoch 0:   8%|▊         | 523/6208 [01:30<16:29,  5.75it/s, v_num=t-12, loss/train=6.160]Epoch 0:   8%|▊         | 523/6208 [01:31<16:29,  5.75it/s, v_num=t-12, loss/train=5.850]Epoch 0:   8%|▊         | 524/6208 [01:31<16:28,  5.75it/s, v_num=t-12, loss/train=5.850]Epoch 0:   8%|▊         | 524/6208 [01:31<16:28,  5.75it/s, v_num=t-12, loss/train=4.460]Epoch 0:   8%|▊         | 525/6208 [01:31<16:28,  5.75it/s, v_num=t-12, loss/train=4.460]Epoch 0:   8%|▊         | 525/6208 [01:31<16:28,  5.75it/s, v_num=t-12, loss/train=5.200]Epoch 0:   8%|▊         | 526/6208 [01:31<16:27,  5.75it/s, v_num=t-12, loss/train=5.200]Epoch 0:   8%|▊         | 526/6208 [01:31<16:28,  5.75it/s, v_num=t-12, loss/train=4.250]Epoch 0:   8%|▊         | 527/6208 [01:31<16:27,  5.75it/s, v_num=t-12, loss/train=4.250]Epoch 0:   8%|▊         | 527/6208 [01:31<16:27,  5.75it/s, v_num=t-12, loss/train=5.050]Epoch 0:   9%|▊         | 528/6208 [01:31<16:27,  5.75it/s, v_num=t-12, loss/train=5.050]Epoch 0:   9%|▊         | 528/6208 [01:31<16:27,  5.75it/s, v_num=t-12, loss/train=5.290]Epoch 0:   9%|▊         | 529/6208 [01:31<16:26,  5.75it/s, v_num=t-12, loss/train=5.290]Epoch 0:   9%|▊         | 529/6208 [01:31<16:27,  5.75it/s, v_num=t-12, loss/train=4.850]Epoch 0:   9%|▊         | 530/6208 [01:32<16:26,  5.75it/s, v_num=t-12, loss/train=4.850]Epoch 0:   9%|▊         | 530/6208 [01:32<16:26,  5.75it/s, v_num=t-12, loss/train=5.460]Epoch 0:   9%|▊         | 531/6208 [01:32<16:26,  5.76it/s, v_num=t-12, loss/train=5.460]Epoch 0:   9%|▊         | 531/6208 [01:32<16:26,  5.76it/s, v_num=t-12, loss/train=5.310]Epoch 0:   9%|▊         | 532/6208 [01:32<16:25,  5.76it/s, v_num=t-12, loss/train=5.310]Epoch 0:   9%|▊         | 532/6208 [01:32<16:26,  5.76it/s, v_num=t-12, loss/train=5.540]Epoch 0:   9%|▊         | 533/6208 [01:32<16:25,  5.76it/s, v_num=t-12, loss/train=5.540]Epoch 0:   9%|▊         | 533/6208 [01:32<16:26,  5.76it/s, v_num=t-12, loss/train=5.220]Epoch 0:   9%|▊         | 534/6208 [01:32<16:25,  5.76it/s, v_num=t-12, loss/train=5.220]Epoch 0:   9%|▊         | 534/6208 [01:32<16:25,  5.76it/s, v_num=t-12, loss/train=5.840]Epoch 0:   9%|▊         | 535/6208 [01:32<16:25,  5.76it/s, v_num=t-12, loss/train=5.840]Epoch 0:   9%|▊         | 535/6208 [01:32<16:25,  5.76it/s, v_num=t-12, loss/train=5.670]Epoch 0:   9%|▊         | 536/6208 [01:33<16:24,  5.76it/s, v_num=t-12, loss/train=5.670]Epoch 0:   9%|▊         | 536/6208 [01:33<16:25,  5.76it/s, v_num=t-12, loss/train=5.460]Epoch 0:   9%|▊         | 537/6208 [01:33<16:26,  5.75it/s, v_num=t-12, loss/train=5.460]Epoch 0:   9%|▊         | 537/6208 [01:33<16:27,  5.75it/s, v_num=t-12, loss/train=5.060]Epoch 0:   9%|▊         | 538/6208 [01:33<16:26,  5.75it/s, v_num=t-12, loss/train=5.060]Epoch 0:   9%|▊         | 538/6208 [01:33<16:26,  5.75it/s, v_num=t-12, loss/train=5.150]Epoch 0:   9%|▊         | 539/6208 [01:33<16:26,  5.75it/s, v_num=t-12, loss/train=5.150]Epoch 0:   9%|▊         | 539/6208 [01:33<16:26,  5.75it/s, v_num=t-12, loss/train=4.720]Epoch 0:   9%|▊         | 540/6208 [01:33<16:25,  5.75it/s, v_num=t-12, loss/train=4.720]Epoch 0:   9%|▊         | 540/6208 [01:33<16:26,  5.75it/s, v_num=t-12, loss/train=4.820]Epoch 0:   9%|▊         | 541/6208 [01:34<16:25,  5.75it/s, v_num=t-12, loss/train=4.820]Epoch 0:   9%|▊         | 541/6208 [01:34<16:25,  5.75it/s, v_num=t-12, loss/train=4.990]Epoch 0:   9%|▊         | 542/6208 [01:34<16:24,  5.75it/s, v_num=t-12, loss/train=4.990]Epoch 0:   9%|▊         | 542/6208 [01:34<16:25,  5.75it/s, v_num=t-12, loss/train=4.830]Epoch 0:   9%|▊         | 543/6208 [01:34<16:24,  5.75it/s, v_num=t-12, loss/train=4.830]Epoch 0:   9%|▊         | 543/6208 [01:34<16:24,  5.75it/s, v_num=t-12, loss/train=4.600]Epoch 0:   9%|▉         | 544/6208 [01:34<16:24,  5.76it/s, v_num=t-12, loss/train=4.600]Epoch 0:   9%|▉         | 544/6208 [01:34<16:24,  5.75it/s, v_num=t-12, loss/train=4.740]Epoch 0:   9%|▉         | 545/6208 [01:34<16:24,  5.76it/s, v_num=t-12, loss/train=4.740]Epoch 0:   9%|▉         | 545/6208 [01:34<16:24,  5.75it/s, v_num=t-12, loss/train=4.780]Epoch 0:   9%|▉         | 546/6208 [01:34<16:23,  5.76it/s, v_num=t-12, loss/train=4.780]Epoch 0:   9%|▉         | 546/6208 [01:34<16:23,  5.76it/s, v_num=t-12, loss/train=5.140]Epoch 0:   9%|▉         | 547/6208 [01:35<16:23,  5.76it/s, v_num=t-12, loss/train=5.140]Epoch 0:   9%|▉         | 547/6208 [01:35<16:23,  5.76it/s, v_num=t-12, loss/train=5.170]Epoch 0:   9%|▉         | 548/6208 [01:35<16:23,  5.76it/s, v_num=t-12, loss/train=5.170]Epoch 0:   9%|▉         | 548/6208 [01:35<16:23,  5.76it/s, v_num=t-12, loss/train=5.100]Epoch 0:   9%|▉         | 549/6208 [01:35<16:22,  5.76it/s, v_num=t-12, loss/train=5.100]Epoch 0:   9%|▉         | 549/6208 [01:35<16:22,  5.76it/s, v_num=t-12, loss/train=4.950]Epoch 0:   9%|▉         | 550/6208 [01:35<16:22,  5.76it/s, v_num=t-12, loss/train=4.950]Epoch 0:   9%|▉         | 550/6208 [01:35<16:22,  5.76it/s, v_num=t-12, loss/train=4.710]Epoch 0:   9%|▉         | 551/6208 [01:35<16:22,  5.76it/s, v_num=t-12, loss/train=4.710]Epoch 0:   9%|▉         | 551/6208 [01:35<16:22,  5.76it/s, v_num=t-12, loss/train=4.800]Epoch 0:   9%|▉         | 552/6208 [01:35<16:21,  5.76it/s, v_num=t-12, loss/train=4.800]Epoch 0:   9%|▉         | 552/6208 [01:35<16:22,  5.76it/s, v_num=t-12, loss/train=5.140]Epoch 0:   9%|▉         | 553/6208 [01:35<16:21,  5.76it/s, v_num=t-12, loss/train=5.140]Epoch 0:   9%|▉         | 553/6208 [01:35<16:21,  5.76it/s, v_num=t-12, loss/train=4.760]Epoch 0:   9%|▉         | 554/6208 [01:36<16:20,  5.76it/s, v_num=t-12, loss/train=4.760]Epoch 0:   9%|▉         | 554/6208 [01:36<16:21,  5.76it/s, v_num=t-12, loss/train=5.140]Epoch 0:   9%|▉         | 555/6208 [01:36<16:20,  5.76it/s, v_num=t-12, loss/train=5.140]Epoch 0:   9%|▉         | 555/6208 [01:36<16:20,  5.76it/s, v_num=t-12, loss/train=4.600]Epoch 0:   9%|▉         | 556/6208 [01:36<16:20,  5.76it/s, v_num=t-12, loss/train=4.600]Epoch 0:   9%|▉         | 556/6208 [01:36<16:20,  5.76it/s, v_num=t-12, loss/train=4.710]Epoch 0:   9%|▉         | 557/6208 [01:36<16:20,  5.77it/s, v_num=t-12, loss/train=4.710]Epoch 0:   9%|▉         | 557/6208 [01:36<16:20,  5.76it/s, v_num=t-12, loss/train=5.070]Epoch 0:   9%|▉         | 558/6208 [01:36<16:19,  5.77it/s, v_num=t-12, loss/train=5.070]Epoch 0:   9%|▉         | 558/6208 [01:36<16:19,  5.77it/s, v_num=t-12, loss/train=5.540]Epoch 0:   9%|▉         | 559/6208 [01:36<16:19,  5.77it/s, v_num=t-12, loss/train=5.540]Epoch 0:   9%|▉         | 559/6208 [01:36<16:19,  5.77it/s, v_num=t-12, loss/train=5.040]Epoch 0:   9%|▉         | 560/6208 [01:37<16:18,  5.77it/s, v_num=t-12, loss/train=5.040]Epoch 0:   9%|▉         | 560/6208 [01:37<16:19,  5.77it/s, v_num=t-12, loss/train=4.650]Epoch 0:   9%|▉         | 561/6208 [01:37<16:18,  5.77it/s, v_num=t-12, loss/train=4.650]Epoch 0:   9%|▉         | 561/6208 [01:37<16:19,  5.77it/s, v_num=t-12, loss/train=4.730]Epoch 0:   9%|▉         | 562/6208 [01:37<16:18,  5.77it/s, v_num=t-12, loss/train=4.730]Epoch 0:   9%|▉         | 562/6208 [01:37<16:18,  5.77it/s, v_num=t-12, loss/train=4.500]Epoch 0:   9%|▉         | 563/6208 [01:37<16:18,  5.77it/s, v_num=t-12, loss/train=4.500]Epoch 0:   9%|▉         | 563/6208 [01:37<16:18,  5.77it/s, v_num=t-12, loss/train=5.210]Epoch 0:   9%|▉         | 564/6208 [01:37<16:17,  5.77it/s, v_num=t-12, loss/train=5.210]Epoch 0:   9%|▉         | 564/6208 [01:37<16:17,  5.77it/s, v_num=t-12, loss/train=5.300]Epoch 0:   9%|▉         | 565/6208 [01:37<16:17,  5.77it/s, v_num=t-12, loss/train=5.300]Epoch 0:   9%|▉         | 565/6208 [01:37<16:17,  5.77it/s, v_num=t-12, loss/train=5.230]Epoch 0:   9%|▉         | 566/6208 [01:38<16:17,  5.77it/s, v_num=t-12, loss/train=5.230]Epoch 0:   9%|▉         | 566/6208 [01:38<16:17,  5.77it/s, v_num=t-12, loss/train=5.090]Epoch 0:   9%|▉         | 567/6208 [01:38<16:16,  5.77it/s, v_num=t-12, loss/train=5.090]Epoch 0:   9%|▉         | 567/6208 [01:38<16:17,  5.77it/s, v_num=t-12, loss/train=4.710]Epoch 0:   9%|▉         | 568/6208 [01:38<16:16,  5.77it/s, v_num=t-12, loss/train=4.710]Epoch 0:   9%|▉         | 568/6208 [01:38<16:16,  5.77it/s, v_num=t-12, loss/train=5.390]Epoch 0:   9%|▉         | 569/6208 [01:38<16:16,  5.78it/s, v_num=t-12, loss/train=5.390]Epoch 0:   9%|▉         | 569/6208 [01:38<16:16,  5.77it/s, v_num=t-12, loss/train=4.780]Epoch 0:   9%|▉         | 570/6208 [01:38<16:16,  5.78it/s, v_num=t-12, loss/train=4.780]Epoch 0:   9%|▉         | 570/6208 [01:38<16:16,  5.77it/s, v_num=t-12, loss/train=4.520]Epoch 0:   9%|▉         | 571/6208 [01:38<16:16,  5.77it/s, v_num=t-12, loss/train=4.520]Epoch 0:   9%|▉         | 571/6208 [01:38<16:16,  5.77it/s, v_num=t-12, loss/train=4.970]Epoch 0:   9%|▉         | 572/6208 [01:39<16:16,  5.77it/s, v_num=t-12, loss/train=4.970]Epoch 0:   9%|▉         | 572/6208 [01:39<16:16,  5.77it/s, v_num=t-12, loss/train=4.450]Epoch 0:   9%|▉         | 573/6208 [01:39<16:15,  5.77it/s, v_num=t-12, loss/train=4.450]Epoch 0:   9%|▉         | 573/6208 [01:39<16:15,  5.77it/s, v_num=t-12, loss/train=5.040]Epoch 0:   9%|▉         | 574/6208 [01:39<16:15,  5.78it/s, v_num=t-12, loss/train=5.040]Epoch 0:   9%|▉         | 574/6208 [01:39<16:15,  5.77it/s, v_num=t-12, loss/train=5.510]Epoch 0:   9%|▉         | 575/6208 [01:39<16:15,  5.78it/s, v_num=t-12, loss/train=5.510]Epoch 0:   9%|▉         | 575/6208 [01:39<16:15,  5.77it/s, v_num=t-12, loss/train=5.810]Epoch 0:   9%|▉         | 576/6208 [01:39<16:14,  5.78it/s, v_num=t-12, loss/train=5.810]Epoch 0:   9%|▉         | 576/6208 [01:39<16:15,  5.78it/s, v_num=t-12, loss/train=5.480]Epoch 0:   9%|▉         | 577/6208 [01:39<16:14,  5.78it/s, v_num=t-12, loss/train=5.480]Epoch 0:   9%|▉         | 577/6208 [01:39<16:14,  5.78it/s, v_num=t-12, loss/train=4.540]Epoch 0:   9%|▉         | 578/6208 [01:40<16:14,  5.78it/s, v_num=t-12, loss/train=4.540]Epoch 0:   9%|▉         | 578/6208 [01:40<16:14,  5.78it/s, v_num=t-12, loss/train=5.310]Epoch 0:   9%|▉         | 579/6208 [01:40<16:13,  5.78it/s, v_num=t-12, loss/train=5.310]Epoch 0:   9%|▉         | 579/6208 [01:40<16:14,  5.78it/s, v_num=t-12, loss/train=4.360]Epoch 0:   9%|▉         | 580/6208 [01:40<16:13,  5.78it/s, v_num=t-12, loss/train=4.360]Epoch 0:   9%|▉         | 580/6208 [01:40<16:14,  5.78it/s, v_num=t-12, loss/train=5.030]Epoch 0:   9%|▉         | 581/6208 [01:40<16:13,  5.78it/s, v_num=t-12, loss/train=5.030]Epoch 0:   9%|▉         | 581/6208 [01:40<16:13,  5.78it/s, v_num=t-12, loss/train=5.380]Epoch 0:   9%|▉         | 582/6208 [01:40<16:13,  5.78it/s, v_num=t-12, loss/train=5.380]Epoch 0:   9%|▉         | 582/6208 [01:40<16:13,  5.78it/s, v_num=t-12, loss/train=5.640]Epoch 0:   9%|▉         | 583/6208 [01:40<16:12,  5.78it/s, v_num=t-12, loss/train=5.640]Epoch 0:   9%|▉         | 583/6208 [01:40<16:12,  5.78it/s, v_num=t-12, loss/train=5.120]Epoch 0:   9%|▉         | 584/6208 [01:40<16:12,  5.78it/s, v_num=t-12, loss/train=5.120]Epoch 0:   9%|▉         | 584/6208 [01:40<16:12,  5.78it/s, v_num=t-12, loss/train=5.400]Epoch 0:   9%|▉         | 585/6208 [01:41<16:12,  5.78it/s, v_num=t-12, loss/train=5.400]Epoch 0:   9%|▉         | 585/6208 [01:41<16:12,  5.78it/s, v_num=t-12, loss/train=4.420]Epoch 0:   9%|▉         | 586/6208 [01:41<16:14,  5.77it/s, v_num=t-12, loss/train=4.420]Epoch 0:   9%|▉         | 586/6208 [01:41<16:14,  5.77it/s, v_num=t-12, loss/train=4.900]Epoch 0:   9%|▉         | 587/6208 [01:41<16:13,  5.77it/s, v_num=t-12, loss/train=4.900]Epoch 0:   9%|▉         | 587/6208 [01:41<16:13,  5.77it/s, v_num=t-12, loss/train=5.170]Epoch 0:   9%|▉         | 588/6208 [01:41<16:12,  5.78it/s, v_num=t-12, loss/train=5.170]Epoch 0:   9%|▉         | 588/6208 [01:41<16:12,  5.78it/s, v_num=t-12, loss/train=5.480]Epoch 0:   9%|▉         | 589/6208 [01:41<16:12,  5.78it/s, v_num=t-12, loss/train=5.480]Epoch 0:   9%|▉         | 589/6208 [01:41<16:12,  5.78it/s, v_num=t-12, loss/train=5.730]Epoch 0:  10%|▉         | 590/6208 [01:42<16:12,  5.78it/s, v_num=t-12, loss/train=5.730]Epoch 0:  10%|▉         | 590/6208 [01:42<16:12,  5.78it/s, v_num=t-12, loss/train=5.080]Epoch 0:  10%|▉         | 591/6208 [01:42<16:11,  5.78it/s, v_num=t-12, loss/train=5.080]Epoch 0:  10%|▉         | 591/6208 [01:42<16:12,  5.78it/s, v_num=t-12, loss/train=4.350]Epoch 0:  10%|▉         | 592/6208 [01:42<16:11,  5.78it/s, v_num=t-12, loss/train=4.350]Epoch 0:  10%|▉         | 592/6208 [01:42<16:11,  5.78it/s, v_num=t-12, loss/train=5.520]Epoch 0:  10%|▉         | 593/6208 [01:42<16:11,  5.78it/s, v_num=t-12, loss/train=5.520]Epoch 0:  10%|▉         | 593/6208 [01:42<16:11,  5.78it/s, v_num=t-12, loss/train=5.240]Epoch 0:  10%|▉         | 594/6208 [01:42<16:11,  5.78it/s, v_num=t-12, loss/train=5.240]Epoch 0:  10%|▉         | 594/6208 [01:42<16:11,  5.78it/s, v_num=t-12, loss/train=4.600]Epoch 0:  10%|▉         | 595/6208 [01:42<16:10,  5.78it/s, v_num=t-12, loss/train=4.600]Epoch 0:  10%|▉         | 595/6208 [01:42<16:10,  5.78it/s, v_num=t-12, loss/train=5.410]Epoch 0:  10%|▉         | 596/6208 [01:43<16:10,  5.78it/s, v_num=t-12, loss/train=5.410]Epoch 0:  10%|▉         | 596/6208 [01:43<16:10,  5.78it/s, v_num=t-12, loss/train=4.900]Epoch 0:  10%|▉         | 597/6208 [01:43<16:09,  5.78it/s, v_num=t-12, loss/train=4.900]Epoch 0:  10%|▉         | 597/6208 [01:43<16:10,  5.78it/s, v_num=t-12, loss/train=5.310]Epoch 0:  10%|▉         | 598/6208 [01:43<16:09,  5.79it/s, v_num=t-12, loss/train=5.310]Epoch 0:  10%|▉         | 598/6208 [01:43<16:09,  5.79it/s, v_num=t-12, loss/train=5.550]Epoch 0:  10%|▉         | 599/6208 [01:43<16:09,  5.79it/s, v_num=t-12, loss/train=5.550]Epoch 0:  10%|▉         | 599/6208 [01:43<16:09,  5.79it/s, v_num=t-12, loss/train=4.460]Epoch 0:  10%|▉         | 600/6208 [01:43<16:08,  5.79it/s, v_num=t-12, loss/train=4.460]Epoch 0:  10%|▉         | 600/6208 [01:43<16:08,  5.79it/s, v_num=t-12, loss/train=5.260]Epoch 0:  10%|▉         | 601/6208 [01:43<16:08,  5.79it/s, v_num=t-12, loss/train=5.260]Epoch 0:  10%|▉         | 601/6208 [01:43<16:08,  5.79it/s, v_num=t-12, loss/train=5.400]Epoch 0:  10%|▉         | 602/6208 [01:44<16:08,  5.79it/s, v_num=t-12, loss/train=5.400]Epoch 0:  10%|▉         | 602/6208 [01:44<16:08,  5.79it/s, v_num=t-12, loss/train=5.190]Epoch 0:  10%|▉         | 603/6208 [01:44<16:08,  5.79it/s, v_num=t-12, loss/train=5.190]Epoch 0:  10%|▉         | 603/6208 [01:44<16:08,  5.79it/s, v_num=t-12, loss/train=5.420]Epoch 0:  10%|▉         | 604/6208 [01:44<16:07,  5.79it/s, v_num=t-12, loss/train=5.420]Epoch 0:  10%|▉         | 604/6208 [01:44<16:08,  5.79it/s, v_num=t-12, loss/train=4.860]Epoch 0:  10%|▉         | 605/6208 [01:44<16:07,  5.79it/s, v_num=t-12, loss/train=4.860]Epoch 0:  10%|▉         | 605/6208 [01:44<16:07,  5.79it/s, v_num=t-12, loss/train=4.310]Epoch 0:  10%|▉         | 606/6208 [01:44<16:07,  5.79it/s, v_num=t-12, loss/train=4.310]Epoch 0:  10%|▉         | 606/6208 [01:44<16:07,  5.79it/s, v_num=t-12, loss/train=4.470]Epoch 0:  10%|▉         | 607/6208 [01:44<16:07,  5.79it/s, v_num=t-12, loss/train=4.470]Epoch 0:  10%|▉         | 607/6208 [01:44<16:07,  5.79it/s, v_num=t-12, loss/train=4.250]Epoch 0:  10%|▉         | 608/6208 [01:44<16:07,  5.79it/s, v_num=t-12, loss/train=4.250]Epoch 0:  10%|▉         | 608/6208 [01:45<16:07,  5.79it/s, v_num=t-12, loss/train=4.560]Epoch 0:  10%|▉         | 609/6208 [01:45<16:06,  5.79it/s, v_num=t-12, loss/train=4.560]Epoch 0:  10%|▉         | 609/6208 [01:45<16:06,  5.79it/s, v_num=t-12, loss/train=4.400]Epoch 0:  10%|▉         | 610/6208 [01:45<16:06,  5.79it/s, v_num=t-12, loss/train=4.400]Epoch 0:  10%|▉         | 610/6208 [01:45<16:06,  5.79it/s, v_num=t-12, loss/train=5.370]Epoch 0:  10%|▉         | 611/6208 [01:45<16:05,  5.79it/s, v_num=t-12, loss/train=5.370]Epoch 0:  10%|▉         | 611/6208 [01:45<16:06,  5.79it/s, v_num=t-12, loss/train=4.720]Epoch 0:  10%|▉         | 612/6208 [01:45<16:05,  5.79it/s, v_num=t-12, loss/train=4.720]Epoch 0:  10%|▉         | 612/6208 [01:45<16:05,  5.79it/s, v_num=t-12, loss/train=5.390]Epoch 0:  10%|▉         | 613/6208 [01:45<16:05,  5.80it/s, v_num=t-12, loss/train=5.390]Epoch 0:  10%|▉         | 613/6208 [01:45<16:05,  5.79it/s, v_num=t-12, loss/train=5.580]Epoch 0:  10%|▉         | 614/6208 [01:45<16:05,  5.80it/s, v_num=t-12, loss/train=5.580]Epoch 0:  10%|▉         | 614/6208 [01:45<16:05,  5.80it/s, v_num=t-12, loss/train=5.250]Epoch 0:  10%|▉         | 615/6208 [01:46<16:04,  5.80it/s, v_num=t-12, loss/train=5.250]Epoch 0:  10%|▉         | 615/6208 [01:46<16:04,  5.80it/s, v_num=t-12, loss/train=4.720]Epoch 0:  10%|▉         | 616/6208 [01:46<16:04,  5.80it/s, v_num=t-12, loss/train=4.720]Epoch 0:  10%|▉         | 616/6208 [01:46<16:04,  5.80it/s, v_num=t-12, loss/train=4.790]Epoch 0:  10%|▉         | 617/6208 [01:46<16:04,  5.80it/s, v_num=t-12, loss/train=4.790]Epoch 0:  10%|▉         | 617/6208 [01:46<16:04,  5.80it/s, v_num=t-12, loss/train=4.510]Epoch 0:  10%|▉         | 618/6208 [01:46<16:04,  5.80it/s, v_num=t-12, loss/train=4.510]Epoch 0:  10%|▉         | 618/6208 [01:46<16:04,  5.80it/s, v_num=t-12, loss/train=5.120]Epoch 0:  10%|▉         | 619/6208 [01:46<16:03,  5.80it/s, v_num=t-12, loss/train=5.120]Epoch 0:  10%|▉         | 619/6208 [01:46<16:04,  5.80it/s, v_num=t-12, loss/train=4.410]Epoch 0:  10%|▉         | 620/6208 [01:46<16:03,  5.80it/s, v_num=t-12, loss/train=4.410]Epoch 0:  10%|▉         | 620/6208 [01:46<16:03,  5.80it/s, v_num=t-12, loss/train=4.950]Epoch 0:  10%|█         | 621/6208 [01:47<16:03,  5.80it/s, v_num=t-12, loss/train=4.950]Epoch 0:  10%|█         | 621/6208 [01:47<16:03,  5.80it/s, v_num=t-12, loss/train=4.770]Epoch 0:  10%|█         | 622/6208 [01:47<16:02,  5.80it/s, v_num=t-12, loss/train=4.770]Epoch 0:  10%|█         | 622/6208 [01:47<16:03,  5.80it/s, v_num=t-12, loss/train=4.270]Epoch 0:  10%|█         | 623/6208 [01:47<16:02,  5.80it/s, v_num=t-12, loss/train=4.270]Epoch 0:  10%|█         | 623/6208 [01:47<16:02,  5.80it/s, v_num=t-12, loss/train=4.940]Epoch 0:  10%|█         | 624/6208 [01:47<16:02,  5.80it/s, v_num=t-12, loss/train=4.940]Epoch 0:  10%|█         | 624/6208 [01:47<16:02,  5.80it/s, v_num=t-12, loss/train=4.410]Epoch 0:  10%|█         | 625/6208 [01:47<16:02,  5.80it/s, v_num=t-12, loss/train=4.410]Epoch 0:  10%|█         | 625/6208 [01:47<16:02,  5.80it/s, v_num=t-12, loss/train=5.270]Epoch 0:  10%|█         | 626/6208 [01:47<16:01,  5.80it/s, v_num=t-12, loss/train=5.270]Epoch 0:  10%|█         | 626/6208 [01:47<16:02,  5.80it/s, v_num=t-12, loss/train=4.540]Epoch 0:  10%|█         | 627/6208 [01:48<16:01,  5.80it/s, v_num=t-12, loss/train=4.540]Epoch 0:  10%|█         | 627/6208 [01:48<16:01,  5.80it/s, v_num=t-12, loss/train=4.860]Epoch 0:  10%|█         | 628/6208 [01:48<16:01,  5.80it/s, v_num=t-12, loss/train=4.860]Epoch 0:  10%|█         | 628/6208 [01:48<16:01,  5.80it/s, v_num=t-12, loss/train=4.700]Epoch 0:  10%|█         | 629/6208 [01:48<16:01,  5.80it/s, v_num=t-12, loss/train=4.700]Epoch 0:  10%|█         | 629/6208 [01:48<16:01,  5.80it/s, v_num=t-12, loss/train=4.430]Epoch 0:  10%|█         | 630/6208 [01:48<16:00,  5.81it/s, v_num=t-12, loss/train=4.430]Epoch 0:  10%|█         | 630/6208 [01:48<16:00,  5.80it/s, v_num=t-12, loss/train=5.150]Epoch 0:  10%|█         | 631/6208 [01:48<16:02,  5.79it/s, v_num=t-12, loss/train=5.150]Epoch 0:  10%|█         | 631/6208 [01:48<16:02,  5.79it/s, v_num=t-12, loss/train=5.140]Epoch 0:  10%|█         | 632/6208 [01:49<16:02,  5.80it/s, v_num=t-12, loss/train=5.140]Epoch 0:  10%|█         | 632/6208 [01:49<16:02,  5.79it/s, v_num=t-12, loss/train=4.530]Epoch 0:  10%|█         | 633/6208 [01:49<16:01,  5.80it/s, v_num=t-12, loss/train=4.530]Epoch 0:  10%|█         | 633/6208 [01:49<16:01,  5.80it/s, v_num=t-12, loss/train=4.680]Epoch 0:  10%|█         | 634/6208 [01:49<16:01,  5.80it/s, v_num=t-12, loss/train=4.680]Epoch 0:  10%|█         | 634/6208 [01:49<16:01,  5.80it/s, v_num=t-12, loss/train=4.580]Epoch 0:  10%|█         | 635/6208 [01:49<16:01,  5.80it/s, v_num=t-12, loss/train=4.580]Epoch 0:  10%|█         | 635/6208 [01:49<16:01,  5.80it/s, v_num=t-12, loss/train=4.950]Epoch 0:  10%|█         | 636/6208 [01:49<16:00,  5.80it/s, v_num=t-12, loss/train=4.950]Epoch 0:  10%|█         | 636/6208 [01:49<16:01,  5.80it/s, v_num=t-12, loss/train=4.890]Epoch 0:  10%|█         | 637/6208 [01:49<16:00,  5.80it/s, v_num=t-12, loss/train=4.890]Epoch 0:  10%|█         | 637/6208 [01:49<16:00,  5.80it/s, v_num=t-12, loss/train=4.590]Epoch 0:  10%|█         | 638/6208 [01:49<16:00,  5.80it/s, v_num=t-12, loss/train=4.590]Epoch 0:  10%|█         | 638/6208 [01:49<16:00,  5.80it/s, v_num=t-12, loss/train=5.230]Epoch 0:  10%|█         | 639/6208 [01:50<15:59,  5.80it/s, v_num=t-12, loss/train=5.230]Epoch 0:  10%|█         | 639/6208 [01:50<16:00,  5.80it/s, v_num=t-12, loss/train=4.360]Epoch 0:  10%|█         | 640/6208 [01:50<15:59,  5.80it/s, v_num=t-12, loss/train=4.360]Epoch 0:  10%|█         | 640/6208 [01:50<16:00,  5.80it/s, v_num=t-12, loss/train=4.450]Epoch 0:  10%|█         | 641/6208 [01:50<15:59,  5.80it/s, v_num=t-12, loss/train=4.450]Epoch 0:  10%|█         | 641/6208 [01:50<15:59,  5.80it/s, v_num=t-12, loss/train=4.330]Epoch 0:  10%|█         | 642/6208 [01:50<15:59,  5.80it/s, v_num=t-12, loss/train=4.330]Epoch 0:  10%|█         | 642/6208 [01:50<15:59,  5.80it/s, v_num=t-12, loss/train=4.540]Epoch 0:  10%|█         | 643/6208 [01:50<15:58,  5.80it/s, v_num=t-12, loss/train=4.540]Epoch 0:  10%|█         | 643/6208 [01:50<15:58,  5.80it/s, v_num=t-12, loss/train=4.870]Epoch 0:  10%|█         | 644/6208 [01:50<15:58,  5.80it/s, v_num=t-12, loss/train=4.870]Epoch 0:  10%|█         | 644/6208 [01:50<15:58,  5.80it/s, v_num=t-12, loss/train=4.740]Epoch 0:  10%|█         | 645/6208 [01:51<15:58,  5.80it/s, v_num=t-12, loss/train=4.740]Epoch 0:  10%|█         | 645/6208 [01:51<15:58,  5.80it/s, v_num=t-12, loss/train=4.210]Epoch 0:  10%|█         | 646/6208 [01:51<15:58,  5.81it/s, v_num=t-12, loss/train=4.210]Epoch 0:  10%|█         | 646/6208 [01:51<15:58,  5.81it/s, v_num=t-12, loss/train=5.330]Epoch 0:  10%|█         | 647/6208 [01:51<15:57,  5.81it/s, v_num=t-12, loss/train=5.330]Epoch 0:  10%|█         | 647/6208 [01:51<15:57,  5.81it/s, v_num=t-12, loss/train=4.530]Epoch 0:  10%|█         | 648/6208 [01:51<15:57,  5.81it/s, v_num=t-12, loss/train=4.530]Epoch 0:  10%|█         | 648/6208 [01:51<15:57,  5.81it/s, v_num=t-12, loss/train=4.340]Epoch 0:  10%|█         | 649/6208 [01:51<15:57,  5.81it/s, v_num=t-12, loss/train=4.340]Epoch 0:  10%|█         | 649/6208 [01:51<15:57,  5.81it/s, v_num=t-12, loss/train=5.070]Epoch 0:  10%|█         | 650/6208 [01:51<15:56,  5.81it/s, v_num=t-12, loss/train=5.070]Epoch 0:  10%|█         | 650/6208 [01:51<15:57,  5.81it/s, v_num=t-12, loss/train=4.930]Epoch 0:  10%|█         | 651/6208 [01:52<15:56,  5.81it/s, v_num=t-12, loss/train=4.930]Epoch 0:  10%|█         | 651/6208 [01:52<15:56,  5.81it/s, v_num=t-12, loss/train=4.360]Epoch 0:  11%|█         | 652/6208 [01:52<15:56,  5.81it/s, v_num=t-12, loss/train=4.360]Epoch 0:  11%|█         | 652/6208 [01:52<15:56,  5.81it/s, v_num=t-12, loss/train=4.480]Epoch 0:  11%|█         | 653/6208 [01:52<15:56,  5.81it/s, v_num=t-12, loss/train=4.480]Epoch 0:  11%|█         | 653/6208 [01:52<15:56,  5.81it/s, v_num=t-12, loss/train=5.070]Epoch 0:  11%|█         | 654/6208 [01:52<15:55,  5.81it/s, v_num=t-12, loss/train=5.070]Epoch 0:  11%|█         | 654/6208 [01:52<15:56,  5.81it/s, v_num=t-12, loss/train=4.690]Epoch 0:  11%|█         | 655/6208 [01:52<15:55,  5.81it/s, v_num=t-12, loss/train=4.690]Epoch 0:  11%|█         | 655/6208 [01:52<15:55,  5.81it/s, v_num=t-12, loss/train=4.770]Epoch 0:  11%|█         | 656/6208 [01:53<15:57,  5.80it/s, v_num=t-12, loss/train=4.770]Epoch 0:  11%|█         | 656/6208 [01:53<15:57,  5.80it/s, v_num=t-12, loss/train=5.080]Epoch 0:  11%|█         | 657/6208 [01:53<15:57,  5.80it/s, v_num=t-12, loss/train=5.080]Epoch 0:  11%|█         | 657/6208 [01:53<15:57,  5.80it/s, v_num=t-12, loss/train=4.330]Epoch 0:  11%|█         | 658/6208 [01:53<15:58,  5.79it/s, v_num=t-12, loss/train=4.330]Epoch 0:  11%|█         | 658/6208 [01:53<15:59,  5.79it/s, v_num=t-12, loss/train=4.370]Epoch 0:  11%|█         | 659/6208 [01:53<15:58,  5.79it/s, v_num=t-12, loss/train=4.370]Epoch 0:  11%|█         | 659/6208 [01:53<15:58,  5.79it/s, v_num=t-12, loss/train=4.370]Epoch 0:  11%|█         | 660/6208 [01:53<15:58,  5.79it/s, v_num=t-12, loss/train=4.370]Epoch 0:  11%|█         | 660/6208 [01:54<15:58,  5.79it/s, v_num=t-12, loss/train=4.660]Epoch 0:  11%|█         | 661/6208 [01:54<15:57,  5.79it/s, v_num=t-12, loss/train=4.660]Epoch 0:  11%|█         | 661/6208 [01:54<15:58,  5.79it/s, v_num=t-12, loss/train=4.910]Epoch 0:  11%|█         | 662/6208 [01:54<15:57,  5.79it/s, v_num=t-12, loss/train=4.910]Epoch 0:  11%|█         | 662/6208 [01:54<15:57,  5.79it/s, v_num=t-12, loss/train=5.390]Epoch 0:  11%|█         | 663/6208 [01:54<15:57,  5.79it/s, v_num=t-12, loss/train=5.390]Epoch 0:  11%|█         | 663/6208 [01:54<15:57,  5.79it/s, v_num=t-12, loss/train=4.590]Epoch 0:  11%|█         | 664/6208 [01:54<15:57,  5.79it/s, v_num=t-12, loss/train=4.590]Epoch 0:  11%|█         | 664/6208 [01:54<15:57,  5.79it/s, v_num=t-12, loss/train=4.570]Epoch 0:  11%|█         | 665/6208 [01:54<15:56,  5.79it/s, v_num=t-12, loss/train=4.570]Epoch 0:  11%|█         | 665/6208 [01:54<15:56,  5.79it/s, v_num=t-12, loss/train=4.570]Epoch 0:  11%|█         | 666/6208 [01:54<15:56,  5.80it/s, v_num=t-12, loss/train=4.570]Epoch 0:  11%|█         | 666/6208 [01:54<15:56,  5.79it/s, v_num=t-12, loss/train=4.390]Epoch 0:  11%|█         | 667/6208 [01:55<15:56,  5.80it/s, v_num=t-12, loss/train=4.390]Epoch 0:  11%|█         | 667/6208 [01:55<15:56,  5.80it/s, v_num=t-12, loss/train=4.880]Epoch 0:  11%|█         | 668/6208 [01:55<15:55,  5.80it/s, v_num=t-12, loss/train=4.880]Epoch 0:  11%|█         | 668/6208 [01:55<15:55,  5.80it/s, v_num=t-12, loss/train=4.700]Epoch 0:  11%|█         | 669/6208 [01:55<15:55,  5.80it/s, v_num=t-12, loss/train=4.700]Epoch 0:  11%|█         | 669/6208 [01:55<15:55,  5.80it/s, v_num=t-12, loss/train=4.780]Epoch 0:  11%|█         | 670/6208 [01:55<15:55,  5.80it/s, v_num=t-12, loss/train=4.780]Epoch 0:  11%|█         | 670/6208 [01:55<15:55,  5.80it/s, v_num=t-12, loss/train=4.470]Epoch 0:  11%|█         | 671/6208 [01:55<15:55,  5.80it/s, v_num=t-12, loss/train=4.470]Epoch 0:  11%|█         | 671/6208 [01:55<15:55,  5.80it/s, v_num=t-12, loss/train=4.990]Epoch 0:  11%|█         | 672/6208 [01:55<15:54,  5.80it/s, v_num=t-12, loss/train=4.990]Epoch 0:  11%|█         | 672/6208 [01:55<15:54,  5.80it/s, v_num=t-12, loss/train=4.500]Epoch 0:  11%|█         | 673/6208 [01:56<15:54,  5.80it/s, v_num=t-12, loss/train=4.500]Epoch 0:  11%|█         | 673/6208 [01:56<15:54,  5.80it/s, v_num=t-12, loss/train=4.860]Epoch 0:  11%|█         | 674/6208 [01:56<15:54,  5.80it/s, v_num=t-12, loss/train=4.860]Epoch 0:  11%|█         | 674/6208 [01:56<15:54,  5.80it/s, v_num=t-12, loss/train=4.780]Epoch 0:  11%|█         | 675/6208 [01:56<15:54,  5.80it/s, v_num=t-12, loss/train=4.780]Epoch 0:  11%|█         | 675/6208 [01:56<15:54,  5.80it/s, v_num=t-12, loss/train=4.890]Epoch 0:  11%|█         | 676/6208 [01:56<15:53,  5.80it/s, v_num=t-12, loss/train=4.890]Epoch 0:  11%|█         | 676/6208 [01:56<15:54,  5.80it/s, v_num=t-12, loss/train=4.460]Epoch 0:  11%|█         | 677/6208 [01:56<15:53,  5.80it/s, v_num=t-12, loss/train=4.460]Epoch 0:  11%|█         | 677/6208 [01:56<15:53,  5.80it/s, v_num=t-12, loss/train=4.670]Epoch 0:  11%|█         | 678/6208 [01:56<15:53,  5.80it/s, v_num=t-12, loss/train=4.670]Epoch 0:  11%|█         | 678/6208 [01:56<15:53,  5.80it/s, v_num=t-12, loss/train=4.770]Epoch 0:  11%|█         | 679/6208 [01:57<15:52,  5.80it/s, v_num=t-12, loss/train=4.770]Epoch 0:  11%|█         | 679/6208 [01:57<15:52,  5.80it/s, v_num=t-12, loss/train=4.980]Epoch 0:  11%|█         | 680/6208 [01:57<15:52,  5.80it/s, v_num=t-12, loss/train=4.980]Epoch 0:  11%|█         | 680/6208 [01:57<15:52,  5.80it/s, v_num=t-12, loss/train=4.820]Epoch 0:  11%|█         | 681/6208 [01:57<15:52,  5.81it/s, v_num=t-12, loss/train=4.820]Epoch 0:  11%|█         | 681/6208 [01:57<15:52,  5.80it/s, v_num=t-12, loss/train=4.260]Epoch 0:  11%|█         | 682/6208 [01:57<15:51,  5.80it/s, v_num=t-12, loss/train=4.260]Epoch 0:  11%|█         | 682/6208 [01:57<15:52,  5.80it/s, v_num=t-12, loss/train=4.620]Epoch 0:  11%|█         | 683/6208 [01:57<15:51,  5.81it/s, v_num=t-12, loss/train=4.620]Epoch 0:  11%|█         | 683/6208 [01:57<15:51,  5.81it/s, v_num=t-12, loss/train=4.360]Epoch 0:  11%|█         | 684/6208 [01:57<15:51,  5.81it/s, v_num=t-12, loss/train=4.360]Epoch 0:  11%|█         | 684/6208 [01:57<15:51,  5.81it/s, v_num=t-12, loss/train=4.460]Epoch 0:  11%|█         | 685/6208 [01:57<15:50,  5.81it/s, v_num=t-12, loss/train=4.460]Epoch 0:  11%|█         | 685/6208 [01:57<15:51,  5.81it/s, v_num=t-12, loss/train=4.690]Epoch 0:  11%|█         | 686/6208 [01:58<15:50,  5.81it/s, v_num=t-12, loss/train=4.690]Epoch 0:  11%|█         | 686/6208 [01:58<15:50,  5.81it/s, v_num=t-12, loss/train=4.200]Epoch 0:  11%|█         | 687/6208 [01:58<15:52,  5.80it/s, v_num=t-12, loss/train=4.200]Epoch 0:  11%|█         | 687/6208 [01:58<15:52,  5.80it/s, v_num=t-12, loss/train=4.060]Epoch 0:  11%|█         | 688/6208 [01:58<15:51,  5.80it/s, v_num=t-12, loss/train=4.060]Epoch 0:  11%|█         | 688/6208 [01:58<15:52,  5.80it/s, v_num=t-12, loss/train=4.680]Epoch 0:  11%|█         | 689/6208 [01:58<15:51,  5.80it/s, v_num=t-12, loss/train=4.680]Epoch 0:  11%|█         | 689/6208 [01:58<15:51,  5.80it/s, v_num=t-12, loss/train=4.700]Epoch 0:  11%|█         | 690/6208 [01:58<15:51,  5.80it/s, v_num=t-12, loss/train=4.700]Epoch 0:  11%|█         | 690/6208 [01:58<15:51,  5.80it/s, v_num=t-12, loss/train=4.630]Epoch 0:  11%|█         | 691/6208 [01:59<15:51,  5.80it/s, v_num=t-12, loss/train=4.630]Epoch 0:  11%|█         | 691/6208 [01:59<15:51,  5.80it/s, v_num=t-12, loss/train=4.460]Epoch 0:  11%|█         | 692/6208 [01:59<15:50,  5.80it/s, v_num=t-12, loss/train=4.460]Epoch 0:  11%|█         | 692/6208 [01:59<15:50,  5.80it/s, v_num=t-12, loss/train=4.820]Epoch 0:  11%|█         | 693/6208 [01:59<15:50,  5.80it/s, v_num=t-12, loss/train=4.820]Epoch 0:  11%|█         | 693/6208 [01:59<15:50,  5.80it/s, v_num=t-12, loss/train=4.300]Epoch 0:  11%|█         | 694/6208 [01:59<15:50,  5.80it/s, v_num=t-12, loss/train=4.300]Epoch 0:  11%|█         | 694/6208 [01:59<15:50,  5.80it/s, v_num=t-12, loss/train=4.050]Epoch 0:  11%|█         | 695/6208 [01:59<15:49,  5.80it/s, v_num=t-12, loss/train=4.050]Epoch 0:  11%|█         | 695/6208 [01:59<15:49,  5.80it/s, v_num=t-12, loss/train=5.180]Epoch 0:  11%|█         | 696/6208 [01:59<15:49,  5.81it/s, v_num=t-12, loss/train=5.180]Epoch 0:  11%|█         | 696/6208 [01:59<15:49,  5.81it/s, v_num=t-12, loss/train=4.810]Epoch 0:  11%|█         | 697/6208 [02:00<15:48,  5.81it/s, v_num=t-12, loss/train=4.810]Epoch 0:  11%|█         | 697/6208 [02:00<15:49,  5.81it/s, v_num=t-12, loss/train=4.630]Epoch 0:  11%|█         | 698/6208 [02:00<15:48,  5.81it/s, v_num=t-12, loss/train=4.630]Epoch 0:  11%|█         | 698/6208 [02:00<15:48,  5.81it/s, v_num=t-12, loss/train=4.160]Epoch 0:  11%|█▏        | 699/6208 [02:00<15:48,  5.81it/s, v_num=t-12, loss/train=4.160]Epoch 0:  11%|█▏        | 699/6208 [02:00<15:48,  5.81it/s, v_num=t-12, loss/train=4.160]Epoch 0:  11%|█▏        | 700/6208 [02:00<15:48,  5.81it/s, v_num=t-12, loss/train=4.160]Epoch 0:  11%|█▏        | 700/6208 [02:00<15:48,  5.81it/s, v_num=t-12, loss/train=3.830]Epoch 0:  11%|█▏        | 701/6208 [02:00<15:48,  5.81it/s, v_num=t-12, loss/train=3.830]Epoch 0:  11%|█▏        | 701/6208 [02:00<15:48,  5.81it/s, v_num=t-12, loss/train=5.040]Epoch 0:  11%|█▏        | 702/6208 [02:00<15:48,  5.81it/s, v_num=t-12, loss/train=5.040]Epoch 0:  11%|█▏        | 702/6208 [02:00<15:48,  5.81it/s, v_num=t-12, loss/train=4.950]Epoch 0:  11%|█▏        | 703/6208 [02:01<15:47,  5.81it/s, v_num=t-12, loss/train=4.950]Epoch 0:  11%|█▏        | 703/6208 [02:01<15:47,  5.81it/s, v_num=t-12, loss/train=4.350]Epoch 0:  11%|█▏        | 704/6208 [02:01<15:47,  5.81it/s, v_num=t-12, loss/train=4.350]Epoch 0:  11%|█▏        | 704/6208 [02:01<15:47,  5.81it/s, v_num=t-12, loss/train=4.750]Epoch 0:  11%|█▏        | 705/6208 [02:01<15:47,  5.81it/s, v_num=t-12, loss/train=4.750]Epoch 0:  11%|█▏        | 705/6208 [02:01<15:47,  5.81it/s, v_num=t-12, loss/train=4.060]Epoch 0:  11%|█▏        | 706/6208 [02:01<15:47,  5.81it/s, v_num=t-12, loss/train=4.060]Epoch 0:  11%|█▏        | 706/6208 [02:01<15:47,  5.80it/s, v_num=t-12, loss/train=4.810]Epoch 0:  11%|█▏        | 707/6208 [02:01<15:47,  5.81it/s, v_num=t-12, loss/train=4.810]Epoch 0:  11%|█▏        | 707/6208 [02:01<15:47,  5.81it/s, v_num=t-12, loss/train=3.990]Epoch 0:  11%|█▏        | 708/6208 [02:01<15:47,  5.81it/s, v_num=t-12, loss/train=3.990]Epoch 0:  11%|█▏        | 708/6208 [02:01<15:47,  5.81it/s, v_num=t-12, loss/train=4.330]Epoch 0:  11%|█▏        | 709/6208 [02:02<15:46,  5.81it/s, v_num=t-12, loss/train=4.330]Epoch 0:  11%|█▏        | 709/6208 [02:02<15:47,  5.81it/s, v_num=t-12, loss/train=4.390]Epoch 0:  11%|█▏        | 710/6208 [02:02<15:46,  5.81it/s, v_num=t-12, loss/train=4.390]Epoch 0:  11%|█▏        | 710/6208 [02:02<15:46,  5.81it/s, v_num=t-12, loss/train=4.620]Epoch 0:  11%|█▏        | 711/6208 [02:02<15:46,  5.81it/s, v_num=t-12, loss/train=4.620]Epoch 0:  11%|█▏        | 711/6208 [02:02<15:46,  5.81it/s, v_num=t-12, loss/train=4.630]Epoch 0:  11%|█▏        | 712/6208 [02:02<15:46,  5.81it/s, v_num=t-12, loss/train=4.630]Epoch 0:  11%|█▏        | 712/6208 [02:02<15:46,  5.81it/s, v_num=t-12, loss/train=4.520]Epoch 0:  11%|█▏        | 713/6208 [02:02<15:45,  5.81it/s, v_num=t-12, loss/train=4.520]Epoch 0:  11%|█▏        | 713/6208 [02:02<15:45,  5.81it/s, v_num=t-12, loss/train=4.950]Epoch 0:  12%|█▏        | 714/6208 [02:02<15:45,  5.81it/s, v_num=t-12, loss/train=4.950]Epoch 0:  12%|█▏        | 714/6208 [02:02<15:45,  5.81it/s, v_num=t-12, loss/train=4.660]Epoch 0:  12%|█▏        | 715/6208 [02:03<15:45,  5.81it/s, v_num=t-12, loss/train=4.660]Epoch 0:  12%|█▏        | 715/6208 [02:03<15:45,  5.81it/s, v_num=t-12, loss/train=4.610]Epoch 0:  12%|█▏        | 716/6208 [02:03<15:44,  5.81it/s, v_num=t-12, loss/train=4.610]Epoch 0:  12%|█▏        | 716/6208 [02:03<15:45,  5.81it/s, v_num=t-12, loss/train=4.740]Epoch 0:  12%|█▏        | 717/6208 [02:03<15:44,  5.81it/s, v_num=t-12, loss/train=4.740]Epoch 0:  12%|█▏        | 717/6208 [02:03<15:44,  5.81it/s, v_num=t-12, loss/train=4.130]Epoch 0:  12%|█▏        | 718/6208 [02:03<15:46,  5.80it/s, v_num=t-12, loss/train=4.130]Epoch 0:  12%|█▏        | 718/6208 [02:03<15:46,  5.80it/s, v_num=t-12, loss/train=4.830]Epoch 0:  12%|█▏        | 719/6208 [02:03<15:45,  5.80it/s, v_num=t-12, loss/train=4.830]Epoch 0:  12%|█▏        | 719/6208 [02:03<15:45,  5.80it/s, v_num=t-12, loss/train=4.420]Epoch 0:  12%|█▏        | 720/6208 [02:04<15:45,  5.81it/s, v_num=t-12, loss/train=4.420]Epoch 0:  12%|█▏        | 720/6208 [02:04<15:45,  5.80it/s, v_num=t-12, loss/train=4.460]Epoch 0:  12%|█▏        | 721/6208 [02:04<15:45,  5.81it/s, v_num=t-12, loss/train=4.460]Epoch 0:  12%|█▏        | 721/6208 [02:04<15:45,  5.81it/s, v_num=t-12, loss/train=4.030]Epoch 0:  12%|█▏        | 722/6208 [02:04<15:44,  5.81it/s, v_num=t-12, loss/train=4.030]Epoch 0:  12%|█▏        | 722/6208 [02:04<15:44,  5.81it/s, v_num=t-12, loss/train=4.050]Epoch 0:  12%|█▏        | 723/6208 [02:04<15:44,  5.81it/s, v_num=t-12, loss/train=4.050]Epoch 0:  12%|█▏        | 723/6208 [02:04<15:44,  5.81it/s, v_num=t-12, loss/train=4.680]Epoch 0:  12%|█▏        | 724/6208 [02:04<15:44,  5.81it/s, v_num=t-12, loss/train=4.680]Epoch 0:  12%|█▏        | 724/6208 [02:04<15:44,  5.81it/s, v_num=t-12, loss/train=4.310]Epoch 0:  12%|█▏        | 725/6208 [02:04<15:44,  5.81it/s, v_num=t-12, loss/train=4.310]Epoch 0:  12%|█▏        | 725/6208 [02:04<15:44,  5.81it/s, v_num=t-12, loss/train=4.570]Epoch 0:  12%|█▏        | 726/6208 [02:05<15:43,  5.81it/s, v_num=t-12, loss/train=4.570]Epoch 0:  12%|█▏        | 726/6208 [02:05<15:44,  5.81it/s, v_num=t-12, loss/train=4.010]Epoch 0:  12%|█▏        | 727/6208 [02:05<15:43,  5.81it/s, v_num=t-12, loss/train=4.010]Epoch 0:  12%|█▏        | 727/6208 [02:05<15:43,  5.81it/s, v_num=t-12, loss/train=4.510]Epoch 0:  12%|█▏        | 728/6208 [02:05<15:45,  5.80it/s, v_num=t-12, loss/train=4.510]Epoch 0:  12%|█▏        | 728/6208 [02:05<15:45,  5.80it/s, v_num=t-12, loss/train=4.700]Epoch 0:  12%|█▏        | 729/6208 [02:05<15:45,  5.80it/s, v_num=t-12, loss/train=4.700]Epoch 0:  12%|█▏        | 729/6208 [02:05<15:45,  5.80it/s, v_num=t-12, loss/train=4.740]Epoch 0:  12%|█▏        | 730/6208 [02:05<15:44,  5.80it/s, v_num=t-12, loss/train=4.740]Epoch 0:  12%|█▏        | 730/6208 [02:05<15:44,  5.80it/s, v_num=t-12, loss/train=4.960]Epoch 0:  12%|█▏        | 731/6208 [02:06<15:44,  5.80it/s, v_num=t-12, loss/train=4.960]Epoch 0:  12%|█▏        | 731/6208 [02:06<15:44,  5.80it/s, v_num=t-12, loss/train=4.180]Epoch 0:  12%|█▏        | 732/6208 [02:06<15:44,  5.80it/s, v_num=t-12, loss/train=4.180]Epoch 0:  12%|█▏        | 732/6208 [02:06<15:44,  5.80it/s, v_num=t-12, loss/train=4.670]Epoch 0:  12%|█▏        | 733/6208 [02:06<15:44,  5.80it/s, v_num=t-12, loss/train=4.670]Epoch 0:  12%|█▏        | 733/6208 [02:06<15:44,  5.80it/s, v_num=t-12, loss/train=4.710]Epoch 0:  12%|█▏        | 734/6208 [02:06<15:43,  5.80it/s, v_num=t-12, loss/train=4.710]Epoch 0:  12%|█▏        | 734/6208 [02:06<15:44,  5.80it/s, v_num=t-12, loss/train=3.810]Epoch 0:  12%|█▏        | 735/6208 [02:06<15:43,  5.80it/s, v_num=t-12, loss/train=3.810]Epoch 0:  12%|█▏        | 735/6208 [02:06<15:43,  5.80it/s, v_num=t-12, loss/train=4.500]Epoch 0:  12%|█▏        | 736/6208 [02:06<15:43,  5.80it/s, v_num=t-12, loss/train=4.500]Epoch 0:  12%|█▏        | 736/6208 [02:06<15:43,  5.80it/s, v_num=t-12, loss/train=4.160]Epoch 0:  12%|█▏        | 737/6208 [02:07<15:43,  5.80it/s, v_num=t-12, loss/train=4.160]Epoch 0:  12%|█▏        | 737/6208 [02:07<15:43,  5.80it/s, v_num=t-12, loss/train=4.620]Epoch 0:  12%|█▏        | 738/6208 [02:07<15:42,  5.80it/s, v_num=t-12, loss/train=4.620]Epoch 0:  12%|█▏        | 738/6208 [02:07<15:43,  5.80it/s, v_num=t-12, loss/train=4.490]Epoch 0:  12%|█▏        | 739/6208 [02:07<15:42,  5.80it/s, v_num=t-12, loss/train=4.490]Epoch 0:  12%|█▏        | 739/6208 [02:07<15:42,  5.80it/s, v_num=t-12, loss/train=4.700]Epoch 0:  12%|█▏        | 740/6208 [02:07<15:42,  5.80it/s, v_num=t-12, loss/train=4.700]Epoch 0:  12%|█▏        | 740/6208 [02:07<15:42,  5.80it/s, v_num=t-12, loss/train=6.170]Epoch 0:  12%|█▏        | 741/6208 [02:07<15:42,  5.80it/s, v_num=t-12, loss/train=6.170]Epoch 0:  12%|█▏        | 741/6208 [02:07<15:42,  5.80it/s, v_num=t-12, loss/train=5.090]Epoch 0:  12%|█▏        | 742/6208 [02:07<15:42,  5.80it/s, v_num=t-12, loss/train=5.090]Epoch 0:  12%|█▏        | 742/6208 [02:07<15:42,  5.80it/s, v_num=t-12, loss/train=4.910]Epoch 0:  12%|█▏        | 743/6208 [02:08<15:41,  5.80it/s, v_num=t-12, loss/train=4.910]Epoch 0:  12%|█▏        | 743/6208 [02:08<15:41,  5.80it/s, v_num=t-12, loss/train=5.150]Epoch 0:  12%|█▏        | 744/6208 [02:08<15:41,  5.80it/s, v_num=t-12, loss/train=5.150]Epoch 0:  12%|█▏        | 744/6208 [02:08<15:41,  5.80it/s, v_num=t-12, loss/train=4.860]Epoch 0:  12%|█▏        | 745/6208 [02:08<15:41,  5.80it/s, v_num=t-12, loss/train=4.860]Epoch 0:  12%|█▏        | 745/6208 [02:08<15:41,  5.80it/s, v_num=t-12, loss/train=4.790]Epoch 0:  12%|█▏        | 746/6208 [02:08<15:40,  5.81it/s, v_num=t-12, loss/train=4.790]Epoch 0:  12%|█▏        | 746/6208 [02:08<15:40,  5.80it/s, v_num=t-12, loss/train=4.200]Epoch 0:  12%|█▏        | 747/6208 [02:08<15:40,  5.81it/s, v_num=t-12, loss/train=4.200]Epoch 0:  12%|█▏        | 747/6208 [02:08<15:40,  5.80it/s, v_num=t-12, loss/train=5.670]Epoch 0:  12%|█▏        | 748/6208 [02:08<15:40,  5.81it/s, v_num=t-12, loss/train=5.670]Epoch 0:  12%|█▏        | 748/6208 [02:08<15:40,  5.80it/s, v_num=t-12, loss/train=5.050]Epoch 0:  12%|█▏        | 749/6208 [02:08<15:40,  5.81it/s, v_num=t-12, loss/train=5.050]Epoch 0:  12%|█▏        | 749/6208 [02:09<15:40,  5.81it/s, v_num=t-12, loss/train=4.770]Epoch 0:  12%|█▏        | 750/6208 [02:09<15:40,  5.81it/s, v_num=t-12, loss/train=4.770]Epoch 0:  12%|█▏        | 750/6208 [02:09<15:40,  5.80it/s, v_num=t-12, loss/train=5.110]Epoch 0:  12%|█▏        | 751/6208 [02:09<15:39,  5.81it/s, v_num=t-12, loss/train=5.110]Epoch 0:  12%|█▏        | 751/6208 [02:09<15:40,  5.81it/s, v_num=t-12, loss/train=4.370]Epoch 0:  12%|█▏        | 752/6208 [02:09<15:39,  5.81it/s, v_num=t-12, loss/train=4.370]Epoch 0:  12%|█▏        | 752/6208 [02:09<15:39,  5.80it/s, v_num=t-12, loss/train=4.120]Epoch 0:  12%|█▏        | 753/6208 [02:09<15:39,  5.81it/s, v_num=t-12, loss/train=4.120]Epoch 0:  12%|█▏        | 753/6208 [02:09<15:39,  5.81it/s, v_num=t-12, loss/train=4.960]Epoch 0:  12%|█▏        | 754/6208 [02:09<15:39,  5.81it/s, v_num=t-12, loss/train=4.960]Epoch 0:  12%|█▏        | 754/6208 [02:09<15:39,  5.81it/s, v_num=t-12, loss/train=4.920]Epoch 0:  12%|█▏        | 755/6208 [02:10<15:39,  5.81it/s, v_num=t-12, loss/train=4.920]Epoch 0:  12%|█▏        | 755/6208 [02:10<15:39,  5.81it/s, v_num=t-12, loss/train=4.560]Epoch 0:  12%|█▏        | 756/6208 [02:10<15:38,  5.81it/s, v_num=t-12, loss/train=4.560]Epoch 0:  12%|█▏        | 756/6208 [02:10<15:39,  5.81it/s, v_num=t-12, loss/train=4.350]Epoch 0:  12%|█▏        | 757/6208 [02:10<15:38,  5.81it/s, v_num=t-12, loss/train=4.350]Epoch 0:  12%|█▏        | 757/6208 [02:10<15:38,  5.81it/s, v_num=t-12, loss/train=4.010]Epoch 0:  12%|█▏        | 758/6208 [02:10<15:38,  5.81it/s, v_num=t-12, loss/train=4.010]Epoch 0:  12%|█▏        | 758/6208 [02:10<15:38,  5.81it/s, v_num=t-12, loss/train=4.060]Epoch 0:  12%|█▏        | 759/6208 [02:10<15:38,  5.81it/s, v_num=t-12, loss/train=4.060]Epoch 0:  12%|█▏        | 759/6208 [02:10<15:38,  5.81it/s, v_num=t-12, loss/train=3.630]Epoch 0:  12%|█▏        | 760/6208 [02:10<15:38,  5.81it/s, v_num=t-12, loss/train=3.630]Epoch 0:  12%|█▏        | 760/6208 [02:10<15:38,  5.81it/s, v_num=t-12, loss/train=4.280]Epoch 0:  12%|█▏        | 761/6208 [02:10<15:37,  5.81it/s, v_num=t-12, loss/train=4.280]Epoch 0:  12%|█▏        | 761/6208 [02:11<15:37,  5.81it/s, v_num=t-12, loss/train=4.320]Epoch 0:  12%|█▏        | 762/6208 [02:11<15:37,  5.81it/s, v_num=t-12, loss/train=4.320]Epoch 0:  12%|█▏        | 762/6208 [02:11<15:37,  5.81it/s, v_num=t-12, loss/train=4.060]Epoch 0:  12%|█▏        | 763/6208 [02:11<15:37,  5.81it/s, v_num=t-12, loss/train=4.060]Epoch 0:  12%|█▏        | 763/6208 [02:11<15:37,  5.81it/s, v_num=t-12, loss/train=4.520]Epoch 0:  12%|█▏        | 764/6208 [02:11<15:36,  5.81it/s, v_num=t-12, loss/train=4.520]Epoch 0:  12%|█▏        | 764/6208 [02:11<15:37,  5.81it/s, v_num=t-12, loss/train=4.430]Epoch 0:  12%|█▏        | 765/6208 [02:11<15:36,  5.81it/s, v_num=t-12, loss/train=4.430]Epoch 0:  12%|█▏        | 765/6208 [02:11<15:36,  5.81it/s, v_num=t-12, loss/train=4.590]Epoch 0:  12%|█▏        | 766/6208 [02:11<15:36,  5.81it/s, v_num=t-12, loss/train=4.590]Epoch 0:  12%|█▏        | 766/6208 [02:11<15:36,  5.81it/s, v_num=t-12, loss/train=4.130]Epoch 0:  12%|█▏        | 767/6208 [02:12<15:36,  5.81it/s, v_num=t-12, loss/train=4.130]Epoch 0:  12%|█▏        | 767/6208 [02:12<15:36,  5.81it/s, v_num=t-12, loss/train=3.880]Epoch 0:  12%|█▏        | 768/6208 [02:12<15:36,  5.81it/s, v_num=t-12, loss/train=3.880]Epoch 0:  12%|█▏        | 768/6208 [02:12<15:36,  5.81it/s, v_num=t-12, loss/train=4.420]Epoch 0:  12%|█▏        | 769/6208 [02:12<15:35,  5.81it/s, v_num=t-12, loss/train=4.420]Epoch 0:  12%|█▏        | 769/6208 [02:12<15:35,  5.81it/s, v_num=t-12, loss/train=4.940]Epoch 0:  12%|█▏        | 770/6208 [02:12<15:35,  5.81it/s, v_num=t-12, loss/train=4.940]Epoch 0:  12%|█▏        | 770/6208 [02:12<15:35,  5.81it/s, v_num=t-12, loss/train=3.870]Epoch 0:  12%|█▏        | 771/6208 [02:12<15:35,  5.81it/s, v_num=t-12, loss/train=3.870]Epoch 0:  12%|█▏        | 771/6208 [02:12<15:35,  5.81it/s, v_num=t-12, loss/train=3.750]Epoch 0:  12%|█▏        | 772/6208 [02:12<15:35,  5.81it/s, v_num=t-12, loss/train=3.750]Epoch 0:  12%|█▏        | 772/6208 [02:12<15:35,  5.81it/s, v_num=t-12, loss/train=4.770]Epoch 0:  12%|█▏        | 773/6208 [02:12<15:34,  5.81it/s, v_num=t-12, loss/train=4.770]Epoch 0:  12%|█▏        | 773/6208 [02:13<15:35,  5.81it/s, v_num=t-12, loss/train=4.240]Epoch 0:  12%|█▏        | 774/6208 [02:13<15:34,  5.81it/s, v_num=t-12, loss/train=4.240]Epoch 0:  12%|█▏        | 774/6208 [02:13<15:34,  5.81it/s, v_num=t-12, loss/train=4.220]Epoch 0:  12%|█▏        | 775/6208 [02:13<15:34,  5.81it/s, v_num=t-12, loss/train=4.220]Epoch 0:  12%|█▏        | 775/6208 [02:13<15:34,  5.81it/s, v_num=t-12, loss/train=4.520]Epoch 0:  12%|█▎        | 776/6208 [02:13<15:34,  5.81it/s, v_num=t-12, loss/train=4.520]Epoch 0:  12%|█▎        | 776/6208 [02:13<15:34,  5.81it/s, v_num=t-12, loss/train=4.200]Epoch 0:  13%|█▎        | 777/6208 [02:13<15:33,  5.81it/s, v_num=t-12, loss/train=4.200]Epoch 0:  13%|█▎        | 777/6208 [02:13<15:34,  5.81it/s, v_num=t-12, loss/train=4.090]Epoch 0:  13%|█▎        | 778/6208 [02:13<15:33,  5.82it/s, v_num=t-12, loss/train=4.090]Epoch 0:  13%|█▎        | 778/6208 [02:13<15:33,  5.82it/s, v_num=t-12, loss/train=3.780]Epoch 0:  13%|█▎        | 779/6208 [02:13<15:33,  5.82it/s, v_num=t-12, loss/train=3.780]Epoch 0:  13%|█▎        | 779/6208 [02:13<15:33,  5.82it/s, v_num=t-12, loss/train=4.430]Epoch 0:  13%|█▎        | 780/6208 [02:14<15:33,  5.82it/s, v_num=t-12, loss/train=4.430]Epoch 0:  13%|█▎        | 780/6208 [02:14<15:33,  5.82it/s, v_num=t-12, loss/train=4.790]Epoch 0:  13%|█▎        | 781/6208 [02:14<15:32,  5.82it/s, v_num=t-12, loss/train=4.790]Epoch 0:  13%|█▎        | 781/6208 [02:14<15:33,  5.82it/s, v_num=t-12, loss/train=3.990]Epoch 0:  13%|█▎        | 782/6208 [02:14<15:32,  5.82it/s, v_num=t-12, loss/train=3.990]Epoch 0:  13%|█▎        | 782/6208 [02:14<15:32,  5.82it/s, v_num=t-12, loss/train=3.630]Epoch 0:  13%|█▎        | 783/6208 [02:14<15:32,  5.82it/s, v_num=t-12, loss/train=3.630]Epoch 0:  13%|█▎        | 783/6208 [02:14<15:32,  5.82it/s, v_num=t-12, loss/train=5.180]Epoch 0:  13%|█▎        | 784/6208 [02:14<15:31,  5.82it/s, v_num=t-12, loss/train=5.180]Epoch 0:  13%|█▎        | 784/6208 [02:14<15:32,  5.82it/s, v_num=t-12, loss/train=4.030]Epoch 0:  13%|█▎        | 785/6208 [02:14<15:31,  5.82it/s, v_num=t-12, loss/train=4.030]Epoch 0:  13%|█▎        | 785/6208 [02:14<15:31,  5.82it/s, v_num=t-12, loss/train=5.590]Epoch 0:  13%|█▎        | 786/6208 [02:15<15:31,  5.82it/s, v_num=t-12, loss/train=5.590]Epoch 0:  13%|█▎        | 786/6208 [02:15<15:31,  5.82it/s, v_num=t-12, loss/train=4.200]Epoch 0:  13%|█▎        | 787/6208 [02:15<15:31,  5.82it/s, v_num=t-12, loss/train=4.200]Epoch 0:  13%|█▎        | 787/6208 [02:15<15:31,  5.82it/s, v_num=t-12, loss/train=4.680]Epoch 0:  13%|█▎        | 788/6208 [02:15<15:31,  5.82it/s, v_num=t-12, loss/train=4.680]Epoch 0:  13%|█▎        | 788/6208 [02:15<15:31,  5.82it/s, v_num=t-12, loss/train=4.120]Epoch 0:  13%|█▎        | 789/6208 [02:15<15:30,  5.82it/s, v_num=t-12, loss/train=4.120]Epoch 0:  13%|█▎        | 789/6208 [02:15<15:30,  5.82it/s, v_num=t-12, loss/train=3.710]Epoch 0:  13%|█▎        | 790/6208 [02:15<15:30,  5.82it/s, v_num=t-12, loss/train=3.710]Epoch 0:  13%|█▎        | 790/6208 [02:15<15:30,  5.82it/s, v_num=t-12, loss/train=4.970]Epoch 0:  13%|█▎        | 791/6208 [02:15<15:30,  5.82it/s, v_num=t-12, loss/train=4.970]Epoch 0:  13%|█▎        | 791/6208 [02:15<15:30,  5.82it/s, v_num=t-12, loss/train=4.150]Epoch 0:  13%|█▎        | 792/6208 [02:16<15:30,  5.82it/s, v_num=t-12, loss/train=4.150]Epoch 0:  13%|█▎        | 792/6208 [02:16<15:30,  5.82it/s, v_num=t-12, loss/train=4.680]Epoch 0:  13%|█▎        | 793/6208 [02:16<15:29,  5.82it/s, v_num=t-12, loss/train=4.680]Epoch 0:  13%|█▎        | 793/6208 [02:16<15:29,  5.82it/s, v_num=t-12, loss/train=4.710]Epoch 0:  13%|█▎        | 794/6208 [02:16<15:29,  5.83it/s, v_num=t-12, loss/train=4.710]Epoch 0:  13%|█▎        | 794/6208 [02:16<15:29,  5.82it/s, v_num=t-12, loss/train=3.970]Epoch 0:  13%|█▎        | 795/6208 [02:16<15:29,  5.83it/s, v_num=t-12, loss/train=3.970]Epoch 0:  13%|█▎        | 795/6208 [02:16<15:29,  5.82it/s, v_num=t-12, loss/train=4.260]Epoch 0:  13%|█▎        | 796/6208 [02:16<15:28,  5.83it/s, v_num=t-12, loss/train=4.260]Epoch 0:  13%|█▎        | 796/6208 [02:16<15:29,  5.82it/s, v_num=t-12, loss/train=3.710]Epoch 0:  13%|█▎        | 797/6208 [02:16<15:28,  5.83it/s, v_num=t-12, loss/train=3.710]Epoch 0:  13%|█▎        | 797/6208 [02:16<15:28,  5.82it/s, v_num=t-12, loss/train=3.910]Epoch 0:  13%|█▎        | 798/6208 [02:16<15:28,  5.83it/s, v_num=t-12, loss/train=3.910]Epoch 0:  13%|█▎        | 798/6208 [02:16<15:28,  5.83it/s, v_num=t-12, loss/train=4.000]Epoch 0:  13%|█▎        | 799/6208 [02:17<15:28,  5.83it/s, v_num=t-12, loss/train=4.000]Epoch 0:  13%|█▎        | 799/6208 [02:17<15:28,  5.83it/s, v_num=t-12, loss/train=4.390]Epoch 0:  13%|█▎        | 800/6208 [02:17<15:28,  5.83it/s, v_num=t-12, loss/train=4.390]Epoch 0:  13%|█▎        | 800/6208 [02:17<15:28,  5.83it/s, v_num=t-12, loss/train=3.290]Epoch 0:  13%|█▎        | 801/6208 [02:17<15:28,  5.83it/s, v_num=t-12, loss/train=3.290]Epoch 0:  13%|█▎        | 801/6208 [02:17<15:28,  5.83it/s, v_num=t-12, loss/train=3.460]Epoch 0:  13%|█▎        | 802/6208 [02:17<15:27,  5.83it/s, v_num=t-12, loss/train=3.460]Epoch 0:  13%|█▎        | 802/6208 [02:17<15:28,  5.83it/s, v_num=t-12, loss/train=4.220]Epoch 0:  13%|█▎        | 803/6208 [02:17<15:27,  5.83it/s, v_num=t-12, loss/train=4.220]Epoch 0:  13%|█▎        | 803/6208 [02:17<15:27,  5.83it/s, v_num=t-12, loss/train=4.130]Epoch 0:  13%|█▎        | 804/6208 [02:17<15:27,  5.83it/s, v_num=t-12, loss/train=4.130]Epoch 0:  13%|█▎        | 804/6208 [02:18<15:27,  5.83it/s, v_num=t-12, loss/train=3.570]Epoch 0:  13%|█▎        | 805/6208 [02:18<15:27,  5.83it/s, v_num=t-12, loss/train=3.570]Epoch 0:  13%|█▎        | 805/6208 [02:18<15:27,  5.83it/s, v_num=t-12, loss/train=3.470]Epoch 0:  13%|█▎        | 806/6208 [02:18<15:27,  5.83it/s, v_num=t-12, loss/train=3.470]Epoch 0:  13%|█▎        | 806/6208 [02:18<15:27,  5.83it/s, v_num=t-12, loss/train=3.470]Epoch 0:  13%|█▎        | 807/6208 [02:18<15:26,  5.83it/s, v_num=t-12, loss/train=3.470]Epoch 0:  13%|█▎        | 807/6208 [02:18<15:26,  5.83it/s, v_num=t-12, loss/train=4.120]Epoch 0:  13%|█▎        | 808/6208 [02:18<15:26,  5.83it/s, v_num=t-12, loss/train=4.120]Epoch 0:  13%|█▎        | 808/6208 [02:18<15:26,  5.83it/s, v_num=t-12, loss/train=3.850]Epoch 0:  13%|█▎        | 809/6208 [02:18<15:26,  5.83it/s, v_num=t-12, loss/train=3.850]Epoch 0:  13%|█▎        | 809/6208 [02:18<15:26,  5.83it/s, v_num=t-12, loss/train=4.410]Epoch 0:  13%|█▎        | 810/6208 [02:18<15:26,  5.83it/s, v_num=t-12, loss/train=4.410]Epoch 0:  13%|█▎        | 810/6208 [02:18<15:26,  5.83it/s, v_num=t-12, loss/train=3.800]Epoch 0:  13%|█▎        | 811/6208 [02:19<15:25,  5.83it/s, v_num=t-12, loss/train=3.800]Epoch 0:  13%|█▎        | 811/6208 [02:19<15:25,  5.83it/s, v_num=t-12, loss/train=3.620]Epoch 0:  13%|█▎        | 812/6208 [02:19<15:25,  5.83it/s, v_num=t-12, loss/train=3.620]Epoch 0:  13%|█▎        | 812/6208 [02:19<15:25,  5.83it/s, v_num=t-12, loss/train=4.120]Epoch 0:  13%|█▎        | 813/6208 [02:19<15:25,  5.83it/s, v_num=t-12, loss/train=4.120]Epoch 0:  13%|█▎        | 813/6208 [02:19<15:25,  5.83it/s, v_num=t-12, loss/train=3.990]Epoch 0:  13%|█▎        | 814/6208 [02:19<15:25,  5.83it/s, v_num=t-12, loss/train=3.990]Epoch 0:  13%|█▎        | 814/6208 [02:19<15:25,  5.83it/s, v_num=t-12, loss/train=3.930]Epoch 0:  13%|█▎        | 815/6208 [02:19<15:24,  5.83it/s, v_num=t-12, loss/train=3.930]Epoch 0:  13%|█▎        | 815/6208 [02:19<15:24,  5.83it/s, v_num=t-12, loss/train=4.570]Epoch 0:  13%|█▎        | 816/6208 [02:19<15:24,  5.83it/s, v_num=t-12, loss/train=4.570]Epoch 0:  13%|█▎        | 816/6208 [02:19<15:24,  5.83it/s, v_num=t-12, loss/train=3.630]Epoch 0:  13%|█▎        | 817/6208 [02:20<15:24,  5.83it/s, v_num=t-12, loss/train=3.630]Epoch 0:  13%|█▎        | 817/6208 [02:20<15:24,  5.83it/s, v_num=t-12, loss/train=3.990]Epoch 0:  13%|█▎        | 818/6208 [02:20<15:24,  5.83it/s, v_num=t-12, loss/train=3.990]Epoch 0:  13%|█▎        | 818/6208 [02:20<15:24,  5.83it/s, v_num=t-12, loss/train=3.700]Epoch 0:  13%|█▎        | 819/6208 [02:20<15:24,  5.83it/s, v_num=t-12, loss/train=3.700]Epoch 0:  13%|█▎        | 819/6208 [02:20<15:24,  5.83it/s, v_num=t-12, loss/train=3.340]Epoch 0:  13%|█▎        | 820/6208 [02:20<15:23,  5.83it/s, v_num=t-12, loss/train=3.340]Epoch 0:  13%|█▎        | 820/6208 [02:20<15:24,  5.83it/s, v_num=t-12, loss/train=4.100]Epoch 0:  13%|█▎        | 821/6208 [02:20<15:23,  5.83it/s, v_num=t-12, loss/train=4.100]Epoch 0:  13%|█▎        | 821/6208 [02:20<15:23,  5.83it/s, v_num=t-12, loss/train=3.860]Epoch 0:  13%|█▎        | 822/6208 [02:20<15:23,  5.83it/s, v_num=t-12, loss/train=3.860]Epoch 0:  13%|█▎        | 822/6208 [02:20<15:23,  5.83it/s, v_num=t-12, loss/train=3.920]Epoch 0:  13%|█▎        | 823/6208 [02:21<15:23,  5.83it/s, v_num=t-12, loss/train=3.920]Epoch 0:  13%|█▎        | 823/6208 [02:21<15:23,  5.83it/s, v_num=t-12, loss/train=4.400]Epoch 0:  13%|█▎        | 824/6208 [02:21<15:22,  5.83it/s, v_num=t-12, loss/train=4.400]Epoch 0:  13%|█▎        | 824/6208 [02:21<15:22,  5.83it/s, v_num=t-12, loss/train=3.830]Epoch 0:  13%|█▎        | 825/6208 [02:21<15:24,  5.83it/s, v_num=t-12, loss/train=3.830]Epoch 0:  13%|█▎        | 825/6208 [02:21<15:24,  5.82it/s, v_num=t-12, loss/train=3.980]Epoch 0:  13%|█▎        | 826/6208 [02:21<15:23,  5.83it/s, v_num=t-12, loss/train=3.980]Epoch 0:  13%|█▎        | 826/6208 [02:21<15:23,  5.83it/s, v_num=t-12, loss/train=4.560]Epoch 0:  13%|█▎        | 827/6208 [02:21<15:23,  5.83it/s, v_num=t-12, loss/train=4.560]Epoch 0:  13%|█▎        | 827/6208 [02:21<15:23,  5.83it/s, v_num=t-12, loss/train=3.760]Epoch 0:  13%|█▎        | 828/6208 [02:22<15:23,  5.83it/s, v_num=t-12, loss/train=3.760]Epoch 0:  13%|█▎        | 828/6208 [02:22<15:23,  5.83it/s, v_num=t-12, loss/train=3.840]Epoch 0:  13%|█▎        | 829/6208 [02:22<15:22,  5.83it/s, v_num=t-12, loss/train=3.840]Epoch 0:  13%|█▎        | 829/6208 [02:22<15:23,  5.83it/s, v_num=t-12, loss/train=4.100]Epoch 0:  13%|█▎        | 830/6208 [02:22<15:22,  5.83it/s, v_num=t-12, loss/train=4.100]Epoch 0:  13%|█▎        | 830/6208 [02:22<15:22,  5.83it/s, v_num=t-12, loss/train=4.080]Epoch 0:  13%|█▎        | 831/6208 [02:22<15:22,  5.83it/s, v_num=t-12, loss/train=4.080]Epoch 0:  13%|█▎        | 831/6208 [02:22<15:22,  5.83it/s, v_num=t-12, loss/train=3.910]Epoch 0:  13%|█▎        | 832/6208 [02:22<15:22,  5.83it/s, v_num=t-12, loss/train=3.910]Epoch 0:  13%|█▎        | 832/6208 [02:22<15:22,  5.83it/s, v_num=t-12, loss/train=4.360]Epoch 0:  13%|█▎        | 833/6208 [02:22<15:21,  5.83it/s, v_num=t-12, loss/train=4.360]Epoch 0:  13%|█▎        | 833/6208 [02:22<15:21,  5.83it/s, v_num=t-12, loss/train=3.870]Epoch 0:  13%|█▎        | 834/6208 [02:23<15:21,  5.83it/s, v_num=t-12, loss/train=3.870]Epoch 0:  13%|█▎        | 834/6208 [02:23<15:21,  5.83it/s, v_num=t-12, loss/train=4.040]Epoch 0:  13%|█▎        | 835/6208 [02:23<15:21,  5.83it/s, v_num=t-12, loss/train=4.040]Epoch 0:  13%|█▎        | 835/6208 [02:23<15:21,  5.83it/s, v_num=t-12, loss/train=3.590]Epoch 0:  13%|█▎        | 836/6208 [02:23<15:21,  5.83it/s, v_num=t-12, loss/train=3.590]Epoch 0:  13%|█▎        | 836/6208 [02:23<15:21,  5.83it/s, v_num=t-12, loss/train=4.050]Epoch 0:  13%|█▎        | 837/6208 [02:23<15:20,  5.83it/s, v_num=t-12, loss/train=4.050]Epoch 0:  13%|█▎        | 837/6208 [02:23<15:21,  5.83it/s, v_num=t-12, loss/train=3.890]Epoch 0:  13%|█▎        | 838/6208 [02:23<15:20,  5.83it/s, v_num=t-12, loss/train=3.890]Epoch 0:  13%|█▎        | 838/6208 [02:23<15:20,  5.83it/s, v_num=t-12, loss/train=3.780]Epoch 0:  14%|█▎        | 839/6208 [02:23<15:20,  5.83it/s, v_num=t-12, loss/train=3.780]Epoch 0:  14%|█▎        | 839/6208 [02:23<15:20,  5.83it/s, v_num=t-12, loss/train=4.640]Epoch 0:  14%|█▎        | 840/6208 [02:24<15:20,  5.83it/s, v_num=t-12, loss/train=4.640]Epoch 0:  14%|█▎        | 840/6208 [02:24<15:20,  5.83it/s, v_num=t-12, loss/train=3.970]Epoch 0:  14%|█▎        | 841/6208 [02:24<15:20,  5.83it/s, v_num=t-12, loss/train=3.970]Epoch 0:  14%|█▎        | 841/6208 [02:24<15:20,  5.83it/s, v_num=t-12, loss/train=4.430]Epoch 0:  14%|█▎        | 842/6208 [02:24<15:21,  5.82it/s, v_num=t-12, loss/train=4.430]Epoch 0:  14%|█▎        | 842/6208 [02:24<15:21,  5.82it/s, v_num=t-12, loss/train=4.160]Epoch 0:  14%|█▎        | 843/6208 [02:24<15:20,  5.83it/s, v_num=t-12, loss/train=4.160]Epoch 0:  14%|█▎        | 843/6208 [02:24<15:20,  5.83it/s, v_num=t-12, loss/train=3.880]Epoch 0:  14%|█▎        | 844/6208 [02:25<15:22,  5.82it/s, v_num=t-12, loss/train=3.880]Epoch 0:  14%|█▎        | 844/6208 [02:25<15:22,  5.82it/s, v_num=t-12, loss/train=4.040]Epoch 0:  14%|█▎        | 845/6208 [02:25<15:21,  5.82it/s, v_num=t-12, loss/train=4.040]Epoch 0:  14%|█▎        | 845/6208 [02:25<15:21,  5.82it/s, v_num=t-12, loss/train=4.730]Epoch 0:  14%|█▎        | 846/6208 [02:25<15:21,  5.82it/s, v_num=t-12, loss/train=4.730]Epoch 0:  14%|█▎        | 846/6208 [02:25<15:21,  5.82it/s, v_num=t-12, loss/train=4.120]Epoch 0:  14%|█▎        | 847/6208 [02:25<15:20,  5.82it/s, v_num=t-12, loss/train=4.120]Epoch 0:  14%|█▎        | 847/6208 [02:25<15:20,  5.82it/s, v_num=t-12, loss/train=4.030]Epoch 0:  14%|█▎        | 848/6208 [02:25<15:20,  5.82it/s, v_num=t-12, loss/train=4.030]Epoch 0:  14%|█▎        | 848/6208 [02:25<15:20,  5.82it/s, v_num=t-12, loss/train=3.500]Epoch 0:  14%|█▎        | 849/6208 [02:25<15:20,  5.82it/s, v_num=t-12, loss/train=3.500]Epoch 0:  14%|█▎        | 849/6208 [02:25<15:20,  5.82it/s, v_num=t-12, loss/train=4.040]Epoch 0:  14%|█▎        | 850/6208 [02:25<15:20,  5.82it/s, v_num=t-12, loss/train=4.040]Epoch 0:  14%|█▎        | 850/6208 [02:25<15:20,  5.82it/s, v_num=t-12, loss/train=3.780]Epoch 0:  14%|█▎        | 851/6208 [02:26<15:19,  5.82it/s, v_num=t-12, loss/train=3.780]Epoch 0:  14%|█▎        | 851/6208 [02:26<15:20,  5.82it/s, v_num=t-12, loss/train=2.880]Epoch 0:  14%|█▎        | 852/6208 [02:26<15:19,  5.82it/s, v_num=t-12, loss/train=2.880]Epoch 0:  14%|█▎        | 852/6208 [02:26<15:19,  5.82it/s, v_num=t-12, loss/train=4.020]Epoch 0:  14%|█▎        | 853/6208 [02:26<15:19,  5.82it/s, v_num=t-12, loss/train=4.020]Epoch 0:  14%|█▎        | 853/6208 [02:26<15:19,  5.82it/s, v_num=t-12, loss/train=3.420]Epoch 0:  14%|█▍        | 854/6208 [02:26<15:19,  5.82it/s, v_num=t-12, loss/train=3.420]Epoch 0:  14%|█▍        | 854/6208 [02:26<15:19,  5.82it/s, v_num=t-12, loss/train=4.260]Epoch 0:  14%|█▍        | 855/6208 [02:26<15:19,  5.82it/s, v_num=t-12, loss/train=4.260]Epoch 0:  14%|█▍        | 855/6208 [02:26<15:19,  5.82it/s, v_num=t-12, loss/train=3.720]Epoch 0:  14%|█▍        | 856/6208 [02:26<15:19,  5.82it/s, v_num=t-12, loss/train=3.720]Epoch 0:  14%|█▍        | 856/6208 [02:27<15:19,  5.82it/s, v_num=t-12, loss/train=3.750]Epoch 0:  14%|█▍        | 857/6208 [02:27<15:18,  5.82it/s, v_num=t-12, loss/train=3.750]Epoch 0:  14%|█▍        | 857/6208 [02:27<15:18,  5.82it/s, v_num=t-12, loss/train=4.410]Epoch 0:  14%|█▍        | 858/6208 [02:27<15:20,  5.81it/s, v_num=t-12, loss/train=4.410]Epoch 0:  14%|█▍        | 858/6208 [02:27<15:20,  5.81it/s, v_num=t-12, loss/train=3.520]Epoch 0:  14%|█▍        | 859/6208 [02:27<15:19,  5.81it/s, v_num=t-12, loss/train=3.520]Epoch 0:  14%|█▍        | 859/6208 [02:27<15:20,  5.81it/s, v_num=t-12, loss/train=3.850]Epoch 0:  14%|█▍        | 860/6208 [02:27<15:19,  5.81it/s, v_num=t-12, loss/train=3.850]Epoch 0:  14%|█▍        | 860/6208 [02:27<15:19,  5.81it/s, v_num=t-12, loss/train=4.090]Epoch 0:  14%|█▍        | 861/6208 [02:28<15:19,  5.81it/s, v_num=t-12, loss/train=4.090]Epoch 0:  14%|█▍        | 861/6208 [02:28<15:19,  5.81it/s, v_num=t-12, loss/train=3.550]Epoch 0:  14%|█▍        | 862/6208 [02:28<15:19,  5.82it/s, v_num=t-12, loss/train=3.550]Epoch 0:  14%|█▍        | 862/6208 [02:28<15:19,  5.81it/s, v_num=t-12, loss/train=4.330]Epoch 0:  14%|█▍        | 863/6208 [02:28<15:18,  5.82it/s, v_num=t-12, loss/train=4.330]Epoch 0:  14%|█▍        | 863/6208 [02:28<15:19,  5.82it/s, v_num=t-12, loss/train=4.350]Epoch 0:  14%|█▍        | 864/6208 [02:28<15:18,  5.82it/s, v_num=t-12, loss/train=4.350]Epoch 0:  14%|█▍        | 864/6208 [02:28<15:18,  5.82it/s, v_num=t-12, loss/train=4.220]Epoch 0:  14%|█▍        | 865/6208 [02:28<15:19,  5.81it/s, v_num=t-12, loss/train=4.220]Epoch 0:  14%|█▍        | 865/6208 [02:28<15:19,  5.81it/s, v_num=t-12, loss/train=4.080]Epoch 0:  14%|█▍        | 866/6208 [02:29<15:19,  5.81it/s, v_num=t-12, loss/train=4.080]Epoch 0:  14%|█▍        | 866/6208 [02:29<15:19,  5.81it/s, v_num=t-12, loss/train=3.570]Epoch 0:  14%|█▍        | 867/6208 [02:29<15:19,  5.81it/s, v_num=t-12, loss/train=3.570]Epoch 0:  14%|█▍        | 867/6208 [02:29<15:19,  5.81it/s, v_num=t-12, loss/train=3.980]Epoch 0:  14%|█▍        | 868/6208 [02:29<15:18,  5.81it/s, v_num=t-12, loss/train=3.980]Epoch 0:  14%|█▍        | 868/6208 [02:29<15:18,  5.81it/s, v_num=t-12, loss/train=2.900]Epoch 0:  14%|█▍        | 869/6208 [02:29<15:18,  5.81it/s, v_num=t-12, loss/train=2.900]Epoch 0:  14%|█▍        | 869/6208 [02:29<15:18,  5.81it/s, v_num=t-12, loss/train=3.510]Epoch 0:  14%|█▍        | 870/6208 [02:29<15:18,  5.81it/s, v_num=t-12, loss/train=3.510]Epoch 0:  14%|█▍        | 870/6208 [02:29<15:18,  5.81it/s, v_num=t-12, loss/train=3.250]Epoch 0:  14%|█▍        | 871/6208 [02:29<15:18,  5.81it/s, v_num=t-12, loss/train=3.250]Epoch 0:  14%|█▍        | 871/6208 [02:29<15:18,  5.81it/s, v_num=t-12, loss/train=3.720]Epoch 0:  14%|█▍        | 872/6208 [02:29<15:17,  5.81it/s, v_num=t-12, loss/train=3.720]Epoch 0:  14%|█▍        | 872/6208 [02:29<15:17,  5.81it/s, v_num=t-12, loss/train=4.370]Epoch 0:  14%|█▍        | 873/6208 [02:30<15:17,  5.81it/s, v_num=t-12, loss/train=4.370]Epoch 0:  14%|█▍        | 873/6208 [02:30<15:17,  5.81it/s, v_num=t-12, loss/train=3.590]Epoch 0:  14%|█▍        | 874/6208 [02:30<15:17,  5.81it/s, v_num=t-12, loss/train=3.590]Epoch 0:  14%|█▍        | 874/6208 [02:30<15:17,  5.81it/s, v_num=t-12, loss/train=3.870]Epoch 0:  14%|█▍        | 875/6208 [02:30<15:17,  5.81it/s, v_num=t-12, loss/train=3.870]Epoch 0:  14%|█▍        | 875/6208 [02:30<15:17,  5.81it/s, v_num=t-12, loss/train=3.250]Epoch 0:  14%|█▍        | 876/6208 [02:30<15:16,  5.82it/s, v_num=t-12, loss/train=3.250]Epoch 0:  14%|█▍        | 876/6208 [02:30<15:17,  5.81it/s, v_num=t-12, loss/train=2.950]Epoch 0:  14%|█▍        | 877/6208 [02:30<15:16,  5.82it/s, v_num=t-12, loss/train=2.950]Epoch 0:  14%|█▍        | 877/6208 [02:30<15:16,  5.81it/s, v_num=t-12, loss/train=3.840]Epoch 0:  14%|█▍        | 878/6208 [02:30<15:16,  5.82it/s, v_num=t-12, loss/train=3.840]Epoch 0:  14%|█▍        | 878/6208 [02:30<15:16,  5.82it/s, v_num=t-12, loss/train=3.180]Epoch 0:  14%|█▍        | 879/6208 [02:31<15:16,  5.82it/s, v_num=t-12, loss/train=3.180]Epoch 0:  14%|█▍        | 879/6208 [02:31<15:16,  5.82it/s, v_num=t-12, loss/train=4.300]Epoch 0:  14%|█▍        | 880/6208 [02:31<15:15,  5.82it/s, v_num=t-12, loss/train=4.300]Epoch 0:  14%|█▍        | 880/6208 [02:31<15:16,  5.82it/s, v_num=t-12, loss/train=3.020]Epoch 0:  14%|█▍        | 881/6208 [02:31<15:15,  5.82it/s, v_num=t-12, loss/train=3.020]Epoch 0:  14%|█▍        | 881/6208 [02:31<15:15,  5.82it/s, v_num=t-12, loss/train=3.740]Epoch 0:  14%|█▍        | 882/6208 [02:31<15:15,  5.82it/s, v_num=t-12, loss/train=3.740]Epoch 0:  14%|█▍        | 882/6208 [02:31<15:15,  5.82it/s, v_num=t-12, loss/train=4.100]Epoch 0:  14%|█▍        | 883/6208 [02:31<15:15,  5.82it/s, v_num=t-12, loss/train=4.100]Epoch 0:  14%|█▍        | 883/6208 [02:31<15:15,  5.82it/s, v_num=t-12, loss/train=4.020]Epoch 0:  14%|█▍        | 884/6208 [02:31<15:14,  5.82it/s, v_num=t-12, loss/train=4.020]Epoch 0:  14%|█▍        | 884/6208 [02:31<15:14,  5.82it/s, v_num=t-12, loss/train=3.690]Epoch 0:  14%|█▍        | 885/6208 [02:32<15:14,  5.82it/s, v_num=t-12, loss/train=3.690]Epoch 0:  14%|█▍        | 885/6208 [02:32<15:14,  5.82it/s, v_num=t-12, loss/train=4.030]Epoch 0:  14%|█▍        | 886/6208 [02:32<15:14,  5.82it/s, v_num=t-12, loss/train=4.030]Epoch 0:  14%|█▍        | 886/6208 [02:32<15:14,  5.82it/s, v_num=t-12, loss/train=3.550]Epoch 0:  14%|█▍        | 887/6208 [02:32<15:14,  5.82it/s, v_num=t-12, loss/train=3.550]Epoch 0:  14%|█▍        | 887/6208 [02:32<15:14,  5.82it/s, v_num=t-12, loss/train=3.430]Epoch 0:  14%|█▍        | 888/6208 [02:32<15:13,  5.82it/s, v_num=t-12, loss/train=3.430]Epoch 0:  14%|█▍        | 888/6208 [02:32<15:13,  5.82it/s, v_num=t-12, loss/train=3.780]Epoch 0:  14%|█▍        | 889/6208 [02:32<15:13,  5.82it/s, v_num=t-12, loss/train=3.780]Epoch 0:  14%|█▍        | 889/6208 [02:32<15:13,  5.82it/s, v_num=t-12, loss/train=3.490]Epoch 0:  14%|█▍        | 890/6208 [02:32<15:13,  5.82it/s, v_num=t-12, loss/train=3.490]Epoch 0:  14%|█▍        | 890/6208 [02:32<15:13,  5.82it/s, v_num=t-12, loss/train=3.460]Epoch 0:  14%|█▍        | 891/6208 [02:33<15:13,  5.82it/s, v_num=t-12, loss/train=3.460]Epoch 0:  14%|█▍        | 891/6208 [02:33<15:13,  5.82it/s, v_num=t-12, loss/train=3.860]Epoch 0:  14%|█▍        | 892/6208 [02:33<15:12,  5.82it/s, v_num=t-12, loss/train=3.860]Epoch 0:  14%|█▍        | 892/6208 [02:33<15:12,  5.82it/s, v_num=t-12, loss/train=3.660]Epoch 0:  14%|█▍        | 893/6208 [02:33<15:12,  5.82it/s, v_num=t-12, loss/train=3.660]Epoch 0:  14%|█▍        | 893/6208 [02:33<15:12,  5.82it/s, v_num=t-12, loss/train=3.650]Epoch 0:  14%|█▍        | 894/6208 [02:33<15:12,  5.82it/s, v_num=t-12, loss/train=3.650]Epoch 0:  14%|█▍        | 894/6208 [02:33<15:12,  5.82it/s, v_num=t-12, loss/train=3.910]Epoch 0:  14%|█▍        | 895/6208 [02:33<15:12,  5.82it/s, v_num=t-12, loss/train=3.910]Epoch 0:  14%|█▍        | 895/6208 [02:33<15:12,  5.82it/s, v_num=t-12, loss/train=4.380]Epoch 0:  14%|█▍        | 896/6208 [02:33<15:12,  5.82it/s, v_num=t-12, loss/train=4.380]Epoch 0:  14%|█▍        | 896/6208 [02:33<15:12,  5.82it/s, v_num=t-12, loss/train=4.200]Epoch 0:  14%|█▍        | 897/6208 [02:34<15:13,  5.82it/s, v_num=t-12, loss/train=4.200]Epoch 0:  14%|█▍        | 897/6208 [02:34<15:13,  5.82it/s, v_num=t-12, loss/train=3.520]Epoch 0:  14%|█▍        | 898/6208 [02:34<15:12,  5.82it/s, v_num=t-12, loss/train=3.520]Epoch 0:  14%|█▍        | 898/6208 [02:34<15:12,  5.82it/s, v_num=t-12, loss/train=3.100]Epoch 0:  14%|█▍        | 899/6208 [02:34<15:12,  5.82it/s, v_num=t-12, loss/train=3.100]Epoch 0:  14%|█▍        | 899/6208 [02:34<15:12,  5.82it/s, v_num=t-12, loss/train=4.060]Epoch 0:  14%|█▍        | 900/6208 [02:34<15:12,  5.82it/s, v_num=t-12, loss/train=4.060]Epoch 0:  14%|█▍        | 900/6208 [02:34<15:12,  5.82it/s, v_num=t-12, loss/train=3.670]Epoch 0:  15%|█▍        | 901/6208 [02:34<15:12,  5.82it/s, v_num=t-12, loss/train=3.670]Epoch 0:  15%|█▍        | 901/6208 [02:34<15:12,  5.82it/s, v_num=t-12, loss/train=3.700]Epoch 0:  15%|█▍        | 902/6208 [02:35<15:12,  5.82it/s, v_num=t-12, loss/train=3.700]Epoch 0:  15%|█▍        | 902/6208 [02:35<15:12,  5.82it/s, v_num=t-12, loss/train=4.070]Epoch 0:  15%|█▍        | 903/6208 [02:35<15:11,  5.82it/s, v_num=t-12, loss/train=4.070]Epoch 0:  15%|█▍        | 903/6208 [02:35<15:11,  5.82it/s, v_num=t-12, loss/train=4.090]Epoch 0:  15%|█▍        | 904/6208 [02:35<15:11,  5.82it/s, v_num=t-12, loss/train=4.090]Epoch 0:  15%|█▍        | 904/6208 [02:35<15:11,  5.82it/s, v_num=t-12, loss/train=3.550]Epoch 0:  15%|█▍        | 905/6208 [02:35<15:11,  5.82it/s, v_num=t-12, loss/train=3.550]Epoch 0:  15%|█▍        | 905/6208 [02:35<15:11,  5.82it/s, v_num=t-12, loss/train=4.000]Epoch 0:  15%|█▍        | 906/6208 [02:35<15:10,  5.82it/s, v_num=t-12, loss/train=4.000]Epoch 0:  15%|█▍        | 906/6208 [02:35<15:11,  5.82it/s, v_num=t-12, loss/train=4.010]Epoch 0:  15%|█▍        | 907/6208 [02:35<15:10,  5.82it/s, v_num=t-12, loss/train=4.010]Epoch 0:  15%|█▍        | 907/6208 [02:35<15:10,  5.82it/s, v_num=t-12, loss/train=3.320]Epoch 0:  15%|█▍        | 908/6208 [02:36<15:11,  5.82it/s, v_num=t-12, loss/train=3.320]Epoch 0:  15%|█▍        | 908/6208 [02:36<15:11,  5.82it/s, v_num=t-12, loss/train=3.960]Epoch 0:  15%|█▍        | 909/6208 [02:36<15:10,  5.82it/s, v_num=t-12, loss/train=3.960]Epoch 0:  15%|█▍        | 909/6208 [02:36<15:11,  5.82it/s, v_num=t-12, loss/train=3.180]Epoch 0:  15%|█▍        | 910/6208 [02:36<15:10,  5.82it/s, v_num=t-12, loss/train=3.180]Epoch 0:  15%|█▍        | 910/6208 [02:36<15:10,  5.82it/s, v_num=t-12, loss/train=3.800]Epoch 0:  15%|█▍        | 911/6208 [02:36<15:10,  5.82it/s, v_num=t-12, loss/train=3.800]Epoch 0:  15%|█▍        | 911/6208 [02:36<15:10,  5.82it/s, v_num=t-12, loss/train=4.010]Epoch 0:  15%|█▍        | 912/6208 [02:36<15:10,  5.82it/s, v_num=t-12, loss/train=4.010]Epoch 0:  15%|█▍        | 912/6208 [02:36<15:10,  5.82it/s, v_num=t-12, loss/train=3.700]Epoch 0:  15%|█▍        | 913/6208 [02:36<15:10,  5.82it/s, v_num=t-12, loss/train=3.700]Epoch 0:  15%|█▍        | 913/6208 [02:36<15:10,  5.82it/s, v_num=t-12, loss/train=3.270]Epoch 0:  15%|█▍        | 914/6208 [02:37<15:09,  5.82it/s, v_num=t-12, loss/train=3.270]Epoch 0:  15%|█▍        | 914/6208 [02:37<15:09,  5.82it/s, v_num=t-12, loss/train=3.660]Epoch 0:  15%|█▍        | 915/6208 [02:37<15:09,  5.82it/s, v_num=t-12, loss/train=3.660]Epoch 0:  15%|█▍        | 915/6208 [02:37<15:09,  5.82it/s, v_num=t-12, loss/train=3.440]Epoch 0:  15%|█▍        | 916/6208 [02:37<15:09,  5.82it/s, v_num=t-12, loss/train=3.440]Epoch 0:  15%|█▍        | 916/6208 [02:37<15:09,  5.82it/s, v_num=t-12, loss/train=3.910]Epoch 0:  15%|█▍        | 917/6208 [02:37<15:08,  5.82it/s, v_num=t-12, loss/train=3.910]Epoch 0:  15%|█▍        | 917/6208 [02:37<15:08,  5.82it/s, v_num=t-12, loss/train=3.450]Epoch 0:  15%|█▍        | 918/6208 [02:37<15:08,  5.82it/s, v_num=t-12, loss/train=3.450]Epoch 0:  15%|█▍        | 918/6208 [02:37<15:08,  5.82it/s, v_num=t-12, loss/train=4.590]Epoch 0:  15%|█▍        | 919/6208 [02:37<15:08,  5.82it/s, v_num=t-12, loss/train=4.590]Epoch 0:  15%|█▍        | 919/6208 [02:37<15:08,  5.82it/s, v_num=t-12, loss/train=5.000]Epoch 0:  15%|█▍        | 920/6208 [02:38<15:08,  5.82it/s, v_num=t-12, loss/train=5.000]Epoch 0:  15%|█▍        | 920/6208 [02:38<15:08,  5.82it/s, v_num=t-12, loss/train=4.960]Epoch 0:  15%|█▍        | 921/6208 [02:38<15:07,  5.82it/s, v_num=t-12, loss/train=4.960]Epoch 0:  15%|█▍        | 921/6208 [02:38<15:07,  5.82it/s, v_num=t-12, loss/train=3.550]Epoch 0:  15%|█▍        | 922/6208 [02:38<15:07,  5.82it/s, v_num=t-12, loss/train=3.550]Epoch 0:  15%|█▍        | 922/6208 [02:38<15:07,  5.82it/s, v_num=t-12, loss/train=3.740]Epoch 0:  15%|█▍        | 923/6208 [02:38<15:07,  5.82it/s, v_num=t-12, loss/train=3.740]Epoch 0:  15%|█▍        | 923/6208 [02:38<15:07,  5.82it/s, v_num=t-12, loss/train=3.830]Epoch 0:  15%|█▍        | 924/6208 [02:38<15:07,  5.82it/s, v_num=t-12, loss/train=3.830]Epoch 0:  15%|█▍        | 924/6208 [02:38<15:07,  5.82it/s, v_num=t-12, loss/train=4.530]Epoch 0:  15%|█▍        | 925/6208 [02:38<15:06,  5.83it/s, v_num=t-12, loss/train=4.530]Epoch 0:  15%|█▍        | 925/6208 [02:38<15:06,  5.82it/s, v_num=t-12, loss/train=4.140]Epoch 0:  15%|█▍        | 926/6208 [02:38<15:06,  5.83it/s, v_num=t-12, loss/train=4.140]Epoch 0:  15%|█▍        | 926/6208 [02:38<15:06,  5.83it/s, v_num=t-12, loss/train=4.300]Epoch 0:  15%|█▍        | 927/6208 [02:39<15:06,  5.83it/s, v_num=t-12, loss/train=4.300]Epoch 0:  15%|█▍        | 927/6208 [02:39<15:06,  5.83it/s, v_num=t-12, loss/train=4.480]Epoch 0:  15%|█▍        | 928/6208 [02:39<15:06,  5.83it/s, v_num=t-12, loss/train=4.480]Epoch 0:  15%|█▍        | 928/6208 [02:39<15:06,  5.83it/s, v_num=t-12, loss/train=3.670]Epoch 0:  15%|█▍        | 929/6208 [02:39<15:06,  5.83it/s, v_num=t-12, loss/train=3.670]Epoch 0:  15%|█▍        | 929/6208 [02:39<15:06,  5.83it/s, v_num=t-12, loss/train=3.390]Epoch 0:  15%|█▍        | 930/6208 [02:39<15:05,  5.83it/s, v_num=t-12, loss/train=3.390]Epoch 0:  15%|█▍        | 930/6208 [02:39<15:05,  5.83it/s, v_num=t-12, loss/train=3.260]Epoch 0:  15%|█▍        | 931/6208 [02:39<15:05,  5.83it/s, v_num=t-12, loss/train=3.260]Epoch 0:  15%|█▍        | 931/6208 [02:39<15:05,  5.83it/s, v_num=t-12, loss/train=3.110]Epoch 0:  15%|█▌        | 932/6208 [02:39<15:05,  5.83it/s, v_num=t-12, loss/train=3.110]Epoch 0:  15%|█▌        | 932/6208 [02:39<15:05,  5.83it/s, v_num=t-12, loss/train=4.000]Epoch 0:  15%|█▌        | 933/6208 [02:40<15:04,  5.83it/s, v_num=t-12, loss/train=4.000]Epoch 0:  15%|█▌        | 933/6208 [02:40<15:04,  5.83it/s, v_num=t-12, loss/train=2.960]Epoch 0:  15%|█▌        | 934/6208 [02:40<15:04,  5.83it/s, v_num=t-12, loss/train=2.960]Epoch 0:  15%|█▌        | 934/6208 [02:40<15:04,  5.83it/s, v_num=t-12, loss/train=3.530]Epoch 0:  15%|█▌        | 935/6208 [02:40<15:04,  5.83it/s, v_num=t-12, loss/train=3.530]Epoch 0:  15%|█▌        | 935/6208 [02:40<15:04,  5.83it/s, v_num=t-12, loss/train=4.750]Epoch 0:  15%|█▌        | 936/6208 [02:40<15:04,  5.83it/s, v_num=t-12, loss/train=4.750]Epoch 0:  15%|█▌        | 936/6208 [02:40<15:04,  5.83it/s, v_num=t-12, loss/train=4.040]Epoch 0:  15%|█▌        | 937/6208 [02:40<15:03,  5.83it/s, v_num=t-12, loss/train=4.040]Epoch 0:  15%|█▌        | 937/6208 [02:40<15:04,  5.83it/s, v_num=t-12, loss/train=4.080]Epoch 0:  15%|█▌        | 938/6208 [02:40<15:03,  5.83it/s, v_num=t-12, loss/train=4.080]Epoch 0:  15%|█▌        | 938/6208 [02:40<15:03,  5.83it/s, v_num=t-12, loss/train=3.480]Epoch 0:  15%|█▌        | 939/6208 [02:41<15:03,  5.83it/s, v_num=t-12, loss/train=3.480]Epoch 0:  15%|█▌        | 939/6208 [02:41<15:03,  5.83it/s, v_num=t-12, loss/train=3.560]Epoch 0:  15%|█▌        | 940/6208 [02:41<15:03,  5.83it/s, v_num=t-12, loss/train=3.560]Epoch 0:  15%|█▌        | 940/6208 [02:41<15:03,  5.83it/s, v_num=t-12, loss/train=3.810]Epoch 0:  15%|█▌        | 941/6208 [02:41<15:03,  5.83it/s, v_num=t-12, loss/train=3.810]Epoch 0:  15%|█▌        | 941/6208 [02:41<15:03,  5.83it/s, v_num=t-12, loss/train=3.640]Epoch 0:  15%|█▌        | 942/6208 [02:41<15:03,  5.83it/s, v_num=t-12, loss/train=3.640]Epoch 0:  15%|█▌        | 942/6208 [02:41<15:03,  5.83it/s, v_num=t-12, loss/train=3.880]Epoch 0:  15%|█▌        | 943/6208 [02:41<15:02,  5.83it/s, v_num=t-12, loss/train=3.880]Epoch 0:  15%|█▌        | 943/6208 [02:41<15:02,  5.83it/s, v_num=t-12, loss/train=2.690]Epoch 0:  15%|█▌        | 944/6208 [02:41<15:02,  5.83it/s, v_num=t-12, loss/train=2.690]Epoch 0:  15%|█▌        | 944/6208 [02:41<15:02,  5.83it/s, v_num=t-12, loss/train=3.100]Epoch 0:  15%|█▌        | 945/6208 [02:41<15:02,  5.83it/s, v_num=t-12, loss/train=3.100]Epoch 0:  15%|█▌        | 945/6208 [02:41<15:02,  5.83it/s, v_num=t-12, loss/train=4.250]Epoch 0:  15%|█▌        | 946/6208 [02:42<15:01,  5.83it/s, v_num=t-12, loss/train=4.250]Epoch 0:  15%|█▌        | 946/6208 [02:42<15:01,  5.83it/s, v_num=t-12, loss/train=3.510]Epoch 0:  15%|█▌        | 947/6208 [02:42<15:01,  5.83it/s, v_num=t-12, loss/train=3.510]Epoch 0:  15%|█▌        | 947/6208 [02:42<15:01,  5.83it/s, v_num=t-12, loss/train=3.820]Epoch 0:  15%|█▌        | 948/6208 [02:42<15:01,  5.83it/s, v_num=t-12, loss/train=3.820]Epoch 0:  15%|█▌        | 948/6208 [02:42<15:01,  5.83it/s, v_num=t-12, loss/train=4.190]Epoch 0:  15%|█▌        | 949/6208 [02:42<15:01,  5.84it/s, v_num=t-12, loss/train=4.190]Epoch 0:  15%|█▌        | 949/6208 [02:42<15:01,  5.83it/s, v_num=t-12, loss/train=3.760]Epoch 0:  15%|█▌        | 950/6208 [02:42<15:00,  5.84it/s, v_num=t-12, loss/train=3.760]Epoch 0:  15%|█▌        | 950/6208 [02:42<15:01,  5.84it/s, v_num=t-12, loss/train=4.350]Epoch 0:  15%|█▌        | 951/6208 [02:42<15:00,  5.83it/s, v_num=t-12, loss/train=4.350]Epoch 0:  15%|█▌        | 951/6208 [02:42<15:00,  5.83it/s, v_num=t-12, loss/train=5.040]Epoch 0:  15%|█▌        | 952/6208 [02:44<15:09,  5.78it/s, v_num=t-12, loss/train=5.040]Epoch 0:  15%|█▌        | 952/6208 [02:44<15:09,  5.78it/s, v_num=t-12, loss/train=4.090]Epoch 0:  15%|█▌        | 953/6208 [02:44<15:09,  5.78it/s, v_num=t-12, loss/train=4.090]Epoch 0:  15%|█▌        | 953/6208 [02:44<15:09,  5.78it/s, v_num=t-12, loss/train=3.990]Epoch 0:  15%|█▌        | 954/6208 [02:45<15:08,  5.78it/s, v_num=t-12, loss/train=3.990]Epoch 0:  15%|█▌        | 954/6208 [02:45<15:09,  5.78it/s, v_num=t-12, loss/train=3.720]Epoch 0:  15%|█▌        | 955/6208 [02:45<15:08,  5.78it/s, v_num=t-12, loss/train=3.720]Epoch 0:  15%|█▌        | 955/6208 [02:45<15:08,  5.78it/s, v_num=t-12, loss/train=3.110]Epoch 0:  15%|█▌        | 956/6208 [02:45<15:08,  5.78it/s, v_num=t-12, loss/train=3.110]Epoch 0:  15%|█▌        | 956/6208 [02:45<15:08,  5.78it/s, v_num=t-12, loss/train=3.450]Epoch 0:  15%|█▌        | 957/6208 [02:45<15:07,  5.78it/s, v_num=t-12, loss/train=3.450]Epoch 0:  15%|█▌        | 957/6208 [02:45<15:08,  5.78it/s, v_num=t-12, loss/train=4.400]Epoch 0:  15%|█▌        | 958/6208 [02:45<15:07,  5.78it/s, v_num=t-12, loss/train=4.400]Epoch 0:  15%|█▌        | 958/6208 [02:45<15:07,  5.78it/s, v_num=t-12, loss/train=4.260]Epoch 0:  15%|█▌        | 959/6208 [02:45<15:07,  5.78it/s, v_num=t-12, loss/train=4.260]Epoch 0:  15%|█▌        | 959/6208 [02:45<15:07,  5.78it/s, v_num=t-12, loss/train=3.530]Epoch 0:  15%|█▌        | 960/6208 [02:45<15:07,  5.78it/s, v_num=t-12, loss/train=3.530]Epoch 0:  15%|█▌        | 960/6208 [02:46<15:07,  5.78it/s, v_num=t-12, loss/train=3.750]Epoch 0:  15%|█▌        | 961/6208 [02:46<15:07,  5.78it/s, v_num=t-12, loss/train=3.750]Epoch 0:  15%|█▌        | 961/6208 [02:46<15:07,  5.78it/s, v_num=t-12, loss/train=3.580]Epoch 0:  15%|█▌        | 962/6208 [02:46<15:06,  5.78it/s, v_num=t-12, loss/train=3.580]Epoch 0:  15%|█▌        | 962/6208 [02:46<15:06,  5.78it/s, v_num=t-12, loss/train=3.720]Epoch 0:  16%|█▌        | 963/6208 [02:46<15:06,  5.79it/s, v_num=t-12, loss/train=3.720]Epoch 0:  16%|█▌        | 963/6208 [02:46<15:06,  5.78it/s, v_num=t-12, loss/train=3.480]Epoch 0:  16%|█▌        | 964/6208 [02:46<15:06,  5.79it/s, v_num=t-12, loss/train=3.480]Epoch 0:  16%|█▌        | 964/6208 [02:46<15:06,  5.79it/s, v_num=t-12, loss/train=4.170]Epoch 0:  16%|█▌        | 965/6208 [02:46<15:06,  5.79it/s, v_num=t-12, loss/train=4.170]Epoch 0:  16%|█▌        | 965/6208 [02:46<15:06,  5.79it/s, v_num=t-12, loss/train=4.600]Epoch 0:  16%|█▌        | 966/6208 [02:46<15:05,  5.79it/s, v_num=t-12, loss/train=4.600]Epoch 0:  16%|█▌        | 966/6208 [02:46<15:05,  5.79it/s, v_num=t-12, loss/train=3.290]Epoch 0:  16%|█▌        | 967/6208 [02:47<15:05,  5.79it/s, v_num=t-12, loss/train=3.290]Epoch 0:  16%|█▌        | 967/6208 [02:47<15:05,  5.79it/s, v_num=t-12, loss/train=3.550]Epoch 0:  16%|█▌        | 968/6208 [02:47<15:07,  5.78it/s, v_num=t-12, loss/train=3.550]Epoch 0:  16%|█▌        | 968/6208 [02:47<15:07,  5.78it/s, v_num=t-12, loss/train=3.870]Epoch 0:  16%|█▌        | 969/6208 [02:47<15:06,  5.78it/s, v_num=t-12, loss/train=3.870]Epoch 0:  16%|█▌        | 969/6208 [02:47<15:06,  5.78it/s, v_num=t-12, loss/train=3.600]Epoch 0:  16%|█▌        | 970/6208 [02:47<15:06,  5.78it/s, v_num=t-12, loss/train=3.600]Epoch 0:  16%|█▌        | 970/6208 [02:47<15:06,  5.78it/s, v_num=t-12, loss/train=3.780]Epoch 0:  16%|█▌        | 971/6208 [02:48<15:06,  5.78it/s, v_num=t-12, loss/train=3.780]Epoch 0:  16%|█▌        | 971/6208 [02:48<15:06,  5.78it/s, v_num=t-12, loss/train=3.000]Epoch 0:  16%|█▌        | 972/6208 [02:48<15:05,  5.78it/s, v_num=t-12, loss/train=3.000]Epoch 0:  16%|█▌        | 972/6208 [02:48<15:05,  5.78it/s, v_num=t-12, loss/train=4.060]Epoch 0:  16%|█▌        | 973/6208 [02:48<15:05,  5.78it/s, v_num=t-12, loss/train=4.060]Epoch 0:  16%|█▌        | 973/6208 [02:48<15:05,  5.78it/s, v_num=t-12, loss/train=3.930]Epoch 0:  16%|█▌        | 974/6208 [02:48<15:06,  5.77it/s, v_num=t-12, loss/train=3.930]Epoch 0:  16%|█▌        | 974/6208 [02:48<15:06,  5.77it/s, v_num=t-12, loss/train=3.530]Epoch 0:  16%|█▌        | 975/6208 [02:48<15:06,  5.77it/s, v_num=t-12, loss/train=3.530]Epoch 0:  16%|█▌        | 975/6208 [02:48<15:06,  5.77it/s, v_num=t-12, loss/train=3.760]Epoch 0:  16%|█▌        | 976/6208 [02:49<15:05,  5.77it/s, v_num=t-12, loss/train=3.760]Epoch 0:  16%|█▌        | 976/6208 [02:49<15:06,  5.77it/s, v_num=t-12, loss/train=3.920]Epoch 0:  16%|█▌        | 977/6208 [02:49<15:05,  5.78it/s, v_num=t-12, loss/train=3.920]Epoch 0:  16%|█▌        | 977/6208 [02:49<15:05,  5.78it/s, v_num=t-12, loss/train=3.490]Epoch 0:  16%|█▌        | 978/6208 [02:49<15:05,  5.78it/s, v_num=t-12, loss/train=3.490]Epoch 0:  16%|█▌        | 978/6208 [02:49<15:05,  5.78it/s, v_num=t-12, loss/train=3.120]Epoch 0:  16%|█▌        | 979/6208 [02:49<15:05,  5.78it/s, v_num=t-12, loss/train=3.120]Epoch 0:  16%|█▌        | 979/6208 [02:49<15:05,  5.78it/s, v_num=t-12, loss/train=3.820]Epoch 0:  16%|█▌        | 980/6208 [02:49<15:04,  5.78it/s, v_num=t-12, loss/train=3.820]Epoch 0:  16%|█▌        | 980/6208 [02:49<15:04,  5.78it/s, v_num=t-12, loss/train=3.870]Epoch 0:  16%|█▌        | 981/6208 [02:49<15:04,  5.78it/s, v_num=t-12, loss/train=3.870]Epoch 0:  16%|█▌        | 981/6208 [02:49<15:04,  5.78it/s, v_num=t-12, loss/train=4.000]Epoch 0:  16%|█▌        | 982/6208 [02:49<15:04,  5.78it/s, v_num=t-12, loss/train=4.000]Epoch 0:  16%|█▌        | 982/6208 [02:49<15:04,  5.78it/s, v_num=t-12, loss/train=3.590]Epoch 0:  16%|█▌        | 983/6208 [02:50<15:04,  5.78it/s, v_num=t-12, loss/train=3.590]Epoch 0:  16%|█▌        | 983/6208 [02:50<15:04,  5.78it/s, v_num=t-12, loss/train=4.000]Epoch 0:  16%|█▌        | 984/6208 [02:50<15:03,  5.78it/s, v_num=t-12, loss/train=4.000]Epoch 0:  16%|█▌        | 984/6208 [02:50<15:03,  5.78it/s, v_num=t-12, loss/train=3.350]Epoch 0:  16%|█▌        | 985/6208 [02:50<15:03,  5.78it/s, v_num=t-12, loss/train=3.350]Epoch 0:  16%|█▌        | 985/6208 [02:50<15:03,  5.78it/s, v_num=t-12, loss/train=4.210]Epoch 0:  16%|█▌        | 986/6208 [02:50<15:03,  5.78it/s, v_num=t-12, loss/train=4.210]Epoch 0:  16%|█▌        | 986/6208 [02:50<15:03,  5.78it/s, v_num=t-12, loss/train=3.420]Epoch 0:  16%|█▌        | 987/6208 [02:50<15:03,  5.78it/s, v_num=t-12, loss/train=3.420]Epoch 0:  16%|█▌        | 987/6208 [02:50<15:03,  5.78it/s, v_num=t-12, loss/train=3.670]Epoch 0:  16%|█▌        | 988/6208 [02:50<15:02,  5.78it/s, v_num=t-12, loss/train=3.670]Epoch 0:  16%|█▌        | 988/6208 [02:50<15:03,  5.78it/s, v_num=t-12, loss/train=3.460]Epoch 0:  16%|█▌        | 989/6208 [02:51<15:02,  5.78it/s, v_num=t-12, loss/train=3.460]Epoch 0:  16%|█▌        | 989/6208 [02:51<15:02,  5.78it/s, v_num=t-12, loss/train=3.720]Epoch 0:  16%|█▌        | 990/6208 [02:51<15:02,  5.78it/s, v_num=t-12, loss/train=3.720]Epoch 0:  16%|█▌        | 990/6208 [02:51<15:02,  5.78it/s, v_num=t-12, loss/train=3.920]Epoch 0:  16%|█▌        | 991/6208 [02:51<15:02,  5.78it/s, v_num=t-12, loss/train=3.920]Epoch 0:  16%|█▌        | 991/6208 [02:51<15:02,  5.78it/s, v_num=t-12, loss/train=4.130]Epoch 0:  16%|█▌        | 992/6208 [02:51<15:02,  5.78it/s, v_num=t-12, loss/train=4.130]Epoch 0:  16%|█▌        | 992/6208 [02:51<15:02,  5.78it/s, v_num=t-12, loss/train=3.540]Epoch 0:  16%|█▌        | 993/6208 [02:51<15:01,  5.78it/s, v_num=t-12, loss/train=3.540]Epoch 0:  16%|█▌        | 993/6208 [02:51<15:01,  5.78it/s, v_num=t-12, loss/train=4.180]Epoch 0:  16%|█▌        | 994/6208 [02:51<15:01,  5.78it/s, v_num=t-12, loss/train=4.180]Epoch 0:  16%|█▌        | 994/6208 [02:51<15:01,  5.78it/s, v_num=t-12, loss/train=3.610]Epoch 0:  16%|█▌        | 995/6208 [02:52<15:01,  5.78it/s, v_num=t-12, loss/train=3.610]Epoch 0:  16%|█▌        | 995/6208 [02:52<15:01,  5.78it/s, v_num=t-12, loss/train=4.120]Epoch 0:  16%|█▌        | 996/6208 [02:52<15:00,  5.78it/s, v_num=t-12, loss/train=4.120]Epoch 0:  16%|█▌        | 996/6208 [02:52<15:01,  5.78it/s, v_num=t-12, loss/train=3.540]Epoch 0:  16%|█▌        | 997/6208 [02:52<15:00,  5.79it/s, v_num=t-12, loss/train=3.540]Epoch 0:  16%|█▌        | 997/6208 [02:52<15:00,  5.78it/s, v_num=t-12, loss/train=4.240]Epoch 0:  16%|█▌        | 998/6208 [02:52<15:00,  5.79it/s, v_num=t-12, loss/train=4.240]Epoch 0:  16%|█▌        | 998/6208 [02:52<15:00,  5.79it/s, v_num=t-12, loss/train=3.850]Epoch 0:  16%|█▌        | 999/6208 [02:52<15:00,  5.79it/s, v_num=t-12, loss/train=3.850]Epoch 0:  16%|█▌        | 999/6208 [02:52<15:00,  5.79it/s, v_num=t-12, loss/train=3.950]Epoch 0:  16%|█▌        | 1000/6208 [02:52<15:00,  5.79it/s, v_num=t-12, loss/train=3.950]Epoch 0:  16%|█▌        | 1000/6208 [02:52<15:00,  5.79it/s, v_num=t-12, loss/train=3.010]Epoch 0:  16%|█▌        | 1001/6208 [02:52<14:59,  5.79it/s, v_num=t-12, loss/train=3.010]Epoch 0:  16%|█▌        | 1001/6208 [02:53<14:59,  5.79it/s, v_num=t-12, loss/train=3.980]Epoch 0:  16%|█▌        | 1002/6208 [02:53<14:59,  5.79it/s, v_num=t-12, loss/train=3.980]Epoch 0:  16%|█▌        | 1002/6208 [02:53<14:59,  5.79it/s, v_num=t-12, loss/train=2.920]Epoch 0:  16%|█▌        | 1003/6208 [02:53<14:59,  5.79it/s, v_num=t-12, loss/train=2.920]Epoch 0:  16%|█▌        | 1003/6208 [02:53<14:59,  5.79it/s, v_num=t-12, loss/train=3.060]Epoch 0:  16%|█▌        | 1004/6208 [02:53<14:59,  5.79it/s, v_num=t-12, loss/train=3.060]Epoch 0:  16%|█▌        | 1004/6208 [02:53<14:59,  5.79it/s, v_num=t-12, loss/train=3.320]Epoch 0:  16%|█▌        | 1005/6208 [02:53<14:58,  5.79it/s, v_num=t-12, loss/train=3.320]Epoch 0:  16%|█▌        | 1005/6208 [02:53<14:58,  5.79it/s, v_num=t-12, loss/train=2.880]Epoch 0:  16%|█▌        | 1006/6208 [02:53<14:58,  5.79it/s, v_num=t-12, loss/train=2.880]Epoch 0:  16%|█▌        | 1006/6208 [02:53<14:58,  5.79it/s, v_num=t-12, loss/train=3.150]Epoch 0:  16%|█▌        | 1007/6208 [02:53<14:58,  5.79it/s, v_num=t-12, loss/train=3.150]Epoch 0:  16%|█▌        | 1007/6208 [02:53<14:58,  5.79it/s, v_num=t-12, loss/train=3.430]Epoch 0:  16%|█▌        | 1008/6208 [02:54<14:57,  5.79it/s, v_num=t-12, loss/train=3.430]Epoch 0:  16%|█▌        | 1008/6208 [02:54<14:58,  5.79it/s, v_num=t-12, loss/train=3.940]Epoch 0:  16%|█▋        | 1009/6208 [02:54<14:57,  5.79it/s, v_num=t-12, loss/train=3.940]Epoch 0:  16%|█▋        | 1009/6208 [02:54<14:57,  5.79it/s, v_num=t-12, loss/train=3.200]Epoch 0:  16%|█▋        | 1010/6208 [02:54<14:57,  5.79it/s, v_num=t-12, loss/train=3.200]Epoch 0:  16%|█▋        | 1010/6208 [02:54<14:57,  5.79it/s, v_num=t-12, loss/train=3.740]Epoch 0:  16%|█▋        | 1011/6208 [02:54<14:57,  5.79it/s, v_num=t-12, loss/train=3.740]Epoch 0:  16%|█▋        | 1011/6208 [02:54<14:57,  5.79it/s, v_num=t-12, loss/train=3.170]Epoch 0:  16%|█▋        | 1012/6208 [02:54<14:57,  5.79it/s, v_num=t-12, loss/train=3.170]Epoch 0:  16%|█▋        | 1012/6208 [02:54<14:57,  5.79it/s, v_num=t-12, loss/train=3.170]Epoch 0:  16%|█▋        | 1013/6208 [02:54<14:56,  5.79it/s, v_num=t-12, loss/train=3.170]Epoch 0:  16%|█▋        | 1013/6208 [02:54<14:57,  5.79it/s, v_num=t-12, loss/train=3.150]Epoch 0:  16%|█▋        | 1014/6208 [02:55<14:56,  5.79it/s, v_num=t-12, loss/train=3.150]Epoch 0:  16%|█▋        | 1014/6208 [02:55<14:56,  5.79it/s, v_num=t-12, loss/train=3.470]Epoch 0:  16%|█▋        | 1015/6208 [02:55<14:56,  5.79it/s, v_num=t-12, loss/train=3.470]Epoch 0:  16%|█▋        | 1015/6208 [02:55<14:56,  5.79it/s, v_num=t-12, loss/train=4.130]Epoch 0:  16%|█▋        | 1016/6208 [02:55<14:57,  5.78it/s, v_num=t-12, loss/train=4.130]Epoch 0:  16%|█▋        | 1016/6208 [02:55<14:57,  5.78it/s, v_num=t-12, loss/train=3.710]Epoch 0:  16%|█▋        | 1017/6208 [02:55<14:57,  5.79it/s, v_num=t-12, loss/train=3.710]Epoch 0:  16%|█▋        | 1017/6208 [02:55<14:57,  5.78it/s, v_num=t-12, loss/train=3.340]Epoch 0:  16%|█▋        | 1018/6208 [02:55<14:56,  5.79it/s, v_num=t-12, loss/train=3.340]Epoch 0:  16%|█▋        | 1018/6208 [02:55<14:56,  5.79it/s, v_num=t-12, loss/train=4.420]Epoch 0:  16%|█▋        | 1019/6208 [02:56<14:56,  5.79it/s, v_num=t-12, loss/train=4.420]Epoch 0:  16%|█▋        | 1019/6208 [02:56<14:56,  5.79it/s, v_num=t-12, loss/train=4.020]Epoch 0:  16%|█▋        | 1020/6208 [02:56<14:56,  5.79it/s, v_num=t-12, loss/train=4.020]Epoch 0:  16%|█▋        | 1020/6208 [02:56<14:56,  5.79it/s, v_num=t-12, loss/train=3.620]Epoch 0:  16%|█▋        | 1021/6208 [02:56<14:56,  5.79it/s, v_num=t-12, loss/train=3.620]Epoch 0:  16%|█▋        | 1021/6208 [02:56<14:56,  5.79it/s, v_num=t-12, loss/train=4.050]Epoch 0:  16%|█▋        | 1022/6208 [02:56<14:56,  5.79it/s, v_num=t-12, loss/train=4.050]Epoch 0:  16%|█▋        | 1022/6208 [02:56<14:56,  5.79it/s, v_num=t-12, loss/train=3.660]Epoch 0:  16%|█▋        | 1023/6208 [02:56<14:55,  5.79it/s, v_num=t-12, loss/train=3.660]Epoch 0:  16%|█▋        | 1023/6208 [02:56<14:55,  5.79it/s, v_num=t-12, loss/train=3.370]Epoch 0:  16%|█▋        | 1024/6208 [02:56<14:55,  5.79it/s, v_num=t-12, loss/train=3.370]Epoch 0:  16%|█▋        | 1024/6208 [02:56<14:55,  5.79it/s, v_num=t-12, loss/train=3.520]Epoch 0:  17%|█▋        | 1025/6208 [02:57<14:55,  5.79it/s, v_num=t-12, loss/train=3.520]Epoch 0:  17%|█▋        | 1025/6208 [02:57<14:55,  5.79it/s, v_num=t-12, loss/train=3.880]Epoch 0:  17%|█▋        | 1026/6208 [02:57<14:55,  5.79it/s, v_num=t-12, loss/train=3.880]Epoch 0:  17%|█▋        | 1026/6208 [02:57<14:55,  5.79it/s, v_num=t-12, loss/train=3.710]Epoch 0:  17%|█▋        | 1027/6208 [02:57<14:54,  5.79it/s, v_num=t-12, loss/train=3.710]Epoch 0:  17%|█▋        | 1027/6208 [02:57<14:54,  5.79it/s, v_num=t-12, loss/train=3.200]Epoch 0:  17%|█▋        | 1028/6208 [02:57<14:54,  5.79it/s, v_num=t-12, loss/train=3.200]Epoch 0:  17%|█▋        | 1028/6208 [02:57<14:54,  5.79it/s, v_num=t-12, loss/train=4.480]Epoch 0:  17%|█▋        | 1029/6208 [02:57<14:54,  5.79it/s, v_num=t-12, loss/train=4.480]Epoch 0:  17%|█▋        | 1029/6208 [02:57<14:54,  5.79it/s, v_num=t-12, loss/train=4.720]Epoch 0:  17%|█▋        | 1030/6208 [02:57<14:54,  5.79it/s, v_num=t-12, loss/train=4.720]Epoch 0:  17%|█▋        | 1030/6208 [02:57<14:54,  5.79it/s, v_num=t-12, loss/train=4.210]Epoch 0:  17%|█▋        | 1031/6208 [02:58<14:53,  5.79it/s, v_num=t-12, loss/train=4.210]Epoch 0:  17%|█▋        | 1031/6208 [02:58<14:53,  5.79it/s, v_num=t-12, loss/train=3.420]Epoch 0:  17%|█▋        | 1032/6208 [02:58<14:53,  5.79it/s, v_num=t-12, loss/train=3.420]Epoch 0:  17%|█▋        | 1032/6208 [02:58<14:53,  5.79it/s, v_num=t-12, loss/train=3.890]Epoch 0:  17%|█▋        | 1033/6208 [02:58<14:53,  5.79it/s, v_num=t-12, loss/train=3.890]Epoch 0:  17%|█▋        | 1033/6208 [02:58<14:53,  5.79it/s, v_num=t-12, loss/train=4.390]Epoch 0:  17%|█▋        | 1034/6208 [02:58<14:53,  5.79it/s, v_num=t-12, loss/train=4.390]Epoch 0:  17%|█▋        | 1034/6208 [02:58<14:53,  5.79it/s, v_num=t-12, loss/train=3.190]Epoch 0:  17%|█▋        | 1035/6208 [02:58<14:52,  5.79it/s, v_num=t-12, loss/train=3.190]Epoch 0:  17%|█▋        | 1035/6208 [02:58<14:53,  5.79it/s, v_num=t-12, loss/train=3.970]Epoch 0:  17%|█▋        | 1036/6208 [02:58<14:52,  5.79it/s, v_num=t-12, loss/train=3.970]Epoch 0:  17%|█▋        | 1036/6208 [02:58<14:52,  5.79it/s, v_num=t-12, loss/train=4.620]Epoch 0:  17%|█▋        | 1037/6208 [02:59<14:52,  5.79it/s, v_num=t-12, loss/train=4.620]Epoch 0:  17%|█▋        | 1037/6208 [02:59<14:52,  5.79it/s, v_num=t-12, loss/train=4.050]Epoch 0:  17%|█▋        | 1038/6208 [02:59<14:52,  5.79it/s, v_num=t-12, loss/train=4.050]Epoch 0:  17%|█▋        | 1038/6208 [02:59<14:52,  5.79it/s, v_num=t-12, loss/train=3.750]Epoch 0:  17%|█▋        | 1039/6208 [02:59<14:52,  5.79it/s, v_num=t-12, loss/train=3.750]Epoch 0:  17%|█▋        | 1039/6208 [02:59<14:52,  5.79it/s, v_num=t-12, loss/train=3.550]Epoch 0:  17%|█▋        | 1040/6208 [02:59<14:51,  5.79it/s, v_num=t-12, loss/train=3.550]Epoch 0:  17%|█▋        | 1040/6208 [02:59<14:51,  5.79it/s, v_num=t-12, loss/train=3.660]Epoch 0:  17%|█▋        | 1041/6208 [02:59<14:51,  5.79it/s, v_num=t-12, loss/train=3.660]Epoch 0:  17%|█▋        | 1041/6208 [02:59<14:51,  5.79it/s, v_num=t-12, loss/train=3.750]Epoch 0:  17%|█▋        | 1042/6208 [02:59<14:51,  5.79it/s, v_num=t-12, loss/train=3.750]Epoch 0:  17%|█▋        | 1042/6208 [02:59<14:51,  5.79it/s, v_num=t-12, loss/train=3.910]Epoch 0:  17%|█▋        | 1043/6208 [02:59<14:51,  5.79it/s, v_num=t-12, loss/train=3.910]Epoch 0:  17%|█▋        | 1043/6208 [03:00<14:51,  5.79it/s, v_num=t-12, loss/train=4.360]Epoch 0:  17%|█▋        | 1044/6208 [03:00<14:51,  5.80it/s, v_num=t-12, loss/train=4.360]Epoch 0:  17%|█▋        | 1044/6208 [03:00<14:51,  5.79it/s, v_num=t-12, loss/train=3.430]Epoch 0:  17%|█▋        | 1045/6208 [03:00<14:50,  5.80it/s, v_num=t-12, loss/train=3.430]Epoch 0:  17%|█▋        | 1045/6208 [03:00<14:50,  5.79it/s, v_num=t-12, loss/train=3.860]Epoch 0:  17%|█▋        | 1046/6208 [03:00<14:50,  5.80it/s, v_num=t-12, loss/train=3.860]Epoch 0:  17%|█▋        | 1046/6208 [03:00<14:50,  5.80it/s, v_num=t-12, loss/train=3.330]Epoch 0:  17%|█▋        | 1047/6208 [03:00<14:50,  5.80it/s, v_num=t-12, loss/train=3.330]Epoch 0:  17%|█▋        | 1047/6208 [03:00<14:50,  5.80it/s, v_num=t-12, loss/train=3.510]Epoch 0:  17%|█▋        | 1048/6208 [03:00<14:49,  5.80it/s, v_num=t-12, loss/train=3.510]Epoch 0:  17%|█▋        | 1048/6208 [03:00<14:49,  5.80it/s, v_num=t-12, loss/train=3.600]Epoch 0:  17%|█▋        | 1049/6208 [03:00<14:49,  5.80it/s, v_num=t-12, loss/train=3.600]Epoch 0:  17%|█▋        | 1049/6208 [03:00<14:49,  5.80it/s, v_num=t-12, loss/train=4.120]Epoch 0:  17%|█▋        | 1050/6208 [03:01<14:49,  5.80it/s, v_num=t-12, loss/train=4.120]Epoch 0:  17%|█▋        | 1050/6208 [03:01<14:49,  5.80it/s, v_num=t-12, loss/train=3.340]Epoch 0:  17%|█▋        | 1051/6208 [03:01<14:50,  5.79it/s, v_num=t-12, loss/train=3.340]Epoch 0:  17%|█▋        | 1051/6208 [03:01<14:50,  5.79it/s, v_num=t-12, loss/train=3.670]Epoch 0:  17%|█▋        | 1052/6208 [03:01<14:50,  5.79it/s, v_num=t-12, loss/train=3.670]Epoch 0:  17%|█▋        | 1052/6208 [03:01<14:50,  5.79it/s, v_num=t-12, loss/train=3.550]Epoch 0:  17%|█▋        | 1053/6208 [03:01<14:50,  5.79it/s, v_num=t-12, loss/train=3.550]Epoch 0:  17%|█▋        | 1053/6208 [03:01<14:50,  5.79it/s, v_num=t-12, loss/train=3.710]Epoch 0:  17%|█▋        | 1054/6208 [03:01<14:49,  5.79it/s, v_num=t-12, loss/train=3.710]Epoch 0:  17%|█▋        | 1054/6208 [03:01<14:49,  5.79it/s, v_num=t-12, loss/train=3.400]Epoch 0:  17%|█▋        | 1055/6208 [03:02<14:49,  5.79it/s, v_num=t-12, loss/train=3.400]Epoch 0:  17%|█▋        | 1055/6208 [03:02<14:49,  5.79it/s, v_num=t-12, loss/train=2.800]Epoch 0:  17%|█▋        | 1056/6208 [03:02<14:49,  5.79it/s, v_num=t-12, loss/train=2.800]Epoch 0:  17%|█▋        | 1056/6208 [03:02<14:49,  5.79it/s, v_num=t-12, loss/train=3.230]Epoch 0:  17%|█▋        | 1057/6208 [03:02<14:49,  5.79it/s, v_num=t-12, loss/train=3.230]Epoch 0:  17%|█▋        | 1057/6208 [03:02<14:49,  5.79it/s, v_num=t-12, loss/train=2.960]Epoch 0:  17%|█▋        | 1058/6208 [03:02<14:49,  5.79it/s, v_num=t-12, loss/train=2.960]Epoch 0:  17%|█▋        | 1058/6208 [03:02<14:49,  5.79it/s, v_num=t-12, loss/train=3.640]Epoch 0:  17%|█▋        | 1059/6208 [03:02<14:48,  5.79it/s, v_num=t-12, loss/train=3.640]Epoch 0:  17%|█▋        | 1059/6208 [03:02<14:48,  5.79it/s, v_num=t-12, loss/train=3.370]Epoch 0:  17%|█▋        | 1060/6208 [03:02<14:48,  5.79it/s, v_num=t-12, loss/train=3.370]Epoch 0:  17%|█▋        | 1060/6208 [03:02<14:48,  5.79it/s, v_num=t-12, loss/train=3.580]Epoch 0:  17%|█▋        | 1061/6208 [03:03<14:49,  5.79it/s, v_num=t-12, loss/train=3.580]Epoch 0:  17%|█▋        | 1061/6208 [03:03<14:49,  5.79it/s, v_num=t-12, loss/train=4.080]Epoch 0:  17%|█▋        | 1062/6208 [03:03<14:49,  5.79it/s, v_num=t-12, loss/train=4.080]Epoch 0:  17%|█▋        | 1062/6208 [03:03<14:49,  5.79it/s, v_num=t-12, loss/train=3.860]Epoch 0:  17%|█▋        | 1063/6208 [03:03<14:50,  5.78it/s, v_num=t-12, loss/train=3.860]Epoch 0:  17%|█▋        | 1063/6208 [03:03<14:50,  5.78it/s, v_num=t-12, loss/train=3.190]Epoch 0:  17%|█▋        | 1064/6208 [03:04<14:49,  5.78it/s, v_num=t-12, loss/train=3.190]Epoch 0:  17%|█▋        | 1064/6208 [03:04<14:49,  5.78it/s, v_num=t-12, loss/train=3.300]Epoch 0:  17%|█▋        | 1065/6208 [03:04<14:49,  5.78it/s, v_num=t-12, loss/train=3.300]Epoch 0:  17%|█▋        | 1065/6208 [03:04<14:49,  5.78it/s, v_num=t-12, loss/train=4.060]Epoch 0:  17%|█▋        | 1066/6208 [03:04<14:49,  5.78it/s, v_num=t-12, loss/train=4.060]Epoch 0:  17%|█▋        | 1066/6208 [03:04<14:49,  5.78it/s, v_num=t-12, loss/train=3.140]Epoch 0:  17%|█▋        | 1067/6208 [03:04<14:48,  5.78it/s, v_num=t-12, loss/train=3.140]Epoch 0:  17%|█▋        | 1067/6208 [03:04<14:48,  5.78it/s, v_num=t-12, loss/train=3.040]Epoch 0:  17%|█▋        | 1068/6208 [03:04<14:48,  5.78it/s, v_num=t-12, loss/train=3.040]Epoch 0:  17%|█▋        | 1068/6208 [03:04<14:48,  5.78it/s, v_num=t-12, loss/train=2.970]Epoch 0:  17%|█▋        | 1069/6208 [03:04<14:48,  5.79it/s, v_num=t-12, loss/train=2.970]Epoch 0:  17%|█▋        | 1069/6208 [03:04<14:48,  5.78it/s, v_num=t-12, loss/train=3.050]Epoch 0:  17%|█▋        | 1070/6208 [03:04<14:48,  5.79it/s, v_num=t-12, loss/train=3.050]Epoch 0:  17%|█▋        | 1070/6208 [03:04<14:48,  5.79it/s, v_num=t-12, loss/train=2.810]Epoch 0:  17%|█▋        | 1071/6208 [03:05<14:47,  5.79it/s, v_num=t-12, loss/train=2.810]Epoch 0:  17%|█▋        | 1071/6208 [03:05<14:47,  5.79it/s, v_num=t-12, loss/train=3.400]Epoch 0:  17%|█▋        | 1072/6208 [03:05<14:47,  5.79it/s, v_num=t-12, loss/train=3.400]Epoch 0:  17%|█▋        | 1072/6208 [03:05<14:47,  5.79it/s, v_num=t-12, loss/train=4.270]Epoch 0:  17%|█▋        | 1073/6208 [03:05<14:47,  5.79it/s, v_num=t-12, loss/train=4.270]Epoch 0:  17%|█▋        | 1073/6208 [03:05<14:47,  5.79it/s, v_num=t-12, loss/train=2.980]Epoch 0:  17%|█▋        | 1074/6208 [03:05<14:47,  5.79it/s, v_num=t-12, loss/train=2.980]Epoch 0:  17%|█▋        | 1074/6208 [03:05<14:47,  5.79it/s, v_num=t-12, loss/train=2.900]Epoch 0:  17%|█▋        | 1075/6208 [03:05<14:46,  5.79it/s, v_num=t-12, loss/train=2.900]Epoch 0:  17%|█▋        | 1075/6208 [03:05<14:46,  5.79it/s, v_num=t-12, loss/train=3.070]Epoch 0:  17%|█▋        | 1076/6208 [03:05<14:46,  5.79it/s, v_num=t-12, loss/train=3.070]Epoch 0:  17%|█▋        | 1076/6208 [03:05<14:46,  5.79it/s, v_num=t-12, loss/train=3.950]Epoch 0:  17%|█▋        | 1077/6208 [03:06<14:46,  5.79it/s, v_num=t-12, loss/train=3.950]Epoch 0:  17%|█▋        | 1077/6208 [03:06<14:46,  5.79it/s, v_num=t-12, loss/train=3.320]Epoch 0:  17%|█▋        | 1078/6208 [03:06<14:46,  5.79it/s, v_num=t-12, loss/train=3.320]Epoch 0:  17%|█▋        | 1078/6208 [03:06<14:46,  5.79it/s, v_num=t-12, loss/train=3.450]Epoch 0:  17%|█▋        | 1079/6208 [03:06<14:45,  5.79it/s, v_num=t-12, loss/train=3.450]Epoch 0:  17%|█▋        | 1079/6208 [03:06<14:45,  5.79it/s, v_num=t-12, loss/train=3.810]Epoch 0:  17%|█▋        | 1080/6208 [03:06<14:45,  5.79it/s, v_num=t-12, loss/train=3.810]Epoch 0:  17%|█▋        | 1080/6208 [03:06<14:45,  5.79it/s, v_num=t-12, loss/train=3.510]Epoch 0:  17%|█▋        | 1081/6208 [03:06<14:45,  5.79it/s, v_num=t-12, loss/train=3.510]Epoch 0:  17%|█▋        | 1081/6208 [03:06<14:45,  5.79it/s, v_num=t-12, loss/train=3.190]Epoch 0:  17%|█▋        | 1082/6208 [03:06<14:44,  5.79it/s, v_num=t-12, loss/train=3.190]Epoch 0:  17%|█▋        | 1082/6208 [03:06<14:45,  5.79it/s, v_num=t-12, loss/train=2.870]Epoch 0:  17%|█▋        | 1083/6208 [03:07<14:45,  5.78it/s, v_num=t-12, loss/train=2.870]Epoch 0:  17%|█▋        | 1083/6208 [03:07<14:46,  5.78it/s, v_num=t-12, loss/train=3.940]Epoch 0:  17%|█▋        | 1084/6208 [03:07<14:45,  5.78it/s, v_num=t-12, loss/train=3.940]Epoch 0:  17%|█▋        | 1084/6208 [03:07<14:45,  5.78it/s, v_num=t-12, loss/train=3.750]Epoch 0:  17%|█▋        | 1085/6208 [03:07<14:45,  5.79it/s, v_num=t-12, loss/train=3.750]Epoch 0:  17%|█▋        | 1085/6208 [03:07<14:45,  5.78it/s, v_num=t-12, loss/train=3.130]Epoch 0:  17%|█▋        | 1086/6208 [03:07<14:45,  5.79it/s, v_num=t-12, loss/train=3.130]Epoch 0:  17%|█▋        | 1086/6208 [03:07<14:45,  5.78it/s, v_num=t-12, loss/train=3.090]Epoch 0:  18%|█▊        | 1087/6208 [03:07<14:45,  5.79it/s, v_num=t-12, loss/train=3.090]Epoch 0:  18%|█▊        | 1087/6208 [03:07<14:45,  5.79it/s, v_num=t-12, loss/train=3.560]Epoch 0:  18%|█▊        | 1088/6208 [03:08<14:44,  5.79it/s, v_num=t-12, loss/train=3.560]Epoch 0:  18%|█▊        | 1088/6208 [03:08<14:44,  5.79it/s, v_num=t-12, loss/train=2.740]Epoch 0:  18%|█▊        | 1089/6208 [03:08<14:44,  5.79it/s, v_num=t-12, loss/train=2.740]Epoch 0:  18%|█▊        | 1089/6208 [03:08<14:44,  5.79it/s, v_num=t-12, loss/train=4.680]Epoch 0:  18%|█▊        | 1090/6208 [03:08<14:44,  5.79it/s, v_num=t-12, loss/train=4.680]Epoch 0:  18%|█▊        | 1090/6208 [03:08<14:44,  5.79it/s, v_num=t-12, loss/train=4.460]Epoch 0:  18%|█▊        | 1091/6208 [03:08<14:44,  5.79it/s, v_num=t-12, loss/train=4.460]Epoch 0:  18%|█▊        | 1091/6208 [03:08<14:44,  5.79it/s, v_num=t-12, loss/train=3.850]Epoch 0:  18%|█▊        | 1092/6208 [03:08<14:43,  5.79it/s, v_num=t-12, loss/train=3.850]Epoch 0:  18%|█▊        | 1092/6208 [03:08<14:44,  5.79it/s, v_num=t-12, loss/train=3.650]Epoch 0:  18%|█▊        | 1093/6208 [03:08<14:43,  5.79it/s, v_num=t-12, loss/train=3.650]Epoch 0:  18%|█▊        | 1093/6208 [03:08<14:43,  5.79it/s, v_num=t-12, loss/train=3.460]Epoch 0:  18%|█▊        | 1094/6208 [03:08<14:43,  5.79it/s, v_num=t-12, loss/train=3.460]Epoch 0:  18%|█▊        | 1094/6208 [03:09<14:43,  5.79it/s, v_num=t-12, loss/train=2.550]Epoch 0:  18%|█▊        | 1095/6208 [03:09<14:43,  5.79it/s, v_num=t-12, loss/train=2.550]Epoch 0:  18%|█▊        | 1095/6208 [03:09<14:43,  5.79it/s, v_num=t-12, loss/train=3.830]Epoch 0:  18%|█▊        | 1096/6208 [03:09<14:43,  5.79it/s, v_num=t-12, loss/train=3.830]Epoch 0:  18%|█▊        | 1096/6208 [03:09<14:43,  5.79it/s, v_num=t-12, loss/train=3.320]Epoch 0:  18%|█▊        | 1097/6208 [03:09<14:42,  5.79it/s, v_num=t-12, loss/train=3.320]Epoch 0:  18%|█▊        | 1097/6208 [03:09<14:43,  5.79it/s, v_num=t-12, loss/train=3.520]Epoch 0:  18%|█▊        | 1098/6208 [03:09<14:42,  5.79it/s, v_num=t-12, loss/train=3.520]Epoch 0:  18%|█▊        | 1098/6208 [03:09<14:42,  5.79it/s, v_num=t-12, loss/train=3.940]Epoch 0:  18%|█▊        | 1099/6208 [03:09<14:42,  5.79it/s, v_num=t-12, loss/train=3.940]Epoch 0:  18%|█▊        | 1099/6208 [03:09<14:42,  5.79it/s, v_num=t-12, loss/train=3.200]Epoch 0:  18%|█▊        | 1100/6208 [03:10<14:42,  5.79it/s, v_num=t-12, loss/train=3.200]Epoch 0:  18%|█▊        | 1100/6208 [03:10<14:42,  5.79it/s, v_num=t-12, loss/train=4.030]Epoch 0:  18%|█▊        | 1101/6208 [03:10<14:42,  5.79it/s, v_num=t-12, loss/train=4.030]Epoch 0:  18%|█▊        | 1101/6208 [03:10<14:42,  5.79it/s, v_num=t-12, loss/train=3.680]Epoch 0:  18%|█▊        | 1102/6208 [03:10<14:41,  5.79it/s, v_num=t-12, loss/train=3.680]Epoch 0:  18%|█▊        | 1102/6208 [03:10<14:41,  5.79it/s, v_num=t-12, loss/train=3.480]Epoch 0:  18%|█▊        | 1103/6208 [03:10<14:41,  5.79it/s, v_num=t-12, loss/train=3.480]Epoch 0:  18%|█▊        | 1103/6208 [03:10<14:41,  5.79it/s, v_num=t-12, loss/train=3.590]Epoch 0:  18%|█▊        | 1104/6208 [03:10<14:41,  5.79it/s, v_num=t-12, loss/train=3.590]Epoch 0:  18%|█▊        | 1104/6208 [03:10<14:41,  5.79it/s, v_num=t-12, loss/train=3.470]Epoch 0:  18%|█▊        | 1105/6208 [03:10<14:41,  5.79it/s, v_num=t-12, loss/train=3.470]Epoch 0:  18%|█▊        | 1105/6208 [03:10<14:41,  5.79it/s, v_num=t-12, loss/train=4.140]Epoch 0:  18%|█▊        | 1106/6208 [03:10<14:40,  5.79it/s, v_num=t-12, loss/train=4.140]Epoch 0:  18%|█▊        | 1106/6208 [03:10<14:40,  5.79it/s, v_num=t-12, loss/train=2.860]Epoch 0:  18%|█▊        | 1107/6208 [03:11<14:41,  5.79it/s, v_num=t-12, loss/train=2.860]Epoch 0:  18%|█▊        | 1107/6208 [03:11<14:41,  5.79it/s, v_num=t-12, loss/train=4.130]Epoch 0:  18%|█▊        | 1108/6208 [03:11<14:41,  5.79it/s, v_num=t-12, loss/train=4.130]Epoch 0:  18%|█▊        | 1108/6208 [03:11<14:41,  5.79it/s, v_num=t-12, loss/train=3.740]Epoch 0:  18%|█▊        | 1109/6208 [03:11<14:40,  5.79it/s, v_num=t-12, loss/train=3.740]Epoch 0:  18%|█▊        | 1109/6208 [03:11<14:41,  5.79it/s, v_num=t-12, loss/train=4.430]Epoch 0:  18%|█▊        | 1110/6208 [03:11<14:40,  5.79it/s, v_num=t-12, loss/train=4.430]Epoch 0:  18%|█▊        | 1110/6208 [03:11<14:40,  5.79it/s, v_num=t-12, loss/train=2.850]Epoch 0:  18%|█▊        | 1111/6208 [03:11<14:40,  5.79it/s, v_num=t-12, loss/train=2.850]Epoch 0:  18%|█▊        | 1111/6208 [03:11<14:40,  5.79it/s, v_num=t-12, loss/train=2.860]Epoch 0:  18%|█▊        | 1112/6208 [03:12<14:40,  5.79it/s, v_num=t-12, loss/train=2.860]Epoch 0:  18%|█▊        | 1112/6208 [03:12<14:40,  5.79it/s, v_num=t-12, loss/train=3.630]Epoch 0:  18%|█▊        | 1113/6208 [03:12<14:39,  5.79it/s, v_num=t-12, loss/train=3.630]Epoch 0:  18%|█▊        | 1113/6208 [03:12<14:40,  5.79it/s, v_num=t-12, loss/train=3.860]Epoch 0:  18%|█▊        | 1114/6208 [03:12<14:39,  5.79it/s, v_num=t-12, loss/train=3.860]Epoch 0:  18%|█▊        | 1114/6208 [03:12<14:39,  5.79it/s, v_num=t-12, loss/train=3.410]Epoch 0:  18%|█▊        | 1115/6208 [03:12<14:39,  5.79it/s, v_num=t-12, loss/train=3.410]Epoch 0:  18%|█▊        | 1115/6208 [03:12<14:39,  5.79it/s, v_num=t-12, loss/train=3.260]Epoch 0:  18%|█▊        | 1116/6208 [03:12<14:39,  5.79it/s, v_num=t-12, loss/train=3.260]Epoch 0:  18%|█▊        | 1116/6208 [03:12<14:39,  5.79it/s, v_num=t-12, loss/train=3.930]Epoch 0:  18%|█▊        | 1117/6208 [03:12<14:39,  5.79it/s, v_num=t-12, loss/train=3.930]Epoch 0:  18%|█▊        | 1117/6208 [03:12<14:39,  5.79it/s, v_num=t-12, loss/train=3.170]Epoch 0:  18%|█▊        | 1118/6208 [03:13<14:39,  5.79it/s, v_num=t-12, loss/train=3.170]Epoch 0:  18%|█▊        | 1118/6208 [03:13<14:39,  5.79it/s, v_num=t-12, loss/train=3.670]Epoch 0:  18%|█▊        | 1119/6208 [03:13<14:38,  5.79it/s, v_num=t-12, loss/train=3.670]Epoch 0:  18%|█▊        | 1119/6208 [03:13<14:38,  5.79it/s, v_num=t-12, loss/train=3.390]Epoch 0:  18%|█▊        | 1120/6208 [03:13<14:38,  5.79it/s, v_num=t-12, loss/train=3.390]Epoch 0:  18%|█▊        | 1120/6208 [03:13<14:38,  5.79it/s, v_num=t-12, loss/train=3.340]Epoch 0:  18%|█▊        | 1121/6208 [03:13<14:38,  5.79it/s, v_num=t-12, loss/train=3.340]Epoch 0:  18%|█▊        | 1121/6208 [03:13<14:38,  5.79it/s, v_num=t-12, loss/train=3.060]Epoch 0:  18%|█▊        | 1122/6208 [03:13<14:37,  5.79it/s, v_num=t-12, loss/train=3.060]Epoch 0:  18%|█▊        | 1122/6208 [03:13<14:38,  5.79it/s, v_num=t-12, loss/train=3.050]Epoch 0:  18%|█▊        | 1123/6208 [03:13<14:37,  5.79it/s, v_num=t-12, loss/train=3.050]Epoch 0:  18%|█▊        | 1123/6208 [03:13<14:37,  5.79it/s, v_num=t-12, loss/train=3.950]Epoch 0:  18%|█▊        | 1124/6208 [03:14<14:37,  5.79it/s, v_num=t-12, loss/train=3.950]Epoch 0:  18%|█▊        | 1124/6208 [03:14<14:37,  5.79it/s, v_num=t-12, loss/train=3.450]Epoch 0:  18%|█▊        | 1125/6208 [03:14<14:37,  5.79it/s, v_num=t-12, loss/train=3.450]Epoch 0:  18%|█▊        | 1125/6208 [03:14<14:37,  5.79it/s, v_num=t-12, loss/train=3.690]Epoch 0:  18%|█▊        | 1126/6208 [03:14<14:37,  5.79it/s, v_num=t-12, loss/train=3.690]Epoch 0:  18%|█▊        | 1126/6208 [03:14<14:37,  5.79it/s, v_num=t-12, loss/train=4.290]Epoch 0:  18%|█▊        | 1127/6208 [03:14<14:36,  5.80it/s, v_num=t-12, loss/train=4.290]Epoch 0:  18%|█▊        | 1127/6208 [03:14<14:36,  5.80it/s, v_num=t-12, loss/train=3.350]Epoch 0:  18%|█▊        | 1128/6208 [03:14<14:36,  5.80it/s, v_num=t-12, loss/train=3.350]Epoch 0:  18%|█▊        | 1128/6208 [03:14<14:36,  5.80it/s, v_num=t-12, loss/train=2.860]Epoch 0:  18%|█▊        | 1129/6208 [03:14<14:36,  5.80it/s, v_num=t-12, loss/train=2.860]Epoch 0:  18%|█▊        | 1129/6208 [03:14<14:36,  5.80it/s, v_num=t-12, loss/train=3.120]Epoch 0:  18%|█▊        | 1130/6208 [03:14<14:35,  5.80it/s, v_num=t-12, loss/train=3.120]Epoch 0:  18%|█▊        | 1130/6208 [03:14<14:36,  5.80it/s, v_num=t-12, loss/train=3.160]Epoch 0:  18%|█▊        | 1131/6208 [03:15<14:35,  5.80it/s, v_num=t-12, loss/train=3.160]Epoch 0:  18%|█▊        | 1131/6208 [03:15<14:35,  5.80it/s, v_num=t-12, loss/train=3.250]Epoch 0:  18%|█▊        | 1132/6208 [03:15<14:35,  5.80it/s, v_num=t-12, loss/train=3.250]Epoch 0:  18%|█▊        | 1132/6208 [03:15<14:35,  5.80it/s, v_num=t-12, loss/train=4.010]Epoch 0:  18%|█▊        | 1133/6208 [03:15<14:35,  5.80it/s, v_num=t-12, loss/train=4.010]Epoch 0:  18%|█▊        | 1133/6208 [03:15<14:35,  5.80it/s, v_num=t-12, loss/train=4.110]Epoch 0:  18%|█▊        | 1134/6208 [03:15<14:35,  5.80it/s, v_num=t-12, loss/train=4.110]Epoch 0:  18%|█▊        | 1134/6208 [03:15<14:35,  5.80it/s, v_num=t-12, loss/train=4.250]Epoch 0:  18%|█▊        | 1135/6208 [03:15<14:34,  5.80it/s, v_num=t-12, loss/train=4.250]Epoch 0:  18%|█▊        | 1135/6208 [03:15<14:34,  5.80it/s, v_num=t-12, loss/train=4.030]Epoch 0:  18%|█▊        | 1136/6208 [03:15<14:34,  5.80it/s, v_num=t-12, loss/train=4.030]Epoch 0:  18%|█▊        | 1136/6208 [03:15<14:34,  5.80it/s, v_num=t-12, loss/train=3.730]Epoch 0:  18%|█▊        | 1137/6208 [03:16<14:34,  5.80it/s, v_num=t-12, loss/train=3.730]Epoch 0:  18%|█▊        | 1137/6208 [03:16<14:34,  5.80it/s, v_num=t-12, loss/train=2.940]Epoch 0:  18%|█▊        | 1138/6208 [03:16<14:34,  5.80it/s, v_num=t-12, loss/train=2.940]Epoch 0:  18%|█▊        | 1138/6208 [03:16<14:34,  5.80it/s, v_num=t-12, loss/train=3.690]Epoch 0:  18%|█▊        | 1139/6208 [03:16<14:33,  5.80it/s, v_num=t-12, loss/train=3.690]Epoch 0:  18%|█▊        | 1139/6208 [03:16<14:33,  5.80it/s, v_num=t-12, loss/train=4.120]Epoch 0:  18%|█▊        | 1140/6208 [03:16<14:33,  5.80it/s, v_num=t-12, loss/train=4.120]Epoch 0:  18%|█▊        | 1140/6208 [03:16<14:33,  5.80it/s, v_num=t-12, loss/train=4.070]Epoch 0:  18%|█▊        | 1141/6208 [03:16<14:33,  5.80it/s, v_num=t-12, loss/train=4.070]Epoch 0:  18%|█▊        | 1141/6208 [03:16<14:33,  5.80it/s, v_num=t-12, loss/train=3.340]Epoch 0:  18%|█▊        | 1142/6208 [03:16<14:33,  5.80it/s, v_num=t-12, loss/train=3.340]Epoch 0:  18%|█▊        | 1142/6208 [03:16<14:33,  5.80it/s, v_num=t-12, loss/train=3.600]Epoch 0:  18%|█▊        | 1143/6208 [03:17<14:33,  5.80it/s, v_num=t-12, loss/train=3.600]Epoch 0:  18%|█▊        | 1143/6208 [03:17<14:33,  5.80it/s, v_num=t-12, loss/train=3.560]Epoch 0:  18%|█▊        | 1144/6208 [03:17<14:32,  5.80it/s, v_num=t-12, loss/train=3.560]Epoch 0:  18%|█▊        | 1144/6208 [03:17<14:32,  5.80it/s, v_num=t-12, loss/train=3.200]Epoch 0:  18%|█▊        | 1145/6208 [03:17<14:32,  5.80it/s, v_num=t-12, loss/train=3.200]Epoch 0:  18%|█▊        | 1145/6208 [03:17<14:32,  5.80it/s, v_num=t-12, loss/train=2.980]Epoch 0:  18%|█▊        | 1146/6208 [03:17<14:32,  5.80it/s, v_num=t-12, loss/train=2.980]Epoch 0:  18%|█▊        | 1146/6208 [03:17<14:32,  5.80it/s, v_num=t-12, loss/train=3.340]Epoch 0:  18%|█▊        | 1147/6208 [03:17<14:32,  5.80it/s, v_num=t-12, loss/train=3.340]Epoch 0:  18%|█▊        | 1147/6208 [03:17<14:32,  5.80it/s, v_num=t-12, loss/train=2.900]Epoch 0:  18%|█▊        | 1148/6208 [03:17<14:31,  5.80it/s, v_num=t-12, loss/train=2.900]Epoch 0:  18%|█▊        | 1148/6208 [03:17<14:31,  5.80it/s, v_num=t-12, loss/train=3.290]Epoch 0:  19%|█▊        | 1149/6208 [03:17<14:31,  5.80it/s, v_num=t-12, loss/train=3.290]Epoch 0:  19%|█▊        | 1149/6208 [03:17<14:31,  5.80it/s, v_num=t-12, loss/train=3.460]Epoch 0:  19%|█▊        | 1150/6208 [03:18<14:31,  5.80it/s, v_num=t-12, loss/train=3.460]Epoch 0:  19%|█▊        | 1150/6208 [03:18<14:31,  5.80it/s, v_num=t-12, loss/train=3.550]Epoch 0:  19%|█▊        | 1151/6208 [03:18<14:31,  5.80it/s, v_num=t-12, loss/train=3.550]Epoch 0:  19%|█▊        | 1151/6208 [03:18<14:31,  5.80it/s, v_num=t-12, loss/train=3.410]Epoch 0:  19%|█▊        | 1152/6208 [03:18<14:30,  5.81it/s, v_num=t-12, loss/train=3.410]Epoch 0:  19%|█▊        | 1152/6208 [03:18<14:30,  5.81it/s, v_num=t-12, loss/train=3.410]Epoch 0:  19%|█▊        | 1153/6208 [03:18<14:30,  5.81it/s, v_num=t-12, loss/train=3.410]Epoch 0:  19%|█▊        | 1153/6208 [03:18<14:30,  5.81it/s, v_num=t-12, loss/train=3.100]Epoch 0:  19%|█▊        | 1154/6208 [03:18<14:31,  5.80it/s, v_num=t-12, loss/train=3.100]Epoch 0:  19%|█▊        | 1154/6208 [03:19<14:31,  5.80it/s, v_num=t-12, loss/train=4.150]Epoch 0:  19%|█▊        | 1155/6208 [03:19<14:31,  5.80it/s, v_num=t-12, loss/train=4.150]Epoch 0:  19%|█▊        | 1155/6208 [03:19<14:31,  5.80it/s, v_num=t-12, loss/train=4.360]Epoch 0:  19%|█▊        | 1156/6208 [03:19<14:31,  5.80it/s, v_num=t-12, loss/train=4.360]Epoch 0:  19%|█▊        | 1156/6208 [03:19<14:31,  5.80it/s, v_num=t-12, loss/train=3.120]Epoch 0:  19%|█▊        | 1157/6208 [03:19<14:30,  5.80it/s, v_num=t-12, loss/train=3.120]Epoch 0:  19%|█▊        | 1157/6208 [03:19<14:30,  5.80it/s, v_num=t-12, loss/train=3.150]Epoch 0:  19%|█▊        | 1158/6208 [03:19<14:30,  5.80it/s, v_num=t-12, loss/train=3.150]Epoch 0:  19%|█▊        | 1158/6208 [03:19<14:30,  5.80it/s, v_num=t-12, loss/train=4.080]Epoch 0:  19%|█▊        | 1159/6208 [03:19<14:30,  5.80it/s, v_num=t-12, loss/train=4.080]Epoch 0:  19%|█▊        | 1159/6208 [03:19<14:30,  5.80it/s, v_num=t-12, loss/train=3.830]Epoch 0:  19%|█▊        | 1160/6208 [03:19<14:30,  5.80it/s, v_num=t-12, loss/train=3.830]Epoch 0:  19%|█▊        | 1160/6208 [03:19<14:30,  5.80it/s, v_num=t-12, loss/train=2.860]Epoch 0:  19%|█▊        | 1161/6208 [03:20<14:29,  5.80it/s, v_num=t-12, loss/train=2.860]Epoch 0:  19%|█▊        | 1161/6208 [03:20<14:29,  5.80it/s, v_num=t-12, loss/train=3.960]Epoch 0:  19%|█▊        | 1162/6208 [03:20<14:29,  5.80it/s, v_num=t-12, loss/train=3.960]Epoch 0:  19%|█▊        | 1162/6208 [03:20<14:29,  5.80it/s, v_num=t-12, loss/train=3.440]Epoch 0:  19%|█▊        | 1163/6208 [03:20<14:29,  5.80it/s, v_num=t-12, loss/train=3.440]Epoch 0:  19%|█▊        | 1163/6208 [03:20<14:29,  5.80it/s, v_num=t-12, loss/train=3.700]Epoch 0:  19%|█▉        | 1164/6208 [03:20<14:29,  5.80it/s, v_num=t-12, loss/train=3.700]Epoch 0:  19%|█▉        | 1164/6208 [03:20<14:29,  5.80it/s, v_num=t-12, loss/train=3.500]Epoch 0:  19%|█▉        | 1165/6208 [03:20<14:29,  5.80it/s, v_num=t-12, loss/train=3.500]Epoch 0:  19%|█▉        | 1165/6208 [03:20<14:29,  5.80it/s, v_num=t-12, loss/train=3.680]Epoch 0:  19%|█▉        | 1166/6208 [03:20<14:28,  5.80it/s, v_num=t-12, loss/train=3.680]Epoch 0:  19%|█▉        | 1166/6208 [03:20<14:28,  5.80it/s, v_num=t-12, loss/train=3.600]Epoch 0:  19%|█▉        | 1167/6208 [03:21<14:28,  5.80it/s, v_num=t-12, loss/train=3.600]Epoch 0:  19%|█▉        | 1167/6208 [03:21<14:28,  5.80it/s, v_num=t-12, loss/train=4.630]Epoch 0:  19%|█▉        | 1168/6208 [03:21<14:28,  5.80it/s, v_num=t-12, loss/train=4.630]Epoch 0:  19%|█▉        | 1168/6208 [03:21<14:28,  5.80it/s, v_num=t-12, loss/train=3.280]Epoch 0:  19%|█▉        | 1169/6208 [03:21<14:28,  5.80it/s, v_num=t-12, loss/train=3.280]Epoch 0:  19%|█▉        | 1169/6208 [03:21<14:28,  5.80it/s, v_num=t-12, loss/train=3.180]Epoch 0:  19%|█▉        | 1170/6208 [03:21<14:28,  5.80it/s, v_num=t-12, loss/train=3.180]Epoch 0:  19%|█▉        | 1170/6208 [03:21<14:28,  5.80it/s, v_num=t-12, loss/train=3.260]Epoch 0:  19%|█▉        | 1171/6208 [03:21<14:28,  5.80it/s, v_num=t-12, loss/train=3.260]Epoch 0:  19%|█▉        | 1171/6208 [03:21<14:28,  5.80it/s, v_num=t-12, loss/train=3.070]Epoch 0:  19%|█▉        | 1172/6208 [03:21<14:27,  5.80it/s, v_num=t-12, loss/train=3.070]Epoch 0:  19%|█▉        | 1172/6208 [03:21<14:27,  5.80it/s, v_num=t-12, loss/train=3.170]Epoch 0:  19%|█▉        | 1173/6208 [03:22<14:27,  5.80it/s, v_num=t-12, loss/train=3.170]Epoch 0:  19%|█▉        | 1173/6208 [03:22<14:27,  5.80it/s, v_num=t-12, loss/train=3.140]Epoch 0:  19%|█▉        | 1174/6208 [03:22<14:27,  5.80it/s, v_num=t-12, loss/train=3.140]Epoch 0:  19%|█▉        | 1174/6208 [03:22<14:27,  5.80it/s, v_num=t-12, loss/train=3.390]Epoch 0:  19%|█▉        | 1175/6208 [03:22<14:27,  5.80it/s, v_num=t-12, loss/train=3.390]Epoch 0:  19%|█▉        | 1175/6208 [03:22<14:27,  5.80it/s, v_num=t-12, loss/train=3.060]Epoch 0:  19%|█▉        | 1176/6208 [03:22<14:26,  5.80it/s, v_num=t-12, loss/train=3.060]Epoch 0:  19%|█▉        | 1176/6208 [03:22<14:27,  5.80it/s, v_num=t-12, loss/train=3.480]Epoch 0:  19%|█▉        | 1177/6208 [03:22<14:26,  5.80it/s, v_num=t-12, loss/train=3.480]Epoch 0:  19%|█▉        | 1177/6208 [03:22<14:26,  5.80it/s, v_num=t-12, loss/train=4.390]Epoch 0:  19%|█▉        | 1178/6208 [03:22<14:26,  5.81it/s, v_num=t-12, loss/train=4.390]Epoch 0:  19%|█▉        | 1178/6208 [03:22<14:26,  5.80it/s, v_num=t-12, loss/train=3.980]Epoch 0:  19%|█▉        | 1179/6208 [03:23<14:26,  5.81it/s, v_num=t-12, loss/train=3.980]Epoch 0:  19%|█▉        | 1179/6208 [03:23<14:26,  5.80it/s, v_num=t-12, loss/train=3.240]Epoch 0:  19%|█▉        | 1180/6208 [03:23<14:26,  5.80it/s, v_num=t-12, loss/train=3.240]Epoch 0:  19%|█▉        | 1180/6208 [03:23<14:26,  5.80it/s, v_num=t-12, loss/train=3.520]Epoch 0:  19%|█▉        | 1181/6208 [03:23<14:25,  5.80it/s, v_num=t-12, loss/train=3.520]Epoch 0:  19%|█▉        | 1181/6208 [03:23<14:25,  5.80it/s, v_num=t-12, loss/train=4.230]Epoch 0:  19%|█▉        | 1182/6208 [03:23<14:25,  5.81it/s, v_num=t-12, loss/train=4.230]Epoch 0:  19%|█▉        | 1182/6208 [03:23<14:25,  5.81it/s, v_num=t-12, loss/train=3.800]Epoch 0:  19%|█▉        | 1183/6208 [03:23<14:25,  5.81it/s, v_num=t-12, loss/train=3.800]Epoch 0:  19%|█▉        | 1183/6208 [03:23<14:25,  5.81it/s, v_num=t-12, loss/train=3.420]Epoch 0:  19%|█▉        | 1184/6208 [03:24<14:26,  5.80it/s, v_num=t-12, loss/train=3.420]Epoch 0:  19%|█▉        | 1184/6208 [03:24<14:26,  5.80it/s, v_num=t-12, loss/train=3.370]Epoch 0:  19%|█▉        | 1185/6208 [03:24<14:25,  5.80it/s, v_num=t-12, loss/train=3.370]Epoch 0:  19%|█▉        | 1185/6208 [03:24<14:25,  5.80it/s, v_num=t-12, loss/train=2.970]Epoch 0:  19%|█▉        | 1186/6208 [03:24<14:25,  5.80it/s, v_num=t-12, loss/train=2.970]Epoch 0:  19%|█▉        | 1186/6208 [03:24<14:25,  5.80it/s, v_num=t-12, loss/train=2.940]Epoch 0:  19%|█▉        | 1187/6208 [03:24<14:25,  5.80it/s, v_num=t-12, loss/train=2.940]Epoch 0:  19%|█▉        | 1187/6208 [03:24<14:25,  5.80it/s, v_num=t-12, loss/train=3.680]Epoch 0:  19%|█▉        | 1188/6208 [03:24<14:25,  5.80it/s, v_num=t-12, loss/train=3.680]Epoch 0:  19%|█▉        | 1188/6208 [03:24<14:25,  5.80it/s, v_num=t-12, loss/train=3.560]Epoch 0:  19%|█▉        | 1189/6208 [03:24<14:24,  5.80it/s, v_num=t-12, loss/train=3.560]Epoch 0:  19%|█▉        | 1189/6208 [03:24<14:25,  5.80it/s, v_num=t-12, loss/train=3.520]Epoch 0:  19%|█▉        | 1190/6208 [03:25<14:24,  5.80it/s, v_num=t-12, loss/train=3.520]Epoch 0:  19%|█▉        | 1190/6208 [03:25<14:24,  5.80it/s, v_num=t-12, loss/train=3.250]Epoch 0:  19%|█▉        | 1191/6208 [03:25<14:24,  5.80it/s, v_num=t-12, loss/train=3.250]Epoch 0:  19%|█▉        | 1191/6208 [03:25<14:24,  5.80it/s, v_num=t-12, loss/train=3.160]Epoch 0:  19%|█▉        | 1192/6208 [03:25<14:24,  5.80it/s, v_num=t-12, loss/train=3.160]Epoch 0:  19%|█▉        | 1192/6208 [03:25<14:24,  5.80it/s, v_num=t-12, loss/train=2.950]Epoch 0:  19%|█▉        | 1193/6208 [03:25<14:24,  5.80it/s, v_num=t-12, loss/train=2.950]Epoch 0:  19%|█▉        | 1193/6208 [03:25<14:24,  5.80it/s, v_num=t-12, loss/train=3.330]Epoch 0:  19%|█▉        | 1194/6208 [03:25<14:24,  5.80it/s, v_num=t-12, loss/train=3.330]Epoch 0:  19%|█▉        | 1194/6208 [03:25<14:24,  5.80it/s, v_num=t-12, loss/train=3.690]Epoch 0:  19%|█▉        | 1195/6208 [03:25<14:23,  5.80it/s, v_num=t-12, loss/train=3.690]Epoch 0:  19%|█▉        | 1195/6208 [03:25<14:23,  5.80it/s, v_num=t-12, loss/train=3.060]Epoch 0:  19%|█▉        | 1196/6208 [03:26<14:23,  5.81it/s, v_num=t-12, loss/train=3.060]Epoch 0:  19%|█▉        | 1196/6208 [03:26<14:23,  5.80it/s, v_num=t-12, loss/train=3.600]Epoch 0:  19%|█▉        | 1197/6208 [03:26<14:23,  5.81it/s, v_num=t-12, loss/train=3.600]Epoch 0:  19%|█▉        | 1197/6208 [03:26<14:23,  5.81it/s, v_num=t-12, loss/train=3.030]Epoch 0:  19%|█▉        | 1198/6208 [03:26<14:23,  5.81it/s, v_num=t-12, loss/train=3.030]Epoch 0:  19%|█▉        | 1198/6208 [03:26<14:23,  5.81it/s, v_num=t-12, loss/train=3.670]Epoch 0:  19%|█▉        | 1199/6208 [03:26<14:22,  5.81it/s, v_num=t-12, loss/train=3.670]Epoch 0:  19%|█▉        | 1199/6208 [03:26<14:22,  5.81it/s, v_num=t-12, loss/train=3.040]Epoch 0:  19%|█▉        | 1200/6208 [03:26<14:22,  5.81it/s, v_num=t-12, loss/train=3.040]Epoch 0:  19%|█▉        | 1200/6208 [03:26<14:22,  5.81it/s, v_num=t-12, loss/train=3.260]Epoch 0:  19%|█▉        | 1201/6208 [03:26<14:22,  5.81it/s, v_num=t-12, loss/train=3.260]Epoch 0:  19%|█▉        | 1201/6208 [03:26<14:22,  5.81it/s, v_num=t-12, loss/train=3.130]Epoch 0:  19%|█▉        | 1202/6208 [03:26<14:22,  5.81it/s, v_num=t-12, loss/train=3.130]Epoch 0:  19%|█▉        | 1202/6208 [03:27<14:22,  5.81it/s, v_num=t-12, loss/train=3.360]Epoch 0:  19%|█▉        | 1203/6208 [03:27<14:21,  5.81it/s, v_num=t-12, loss/train=3.360]Epoch 0:  19%|█▉        | 1203/6208 [03:27<14:21,  5.81it/s, v_num=t-12, loss/train=3.640]Epoch 0:  19%|█▉        | 1204/6208 [03:27<14:21,  5.81it/s, v_num=t-12, loss/train=3.640]Epoch 0:  19%|█▉        | 1204/6208 [03:27<14:21,  5.81it/s, v_num=t-12, loss/train=3.260]Epoch 0:  19%|█▉        | 1205/6208 [03:27<14:21,  5.81it/s, v_num=t-12, loss/train=3.260]Epoch 0:  19%|█▉        | 1205/6208 [03:27<14:21,  5.81it/s, v_num=t-12, loss/train=3.260]Epoch 0:  19%|█▉        | 1206/6208 [03:27<14:21,  5.81it/s, v_num=t-12, loss/train=3.260]Epoch 0:  19%|█▉        | 1206/6208 [03:27<14:21,  5.81it/s, v_num=t-12, loss/train=3.180]Epoch 0:  19%|█▉        | 1207/6208 [03:27<14:20,  5.81it/s, v_num=t-12, loss/train=3.180]Epoch 0:  19%|█▉        | 1207/6208 [03:27<14:21,  5.81it/s, v_num=t-12, loss/train=3.510]Epoch 0:  19%|█▉        | 1208/6208 [03:27<14:20,  5.81it/s, v_num=t-12, loss/train=3.510]Epoch 0:  19%|█▉        | 1208/6208 [03:27<14:20,  5.81it/s, v_num=t-12, loss/train=3.330]Epoch 0:  19%|█▉        | 1209/6208 [03:28<14:20,  5.81it/s, v_num=t-12, loss/train=3.330]Epoch 0:  19%|█▉        | 1209/6208 [03:28<14:20,  5.81it/s, v_num=t-12, loss/train=2.840]Epoch 0:  19%|█▉        | 1210/6208 [03:28<14:20,  5.81it/s, v_num=t-12, loss/train=2.840]Epoch 0:  19%|█▉        | 1210/6208 [03:28<14:20,  5.81it/s, v_num=t-12, loss/train=4.180]Epoch 0:  20%|█▉        | 1211/6208 [03:28<14:20,  5.81it/s, v_num=t-12, loss/train=4.180]Epoch 0:  20%|█▉        | 1211/6208 [03:28<14:20,  5.81it/s, v_num=t-12, loss/train=3.810]Epoch 0:  20%|█▉        | 1212/6208 [03:28<14:19,  5.81it/s, v_num=t-12, loss/train=3.810]Epoch 0:  20%|█▉        | 1212/6208 [03:28<14:19,  5.81it/s, v_num=t-12, loss/train=3.350]Epoch 0:  20%|█▉        | 1213/6208 [03:28<14:20,  5.80it/s, v_num=t-12, loss/train=3.350]Epoch 0:  20%|█▉        | 1213/6208 [03:28<14:20,  5.80it/s, v_num=t-12, loss/train=3.220]Epoch 0:  20%|█▉        | 1214/6208 [03:29<14:20,  5.81it/s, v_num=t-12, loss/train=3.220]Epoch 0:  20%|█▉        | 1214/6208 [03:29<14:20,  5.81it/s, v_num=t-12, loss/train=3.660]Epoch 0:  20%|█▉        | 1215/6208 [03:29<14:19,  5.81it/s, v_num=t-12, loss/train=3.660]Epoch 0:  20%|█▉        | 1215/6208 [03:29<14:20,  5.81it/s, v_num=t-12, loss/train=3.400]Epoch 0:  20%|█▉        | 1216/6208 [03:29<14:19,  5.81it/s, v_num=t-12, loss/train=3.400]Epoch 0:  20%|█▉        | 1216/6208 [03:29<14:19,  5.81it/s, v_num=t-12, loss/train=2.650]Epoch 0:  20%|█▉        | 1217/6208 [03:29<14:19,  5.81it/s, v_num=t-12, loss/train=2.650]Epoch 0:  20%|█▉        | 1217/6208 [03:29<14:19,  5.81it/s, v_num=t-12, loss/train=3.110]Epoch 0:  20%|█▉        | 1218/6208 [03:29<14:19,  5.81it/s, v_num=t-12, loss/train=3.110]Epoch 0:  20%|█▉        | 1218/6208 [03:29<14:19,  5.81it/s, v_num=t-12, loss/train=3.280]Epoch 0:  20%|█▉        | 1219/6208 [03:29<14:19,  5.81it/s, v_num=t-12, loss/train=3.280]Epoch 0:  20%|█▉        | 1219/6208 [03:29<14:19,  5.81it/s, v_num=t-12, loss/train=2.990]Epoch 0:  20%|█▉        | 1220/6208 [03:30<14:18,  5.81it/s, v_num=t-12, loss/train=2.990]Epoch 0:  20%|█▉        | 1220/6208 [03:30<14:18,  5.81it/s, v_num=t-12, loss/train=3.360]Epoch 0:  20%|█▉        | 1221/6208 [03:30<14:18,  5.81it/s, v_num=t-12, loss/train=3.360]Epoch 0:  20%|█▉        | 1221/6208 [03:30<14:18,  5.81it/s, v_num=t-12, loss/train=2.570]Epoch 0:  20%|█▉        | 1222/6208 [03:30<14:18,  5.81it/s, v_num=t-12, loss/train=2.570]Epoch 0:  20%|█▉        | 1222/6208 [03:30<14:18,  5.81it/s, v_num=t-12, loss/train=3.710]Epoch 0:  20%|█▉        | 1223/6208 [03:30<14:18,  5.81it/s, v_num=t-12, loss/train=3.710]Epoch 0:  20%|█▉        | 1223/6208 [03:30<14:18,  5.81it/s, v_num=t-12, loss/train=3.450]Epoch 0:  20%|█▉        | 1224/6208 [03:30<14:17,  5.81it/s, v_num=t-12, loss/train=3.450]Epoch 0:  20%|█▉        | 1224/6208 [03:30<14:17,  5.81it/s, v_num=t-12, loss/train=2.940]Epoch 0:  20%|█▉        | 1225/6208 [03:30<14:17,  5.81it/s, v_num=t-12, loss/train=2.940]Epoch 0:  20%|█▉        | 1225/6208 [03:30<14:17,  5.81it/s, v_num=t-12, loss/train=2.910]Epoch 0:  20%|█▉        | 1226/6208 [03:31<14:17,  5.81it/s, v_num=t-12, loss/train=2.910]Epoch 0:  20%|█▉        | 1226/6208 [03:31<14:17,  5.81it/s, v_num=t-12, loss/train=3.090]Epoch 0:  20%|█▉        | 1227/6208 [03:31<14:17,  5.81it/s, v_num=t-12, loss/train=3.090]Epoch 0:  20%|█▉        | 1227/6208 [03:31<14:17,  5.81it/s, v_num=t-12, loss/train=3.710]Epoch 0:  20%|█▉        | 1228/6208 [03:31<14:16,  5.81it/s, v_num=t-12, loss/train=3.710]Epoch 0:  20%|█▉        | 1228/6208 [03:31<14:17,  5.81it/s, v_num=t-12, loss/train=3.800]Epoch 0:  20%|█▉        | 1229/6208 [03:31<14:16,  5.81it/s, v_num=t-12, loss/train=3.800]Epoch 0:  20%|█▉        | 1229/6208 [03:31<14:16,  5.81it/s, v_num=t-12, loss/train=3.280]Epoch 0:  20%|█▉        | 1230/6208 [03:31<14:16,  5.81it/s, v_num=t-12, loss/train=3.280]Epoch 0:  20%|█▉        | 1230/6208 [03:31<14:16,  5.81it/s, v_num=t-12, loss/train=3.380]Epoch 0:  20%|█▉        | 1231/6208 [03:31<14:16,  5.81it/s, v_num=t-12, loss/train=3.380]Epoch 0:  20%|█▉        | 1231/6208 [03:31<14:16,  5.81it/s, v_num=t-12, loss/train=3.450]Epoch 0:  20%|█▉        | 1232/6208 [03:32<14:16,  5.81it/s, v_num=t-12, loss/train=3.450]Epoch 0:  20%|█▉        | 1232/6208 [03:32<14:16,  5.81it/s, v_num=t-12, loss/train=3.390]Epoch 0:  20%|█▉        | 1233/6208 [03:32<14:16,  5.81it/s, v_num=t-12, loss/train=3.390]Epoch 0:  20%|█▉        | 1233/6208 [03:32<14:16,  5.81it/s, v_num=t-12, loss/train=3.370]Epoch 0:  20%|█▉        | 1234/6208 [03:32<14:15,  5.81it/s, v_num=t-12, loss/train=3.370]Epoch 0:  20%|█▉        | 1234/6208 [03:32<14:15,  5.81it/s, v_num=t-12, loss/train=2.460]Epoch 0:  20%|█▉        | 1235/6208 [03:32<14:15,  5.81it/s, v_num=t-12, loss/train=2.460]Epoch 0:  20%|█▉        | 1235/6208 [03:32<14:15,  5.81it/s, v_num=t-12, loss/train=2.730]Epoch 0:  20%|█▉        | 1236/6208 [03:32<14:15,  5.81it/s, v_num=t-12, loss/train=2.730]Epoch 0:  20%|█▉        | 1236/6208 [03:32<14:15,  5.81it/s, v_num=t-12, loss/train=3.070]Epoch 0:  20%|█▉        | 1237/6208 [03:33<14:15,  5.81it/s, v_num=t-12, loss/train=3.070]Epoch 0:  20%|█▉        | 1237/6208 [03:33<14:16,  5.81it/s, v_num=t-12, loss/train=3.380]Epoch 0:  20%|█▉        | 1238/6208 [03:33<14:15,  5.81it/s, v_num=t-12, loss/train=3.380]Epoch 0:  20%|█▉        | 1238/6208 [03:33<14:15,  5.81it/s, v_num=t-12, loss/train=3.470]Epoch 0:  20%|█▉        | 1239/6208 [03:33<14:15,  5.81it/s, v_num=t-12, loss/train=3.470]Epoch 0:  20%|█▉        | 1239/6208 [03:33<14:15,  5.81it/s, v_num=t-12, loss/train=4.310]Epoch 0:  20%|█▉        | 1240/6208 [03:33<14:15,  5.81it/s, v_num=t-12, loss/train=4.310]Epoch 0:  20%|█▉        | 1240/6208 [03:33<14:15,  5.81it/s, v_num=t-12, loss/train=3.180]Epoch 0:  20%|█▉        | 1241/6208 [03:33<14:15,  5.81it/s, v_num=t-12, loss/train=3.180]Epoch 0:  20%|█▉        | 1241/6208 [03:33<14:15,  5.81it/s, v_num=t-12, loss/train=3.210]Epoch 0:  20%|██        | 1242/6208 [03:33<14:14,  5.81it/s, v_num=t-12, loss/train=3.210]Epoch 0:  20%|██        | 1242/6208 [03:33<14:14,  5.81it/s, v_num=t-12, loss/train=3.170]Epoch 0:  20%|██        | 1243/6208 [03:33<14:14,  5.81it/s, v_num=t-12, loss/train=3.170]Epoch 0:  20%|██        | 1243/6208 [03:33<14:14,  5.81it/s, v_num=t-12, loss/train=2.710]Epoch 0:  20%|██        | 1244/6208 [03:34<14:14,  5.81it/s, v_num=t-12, loss/train=2.710]Epoch 0:  20%|██        | 1244/6208 [03:34<14:14,  5.81it/s, v_num=t-12, loss/train=3.750]Epoch 0:  20%|██        | 1245/6208 [03:34<14:14,  5.81it/s, v_num=t-12, loss/train=3.750]Epoch 0:  20%|██        | 1245/6208 [03:34<14:14,  5.81it/s, v_num=t-12, loss/train=4.060]Epoch 0:  20%|██        | 1246/6208 [03:34<14:13,  5.81it/s, v_num=t-12, loss/train=4.060]Epoch 0:  20%|██        | 1246/6208 [03:34<14:14,  5.81it/s, v_num=t-12, loss/train=2.940]Epoch 0:  20%|██        | 1247/6208 [03:34<14:13,  5.81it/s, v_num=t-12, loss/train=2.940]Epoch 0:  20%|██        | 1247/6208 [03:34<14:13,  5.81it/s, v_num=t-12, loss/train=3.800]Epoch 0:  20%|██        | 1248/6208 [03:34<14:13,  5.81it/s, v_num=t-12, loss/train=3.800]Epoch 0:  20%|██        | 1248/6208 [03:34<14:13,  5.81it/s, v_num=t-12, loss/train=3.030]Epoch 0:  20%|██        | 1249/6208 [03:34<14:13,  5.81it/s, v_num=t-12, loss/train=3.030]Epoch 0:  20%|██        | 1249/6208 [03:34<14:13,  5.81it/s, v_num=t-12, loss/train=4.180]Epoch 0:  20%|██        | 1250/6208 [03:35<14:13,  5.81it/s, v_num=t-12, loss/train=4.180]Epoch 0:  20%|██        | 1250/6208 [03:35<14:13,  5.81it/s, v_num=t-12, loss/train=3.970]Epoch 0:  20%|██        | 1251/6208 [03:35<14:12,  5.81it/s, v_num=t-12, loss/train=3.970]Epoch 0:  20%|██        | 1251/6208 [03:35<14:12,  5.81it/s, v_num=t-12, loss/train=3.570]Epoch 0:  20%|██        | 1252/6208 [03:35<14:12,  5.81it/s, v_num=t-12, loss/train=3.570]Epoch 0:  20%|██        | 1252/6208 [03:35<14:12,  5.81it/s, v_num=t-12, loss/train=3.470]Epoch 0:  20%|██        | 1253/6208 [03:35<14:12,  5.81it/s, v_num=t-12, loss/train=3.470]Epoch 0:  20%|██        | 1253/6208 [03:35<14:12,  5.81it/s, v_num=t-12, loss/train=4.170]Epoch 0:  20%|██        | 1254/6208 [03:35<14:12,  5.81it/s, v_num=t-12, loss/train=4.170]Epoch 0:  20%|██        | 1254/6208 [03:35<14:12,  5.81it/s, v_num=t-12, loss/train=3.100]Epoch 0:  20%|██        | 1255/6208 [03:35<14:11,  5.81it/s, v_num=t-12, loss/train=3.100]Epoch 0:  20%|██        | 1255/6208 [03:35<14:11,  5.81it/s, v_num=t-12, loss/train=3.400]Epoch 0:  20%|██        | 1256/6208 [03:36<14:11,  5.81it/s, v_num=t-12, loss/train=3.400]Epoch 0:  20%|██        | 1256/6208 [03:36<14:11,  5.81it/s, v_num=t-12, loss/train=3.260]Epoch 0:  20%|██        | 1257/6208 [03:36<14:11,  5.81it/s, v_num=t-12, loss/train=3.260]Epoch 0:  20%|██        | 1257/6208 [03:36<14:11,  5.81it/s, v_num=t-12, loss/train=3.500]Epoch 0:  20%|██        | 1258/6208 [03:36<14:11,  5.82it/s, v_num=t-12, loss/train=3.500]Epoch 0:  20%|██        | 1258/6208 [03:36<14:11,  5.82it/s, v_num=t-12, loss/train=3.230]Epoch 0:  20%|██        | 1259/6208 [03:36<14:10,  5.82it/s, v_num=t-12, loss/train=3.230]Epoch 0:  20%|██        | 1259/6208 [03:36<14:10,  5.82it/s, v_num=t-12, loss/train=3.210]Epoch 0:  20%|██        | 1260/6208 [03:36<14:10,  5.82it/s, v_num=t-12, loss/train=3.210]Epoch 0:  20%|██        | 1260/6208 [03:36<14:10,  5.82it/s, v_num=t-12, loss/train=3.040]Epoch 0:  20%|██        | 1261/6208 [03:36<14:10,  5.82it/s, v_num=t-12, loss/train=3.040]Epoch 0:  20%|██        | 1261/6208 [03:36<14:10,  5.82it/s, v_num=t-12, loss/train=4.050]Epoch 0:  20%|██        | 1262/6208 [03:36<14:10,  5.82it/s, v_num=t-12, loss/train=4.050]Epoch 0:  20%|██        | 1262/6208 [03:36<14:10,  5.82it/s, v_num=t-12, loss/train=3.810]Epoch 0:  20%|██        | 1263/6208 [03:37<14:10,  5.82it/s, v_num=t-12, loss/train=3.810]Epoch 0:  20%|██        | 1263/6208 [03:37<14:10,  5.82it/s, v_num=t-12, loss/train=3.110]Epoch 0:  20%|██        | 1264/6208 [03:37<14:09,  5.82it/s, v_num=t-12, loss/train=3.110]Epoch 0:  20%|██        | 1264/6208 [03:37<14:09,  5.82it/s, v_num=t-12, loss/train=3.920]Epoch 0:  20%|██        | 1265/6208 [03:37<14:09,  5.82it/s, v_num=t-12, loss/train=3.920]Epoch 0:  20%|██        | 1265/6208 [03:37<14:09,  5.82it/s, v_num=t-12, loss/train=4.100]Epoch 0:  20%|██        | 1266/6208 [03:37<14:09,  5.82it/s, v_num=t-12, loss/train=4.100]Epoch 0:  20%|██        | 1266/6208 [03:37<14:09,  5.82it/s, v_num=t-12, loss/train=2.700]Epoch 0:  20%|██        | 1267/6208 [03:37<14:09,  5.82it/s, v_num=t-12, loss/train=2.700]Epoch 0:  20%|██        | 1267/6208 [03:37<14:09,  5.82it/s, v_num=t-12, loss/train=4.770]Epoch 0:  20%|██        | 1268/6208 [03:37<14:08,  5.82it/s, v_num=t-12, loss/train=4.770]Epoch 0:  20%|██        | 1268/6208 [03:37<14:09,  5.82it/s, v_num=t-12, loss/train=3.180]Epoch 0:  20%|██        | 1269/6208 [03:38<14:09,  5.81it/s, v_num=t-12, loss/train=3.180]Epoch 0:  20%|██        | 1269/6208 [03:38<14:09,  5.81it/s, v_num=t-12, loss/train=4.030]Epoch 0:  20%|██        | 1270/6208 [03:38<14:09,  5.81it/s, v_num=t-12, loss/train=4.030]Epoch 0:  20%|██        | 1270/6208 [03:38<14:09,  5.81it/s, v_num=t-12, loss/train=3.660]Epoch 0:  20%|██        | 1271/6208 [03:38<14:09,  5.81it/s, v_num=t-12, loss/train=3.660]Epoch 0:  20%|██        | 1271/6208 [03:38<14:09,  5.81it/s, v_num=t-12, loss/train=4.480]Epoch 0:  20%|██        | 1272/6208 [03:38<14:08,  5.82it/s, v_num=t-12, loss/train=4.480]Epoch 0:  20%|██        | 1272/6208 [03:38<14:08,  5.81it/s, v_num=t-12, loss/train=3.600]Epoch 0:  21%|██        | 1273/6208 [03:38<14:08,  5.82it/s, v_num=t-12, loss/train=3.600]Epoch 0:  21%|██        | 1273/6208 [03:38<14:08,  5.82it/s, v_num=t-12, loss/train=3.630]Epoch 0:  21%|██        | 1274/6208 [03:39<14:08,  5.82it/s, v_num=t-12, loss/train=3.630]Epoch 0:  21%|██        | 1274/6208 [03:39<14:08,  5.82it/s, v_num=t-12, loss/train=3.380]Epoch 0:  21%|██        | 1275/6208 [03:39<14:08,  5.82it/s, v_num=t-12, loss/train=3.380]Epoch 0:  21%|██        | 1275/6208 [03:39<14:08,  5.82it/s, v_num=t-12, loss/train=3.310]Epoch 0:  21%|██        | 1276/6208 [03:39<14:07,  5.82it/s, v_num=t-12, loss/train=3.310]Epoch 0:  21%|██        | 1276/6208 [03:39<14:08,  5.82it/s, v_num=t-12, loss/train=3.870]Epoch 0:  21%|██        | 1277/6208 [03:39<14:08,  5.81it/s, v_num=t-12, loss/train=3.870]Epoch 0:  21%|██        | 1277/6208 [03:39<14:08,  5.81it/s, v_num=t-12, loss/train=3.770]Epoch 0:  21%|██        | 1278/6208 [03:39<14:08,  5.81it/s, v_num=t-12, loss/train=3.770]Epoch 0:  21%|██        | 1278/6208 [03:39<14:08,  5.81it/s, v_num=t-12, loss/train=4.080]Epoch 0:  21%|██        | 1279/6208 [03:40<14:08,  5.81it/s, v_num=t-12, loss/train=4.080]Epoch 0:  21%|██        | 1279/6208 [03:40<14:08,  5.81it/s, v_num=t-12, loss/train=4.420]Epoch 0:  21%|██        | 1280/6208 [03:40<14:07,  5.81it/s, v_num=t-12, loss/train=4.420]Epoch 0:  21%|██        | 1280/6208 [03:40<14:08,  5.81it/s, v_num=t-12, loss/train=3.140]Epoch 0:  21%|██        | 1281/6208 [03:40<14:07,  5.81it/s, v_num=t-12, loss/train=3.140]Epoch 0:  21%|██        | 1281/6208 [03:40<14:07,  5.81it/s, v_num=t-12, loss/train=4.470]Epoch 0:  21%|██        | 1282/6208 [03:40<14:07,  5.81it/s, v_num=t-12, loss/train=4.470]Epoch 0:  21%|██        | 1282/6208 [03:40<14:07,  5.81it/s, v_num=t-12, loss/train=4.010]Epoch 0:  21%|██        | 1283/6208 [03:40<14:07,  5.81it/s, v_num=t-12, loss/train=4.010]Epoch 0:  21%|██        | 1283/6208 [03:40<14:07,  5.81it/s, v_num=t-12, loss/train=3.790]Epoch 0:  21%|██        | 1284/6208 [03:40<14:07,  5.81it/s, v_num=t-12, loss/train=3.790]Epoch 0:  21%|██        | 1284/6208 [03:40<14:07,  5.81it/s, v_num=t-12, loss/train=3.520]Epoch 0:  21%|██        | 1285/6208 [03:41<14:06,  5.81it/s, v_num=t-12, loss/train=3.520]Epoch 0:  21%|██        | 1285/6208 [03:41<14:06,  5.81it/s, v_num=t-12, loss/train=3.820]Epoch 0:  21%|██        | 1286/6208 [03:41<14:06,  5.81it/s, v_num=t-12, loss/train=3.820]Epoch 0:  21%|██        | 1286/6208 [03:41<14:06,  5.81it/s, v_num=t-12, loss/train=3.160]Epoch 0:  21%|██        | 1287/6208 [03:41<14:06,  5.81it/s, v_num=t-12, loss/train=3.160]Epoch 0:  21%|██        | 1287/6208 [03:41<14:06,  5.81it/s, v_num=t-12, loss/train=4.800]Epoch 0:  21%|██        | 1288/6208 [03:41<14:05,  5.82it/s, v_num=t-12, loss/train=4.800]Epoch 0:  21%|██        | 1288/6208 [03:41<14:06,  5.82it/s, v_num=t-12, loss/train=2.930]Epoch 0:  21%|██        | 1289/6208 [03:41<14:05,  5.82it/s, v_num=t-12, loss/train=2.930]Epoch 0:  21%|██        | 1289/6208 [03:41<14:05,  5.82it/s, v_num=t-12, loss/train=2.870]Epoch 0:  21%|██        | 1290/6208 [03:41<14:05,  5.82it/s, v_num=t-12, loss/train=2.870]Epoch 0:  21%|██        | 1290/6208 [03:41<14:05,  5.82it/s, v_num=t-12, loss/train=3.490]Epoch 0:  21%|██        | 1291/6208 [03:41<14:05,  5.82it/s, v_num=t-12, loss/train=3.490]Epoch 0:  21%|██        | 1291/6208 [03:41<14:05,  5.82it/s, v_num=t-12, loss/train=4.460]Epoch 0:  21%|██        | 1292/6208 [03:42<14:05,  5.82it/s, v_num=t-12, loss/train=4.460]Epoch 0:  21%|██        | 1292/6208 [03:42<14:05,  5.82it/s, v_num=t-12, loss/train=4.410]Epoch 0:  21%|██        | 1293/6208 [03:42<14:04,  5.82it/s, v_num=t-12, loss/train=4.410]Epoch 0:  21%|██        | 1293/6208 [03:42<14:04,  5.82it/s, v_num=t-12, loss/train=3.690]Epoch 0:  21%|██        | 1294/6208 [03:42<14:04,  5.82it/s, v_num=t-12, loss/train=3.690]Epoch 0:  21%|██        | 1294/6208 [03:42<14:04,  5.82it/s, v_num=t-12, loss/train=3.490]Epoch 0:  21%|██        | 1295/6208 [03:42<14:04,  5.82it/s, v_num=t-12, loss/train=3.490]Epoch 0:  21%|██        | 1295/6208 [03:42<14:04,  5.82it/s, v_num=t-12, loss/train=3.810]Epoch 0:  21%|██        | 1296/6208 [03:42<14:04,  5.82it/s, v_num=t-12, loss/train=3.810]Epoch 0:  21%|██        | 1296/6208 [03:42<14:04,  5.82it/s, v_num=t-12, loss/train=3.530]Epoch 0:  21%|██        | 1297/6208 [03:42<14:04,  5.82it/s, v_num=t-12, loss/train=3.530]Epoch 0:  21%|██        | 1297/6208 [03:42<14:04,  5.82it/s, v_num=t-12, loss/train=3.360]Epoch 0:  21%|██        | 1298/6208 [03:43<14:03,  5.82it/s, v_num=t-12, loss/train=3.360]Epoch 0:  21%|██        | 1298/6208 [03:43<14:03,  5.82it/s, v_num=t-12, loss/train=3.260]Epoch 0:  21%|██        | 1299/6208 [03:43<14:03,  5.82it/s, v_num=t-12, loss/train=3.260]Epoch 0:  21%|██        | 1299/6208 [03:43<14:03,  5.82it/s, v_num=t-12, loss/train=3.420]Epoch 0:  21%|██        | 1300/6208 [03:43<14:03,  5.82it/s, v_num=t-12, loss/train=3.420]Epoch 0:  21%|██        | 1300/6208 [03:43<14:03,  5.82it/s, v_num=t-12, loss/train=3.970]Epoch 0:  21%|██        | 1301/6208 [03:43<14:03,  5.82it/s, v_num=t-12, loss/train=3.970]Epoch 0:  21%|██        | 1301/6208 [03:43<14:03,  5.82it/s, v_num=t-12, loss/train=3.310]Epoch 0:  21%|██        | 1302/6208 [03:43<14:02,  5.82it/s, v_num=t-12, loss/train=3.310]Epoch 0:  21%|██        | 1302/6208 [03:43<14:02,  5.82it/s, v_num=t-12, loss/train=2.980]Epoch 0:  21%|██        | 1303/6208 [03:43<14:02,  5.82it/s, v_num=t-12, loss/train=2.980]Epoch 0:  21%|██        | 1303/6208 [03:43<14:02,  5.82it/s, v_num=t-12, loss/train=3.610]Epoch 0:  21%|██        | 1304/6208 [03:43<14:02,  5.82it/s, v_num=t-12, loss/train=3.610]Epoch 0:  21%|██        | 1304/6208 [03:44<14:02,  5.82it/s, v_num=t-12, loss/train=2.760]Epoch 0:  21%|██        | 1305/6208 [03:44<14:02,  5.82it/s, v_num=t-12, loss/train=2.760]Epoch 0:  21%|██        | 1305/6208 [03:44<14:02,  5.82it/s, v_num=t-12, loss/train=3.010]Epoch 0:  21%|██        | 1306/6208 [03:44<14:01,  5.82it/s, v_num=t-12, loss/train=3.010]Epoch 0:  21%|██        | 1306/6208 [03:44<14:01,  5.82it/s, v_num=t-12, loss/train=3.220]Epoch 0:  21%|██        | 1307/6208 [03:44<14:01,  5.82it/s, v_num=t-12, loss/train=3.220]Epoch 0:  21%|██        | 1307/6208 [03:44<14:01,  5.82it/s, v_num=t-12, loss/train=3.550]Epoch 0:  21%|██        | 1308/6208 [03:44<14:01,  5.82it/s, v_num=t-12, loss/train=3.550]Epoch 0:  21%|██        | 1308/6208 [03:44<14:01,  5.82it/s, v_num=t-12, loss/train=3.100]Epoch 0:  21%|██        | 1309/6208 [03:44<14:01,  5.82it/s, v_num=t-12, loss/train=3.100]Epoch 0:  21%|██        | 1309/6208 [03:44<14:01,  5.82it/s, v_num=t-12, loss/train=2.410]Epoch 0:  21%|██        | 1310/6208 [03:44<14:01,  5.82it/s, v_num=t-12, loss/train=2.410]Epoch 0:  21%|██        | 1310/6208 [03:44<14:01,  5.82it/s, v_num=t-12, loss/train=3.370]Epoch 0:  21%|██        | 1311/6208 [03:45<14:00,  5.82it/s, v_num=t-12, loss/train=3.370]Epoch 0:  21%|██        | 1311/6208 [03:45<14:00,  5.82it/s, v_num=t-12, loss/train=3.500]Epoch 0:  21%|██        | 1312/6208 [03:45<14:00,  5.82it/s, v_num=t-12, loss/train=3.500]Epoch 0:  21%|██        | 1312/6208 [03:45<14:00,  5.82it/s, v_num=t-12, loss/train=3.060]Epoch 0:  21%|██        | 1313/6208 [03:45<14:00,  5.82it/s, v_num=t-12, loss/train=3.060]Epoch 0:  21%|██        | 1313/6208 [03:45<14:00,  5.82it/s, v_num=t-12, loss/train=2.730]Epoch 0:  21%|██        | 1314/6208 [03:45<14:00,  5.82it/s, v_num=t-12, loss/train=2.730]Epoch 0:  21%|██        | 1314/6208 [03:45<14:00,  5.82it/s, v_num=t-12, loss/train=2.770]Epoch 0:  21%|██        | 1315/6208 [03:45<14:00,  5.82it/s, v_num=t-12, loss/train=2.770]Epoch 0:  21%|██        | 1315/6208 [03:45<14:00,  5.82it/s, v_num=t-12, loss/train=3.190]Epoch 0:  21%|██        | 1316/6208 [03:45<13:59,  5.83it/s, v_num=t-12, loss/train=3.190]Epoch 0:  21%|██        | 1316/6208 [03:45<13:59,  5.83it/s, v_num=t-12, loss/train=2.950]Epoch 0:  21%|██        | 1317/6208 [03:46<13:59,  5.83it/s, v_num=t-12, loss/train=2.950]Epoch 0:  21%|██        | 1317/6208 [03:46<13:59,  5.83it/s, v_num=t-12, loss/train=2.800]Epoch 0:  21%|██        | 1318/6208 [03:46<13:59,  5.83it/s, v_num=t-12, loss/train=2.800]Epoch 0:  21%|██        | 1318/6208 [03:46<13:59,  5.83it/s, v_num=t-12, loss/train=3.270]Epoch 0:  21%|██        | 1319/6208 [03:46<13:59,  5.83it/s, v_num=t-12, loss/train=3.270]Epoch 0:  21%|██        | 1319/6208 [03:46<13:59,  5.83it/s, v_num=t-12, loss/train=3.220]Epoch 0:  21%|██▏       | 1320/6208 [03:46<13:58,  5.83it/s, v_num=t-12, loss/train=3.220]Epoch 0:  21%|██▏       | 1320/6208 [03:46<13:58,  5.83it/s, v_num=t-12, loss/train=3.500]Epoch 0:  21%|██▏       | 1321/6208 [03:46<13:58,  5.83it/s, v_num=t-12, loss/train=3.500]Epoch 0:  21%|██▏       | 1321/6208 [03:46<13:58,  5.83it/s, v_num=t-12, loss/train=3.550]Epoch 0:  21%|██▏       | 1322/6208 [03:46<13:58,  5.83it/s, v_num=t-12, loss/train=3.550]Epoch 0:  21%|██▏       | 1322/6208 [03:46<13:58,  5.83it/s, v_num=t-12, loss/train=3.000]Epoch 0:  21%|██▏       | 1323/6208 [03:47<13:58,  5.83it/s, v_num=t-12, loss/train=3.000]Epoch 0:  21%|██▏       | 1323/6208 [03:47<13:58,  5.83it/s, v_num=t-12, loss/train=2.970]Epoch 0:  21%|██▏       | 1324/6208 [03:47<13:57,  5.83it/s, v_num=t-12, loss/train=2.970]Epoch 0:  21%|██▏       | 1324/6208 [03:47<13:58,  5.83it/s, v_num=t-12, loss/train=3.740]Epoch 0:  21%|██▏       | 1325/6208 [03:47<13:58,  5.82it/s, v_num=t-12, loss/train=3.740]Epoch 0:  21%|██▏       | 1325/6208 [03:47<13:58,  5.82it/s, v_num=t-12, loss/train=3.640]Epoch 0:  21%|██▏       | 1326/6208 [03:47<13:58,  5.82it/s, v_num=t-12, loss/train=3.640]Epoch 0:  21%|██▏       | 1326/6208 [03:47<13:58,  5.82it/s, v_num=t-12, loss/train=3.010]Epoch 0:  21%|██▏       | 1327/6208 [03:47<13:58,  5.82it/s, v_num=t-12, loss/train=3.010]Epoch 0:  21%|██▏       | 1327/6208 [03:47<13:58,  5.82it/s, v_num=t-12, loss/train=2.960]Epoch 0:  21%|██▏       | 1328/6208 [03:48<13:58,  5.82it/s, v_num=t-12, loss/train=2.960]Epoch 0:  21%|██▏       | 1328/6208 [03:48<13:58,  5.82it/s, v_num=t-12, loss/train=2.700]Epoch 0:  21%|██▏       | 1329/6208 [03:48<13:58,  5.82it/s, v_num=t-12, loss/train=2.700]Epoch 0:  21%|██▏       | 1329/6208 [03:48<13:58,  5.82it/s, v_num=t-12, loss/train=3.220]Epoch 0:  21%|██▏       | 1330/6208 [03:48<13:58,  5.82it/s, v_num=t-12, loss/train=3.220]Epoch 0:  21%|██▏       | 1330/6208 [03:48<13:58,  5.82it/s, v_num=t-12, loss/train=3.100]Epoch 0:  21%|██▏       | 1331/6208 [03:48<13:57,  5.82it/s, v_num=t-12, loss/train=3.100]Epoch 0:  21%|██▏       | 1331/6208 [03:48<13:57,  5.82it/s, v_num=t-12, loss/train=3.940]Epoch 0:  21%|██▏       | 1332/6208 [03:48<13:57,  5.82it/s, v_num=t-12, loss/train=3.940]Epoch 0:  21%|██▏       | 1332/6208 [03:48<13:57,  5.82it/s, v_num=t-12, loss/train=3.140]Epoch 0:  21%|██▏       | 1333/6208 [03:48<13:57,  5.82it/s, v_num=t-12, loss/train=3.140]Epoch 0:  21%|██▏       | 1333/6208 [03:48<13:57,  5.82it/s, v_num=t-12, loss/train=2.970]Epoch 0:  21%|██▏       | 1334/6208 [03:49<13:57,  5.82it/s, v_num=t-12, loss/train=2.970]Epoch 0:  21%|██▏       | 1334/6208 [03:49<13:57,  5.82it/s, v_num=t-12, loss/train=3.450]Epoch 0:  22%|██▏       | 1335/6208 [03:49<13:56,  5.82it/s, v_num=t-12, loss/train=3.450]Epoch 0:  22%|██▏       | 1335/6208 [03:49<13:56,  5.82it/s, v_num=t-12, loss/train=2.860]Epoch 0:  22%|██▏       | 1336/6208 [03:49<13:56,  5.82it/s, v_num=t-12, loss/train=2.860]Epoch 0:  22%|██▏       | 1336/6208 [03:49<13:56,  5.82it/s, v_num=t-12, loss/train=3.330]Epoch 0:  22%|██▏       | 1337/6208 [03:49<13:56,  5.82it/s, v_num=t-12, loss/train=3.330]Epoch 0:  22%|██▏       | 1337/6208 [03:49<13:56,  5.82it/s, v_num=t-12, loss/train=2.450]Epoch 0:  22%|██▏       | 1338/6208 [03:49<13:56,  5.82it/s, v_num=t-12, loss/train=2.450]Epoch 0:  22%|██▏       | 1338/6208 [03:49<13:56,  5.82it/s, v_num=t-12, loss/train=2.830]Epoch 0:  22%|██▏       | 1339/6208 [03:49<13:56,  5.82it/s, v_num=t-12, loss/train=2.830]Epoch 0:  22%|██▏       | 1339/6208 [03:49<13:56,  5.82it/s, v_num=t-12, loss/train=2.930]Epoch 0:  22%|██▏       | 1340/6208 [03:50<13:55,  5.82it/s, v_num=t-12, loss/train=2.930]Epoch 0:  22%|██▏       | 1340/6208 [03:50<13:55,  5.82it/s, v_num=t-12, loss/train=3.150]Epoch 0:  22%|██▏       | 1341/6208 [03:50<13:55,  5.83it/s, v_num=t-12, loss/train=3.150]Epoch 0:  22%|██▏       | 1341/6208 [03:50<13:55,  5.82it/s, v_num=t-12, loss/train=3.350]Epoch 0:  22%|██▏       | 1342/6208 [03:50<13:55,  5.83it/s, v_num=t-12, loss/train=3.350]Epoch 0:  22%|██▏       | 1342/6208 [03:50<13:55,  5.83it/s, v_num=t-12, loss/train=2.800]Epoch 0:  22%|██▏       | 1343/6208 [03:50<13:55,  5.83it/s, v_num=t-12, loss/train=2.800]Epoch 0:  22%|██▏       | 1343/6208 [03:50<13:55,  5.83it/s, v_num=t-12, loss/train=2.600]Epoch 0:  22%|██▏       | 1344/6208 [03:50<13:54,  5.83it/s, v_num=t-12, loss/train=2.600]Epoch 0:  22%|██▏       | 1344/6208 [03:50<13:54,  5.83it/s, v_num=t-12, loss/train=3.880]Epoch 0:  22%|██▏       | 1345/6208 [03:50<13:54,  5.83it/s, v_num=t-12, loss/train=3.880]Epoch 0:  22%|██▏       | 1345/6208 [03:50<13:54,  5.83it/s, v_num=t-12, loss/train=3.050]Epoch 0:  22%|██▏       | 1346/6208 [03:50<13:54,  5.83it/s, v_num=t-12, loss/train=3.050]Epoch 0:  22%|██▏       | 1346/6208 [03:51<13:54,  5.83it/s, v_num=t-12, loss/train=3.190]Epoch 0:  22%|██▏       | 1347/6208 [03:51<13:54,  5.83it/s, v_num=t-12, loss/train=3.190]Epoch 0:  22%|██▏       | 1347/6208 [03:51<13:54,  5.83it/s, v_num=t-12, loss/train=3.130]Epoch 0:  22%|██▏       | 1348/6208 [03:51<13:53,  5.83it/s, v_num=t-12, loss/train=3.130]Epoch 0:  22%|██▏       | 1348/6208 [03:51<13:54,  5.83it/s, v_num=t-12, loss/train=3.330]Epoch 0:  22%|██▏       | 1349/6208 [03:51<13:53,  5.83it/s, v_num=t-12, loss/train=3.330]Epoch 0:  22%|██▏       | 1349/6208 [03:51<13:53,  5.83it/s, v_num=t-12, loss/train=3.360]Epoch 0:  22%|██▏       | 1350/6208 [03:51<13:53,  5.83it/s, v_num=t-12, loss/train=3.360]Epoch 0:  22%|██▏       | 1350/6208 [03:51<13:53,  5.83it/s, v_num=t-12, loss/train=2.730]Epoch 0:  22%|██▏       | 1351/6208 [03:51<13:53,  5.83it/s, v_num=t-12, loss/train=2.730]Epoch 0:  22%|██▏       | 1351/6208 [03:51<13:53,  5.83it/s, v_num=t-12, loss/train=3.260]Epoch 0:  22%|██▏       | 1352/6208 [03:51<13:53,  5.83it/s, v_num=t-12, loss/train=3.260]Epoch 0:  22%|██▏       | 1352/6208 [03:51<13:53,  5.83it/s, v_num=t-12, loss/train=3.190]Epoch 0:  22%|██▏       | 1353/6208 [03:52<13:52,  5.83it/s, v_num=t-12, loss/train=3.190]Epoch 0:  22%|██▏       | 1353/6208 [03:52<13:53,  5.83it/s, v_num=t-12, loss/train=3.360]Epoch 0:  22%|██▏       | 1354/6208 [03:52<13:52,  5.83it/s, v_num=t-12, loss/train=3.360]Epoch 0:  22%|██▏       | 1354/6208 [03:52<13:52,  5.83it/s, v_num=t-12, loss/train=3.430]Epoch 0:  22%|██▏       | 1355/6208 [03:52<13:52,  5.83it/s, v_num=t-12, loss/train=3.430]Epoch 0:  22%|██▏       | 1355/6208 [03:52<13:52,  5.83it/s, v_num=t-12, loss/train=3.660]Epoch 0:  22%|██▏       | 1356/6208 [03:52<13:52,  5.83it/s, v_num=t-12, loss/train=3.660]Epoch 0:  22%|██▏       | 1356/6208 [03:52<13:52,  5.83it/s, v_num=t-12, loss/train=3.380]Epoch 0:  22%|██▏       | 1357/6208 [03:52<13:51,  5.83it/s, v_num=t-12, loss/train=3.380]Epoch 0:  22%|██▏       | 1357/6208 [03:52<13:52,  5.83it/s, v_num=t-12, loss/train=4.080]Epoch 0:  22%|██▏       | 1358/6208 [03:52<13:51,  5.83it/s, v_num=t-12, loss/train=4.080]Epoch 0:  22%|██▏       | 1358/6208 [03:52<13:51,  5.83it/s, v_num=t-12, loss/train=3.890]Epoch 0:  22%|██▏       | 1359/6208 [03:53<13:51,  5.83it/s, v_num=t-12, loss/train=3.890]Epoch 0:  22%|██▏       | 1359/6208 [03:53<13:51,  5.83it/s, v_num=t-12, loss/train=2.450]Epoch 0:  22%|██▏       | 1360/6208 [03:53<13:51,  5.83it/s, v_num=t-12, loss/train=2.450]Epoch 0:  22%|██▏       | 1360/6208 [03:53<13:51,  5.83it/s, v_num=t-12, loss/train=4.020]Epoch 0:  22%|██▏       | 1361/6208 [03:53<13:51,  5.83it/s, v_num=t-12, loss/train=4.020]Epoch 0:  22%|██▏       | 1361/6208 [03:53<13:51,  5.83it/s, v_num=t-12, loss/train=3.400]Epoch 0:  22%|██▏       | 1362/6208 [03:53<13:50,  5.83it/s, v_num=t-12, loss/train=3.400]Epoch 0:  22%|██▏       | 1362/6208 [03:53<13:50,  5.83it/s, v_num=t-12, loss/train=3.000]Epoch 0:  22%|██▏       | 1363/6208 [03:53<13:50,  5.83it/s, v_num=t-12, loss/train=3.000]Epoch 0:  22%|██▏       | 1363/6208 [03:53<13:50,  5.83it/s, v_num=t-12, loss/train=3.200]Epoch 0:  22%|██▏       | 1364/6208 [03:53<13:50,  5.83it/s, v_num=t-12, loss/train=3.200]Epoch 0:  22%|██▏       | 1364/6208 [03:53<13:50,  5.83it/s, v_num=t-12, loss/train=3.330]Epoch 0:  22%|██▏       | 1365/6208 [03:54<13:50,  5.83it/s, v_num=t-12, loss/train=3.330]Epoch 0:  22%|██▏       | 1365/6208 [03:54<13:50,  5.83it/s, v_num=t-12, loss/train=2.980]Epoch 0:  22%|██▏       | 1366/6208 [03:54<13:50,  5.83it/s, v_num=t-12, loss/train=2.980]Epoch 0:  22%|██▏       | 1366/6208 [03:54<13:50,  5.83it/s, v_num=t-12, loss/train=2.870]Epoch 0:  22%|██▏       | 1367/6208 [03:54<13:49,  5.83it/s, v_num=t-12, loss/train=2.870]Epoch 0:  22%|██▏       | 1367/6208 [03:54<13:49,  5.83it/s, v_num=t-12, loss/train=3.080]Epoch 0:  22%|██▏       | 1368/6208 [03:54<13:49,  5.83it/s, v_num=t-12, loss/train=3.080]Epoch 0:  22%|██▏       | 1368/6208 [03:54<13:49,  5.83it/s, v_num=t-12, loss/train=3.360]Epoch 0:  22%|██▏       | 1369/6208 [03:54<13:49,  5.83it/s, v_num=t-12, loss/train=3.360]Epoch 0:  22%|██▏       | 1369/6208 [03:54<13:49,  5.83it/s, v_num=t-12, loss/train=3.300]Epoch 0:  22%|██▏       | 1370/6208 [03:55<13:50,  5.83it/s, v_num=t-12, loss/train=3.300]Epoch 0:  22%|██▏       | 1370/6208 [03:55<13:50,  5.83it/s, v_num=t-12, loss/train=3.350]Epoch 0:  22%|██▏       | 1371/6208 [03:55<13:50,  5.82it/s, v_num=t-12, loss/train=3.350]Epoch 0:  22%|██▏       | 1371/6208 [03:55<13:50,  5.82it/s, v_num=t-12, loss/train=3.380]Epoch 0:  22%|██▏       | 1372/6208 [03:55<13:50,  5.82it/s, v_num=t-12, loss/train=3.380]Epoch 0:  22%|██▏       | 1372/6208 [03:55<13:50,  5.82it/s, v_num=t-12, loss/train=3.020]Epoch 0:  22%|██▏       | 1373/6208 [03:55<13:49,  5.83it/s, v_num=t-12, loss/train=3.020]Epoch 0:  22%|██▏       | 1373/6208 [03:55<13:50,  5.82it/s, v_num=t-12, loss/train=3.290]Epoch 0:  22%|██▏       | 1374/6208 [03:55<13:49,  5.82it/s, v_num=t-12, loss/train=3.290]Epoch 0:  22%|██▏       | 1374/6208 [03:55<13:50,  5.82it/s, v_num=t-12, loss/train=4.150]Epoch 0:  22%|██▏       | 1375/6208 [03:56<13:49,  5.82it/s, v_num=t-12, loss/train=4.150]Epoch 0:  22%|██▏       | 1375/6208 [03:56<13:49,  5.82it/s, v_num=t-12, loss/train=2.760]Epoch 0:  22%|██▏       | 1376/6208 [03:56<13:49,  5.83it/s, v_num=t-12, loss/train=2.760]Epoch 0:  22%|██▏       | 1376/6208 [03:56<13:49,  5.82it/s, v_num=t-12, loss/train=2.530]Epoch 0:  22%|██▏       | 1377/6208 [03:56<13:49,  5.83it/s, v_num=t-12, loss/train=2.530]Epoch 0:  22%|██▏       | 1377/6208 [03:56<13:49,  5.82it/s, v_num=t-12, loss/train=4.470]Epoch 0:  22%|██▏       | 1378/6208 [03:56<13:49,  5.83it/s, v_num=t-12, loss/train=4.470]Epoch 0:  22%|██▏       | 1378/6208 [03:56<13:49,  5.83it/s, v_num=t-12, loss/train=2.890]Epoch 0:  22%|██▏       | 1379/6208 [03:56<13:48,  5.83it/s, v_num=t-12, loss/train=2.890]Epoch 0:  22%|██▏       | 1379/6208 [03:56<13:49,  5.82it/s, v_num=t-12, loss/train=2.870]Epoch 0:  22%|██▏       | 1380/6208 [03:56<13:48,  5.83it/s, v_num=t-12, loss/train=2.870]Epoch 0:  22%|██▏       | 1380/6208 [03:56<13:48,  5.83it/s, v_num=t-12, loss/train=2.820]Epoch 0:  22%|██▏       | 1381/6208 [03:57<13:48,  5.83it/s, v_num=t-12, loss/train=2.820]Epoch 0:  22%|██▏       | 1381/6208 [03:57<13:48,  5.83it/s, v_num=t-12, loss/train=3.490]Epoch 0:  22%|██▏       | 1382/6208 [03:57<13:48,  5.83it/s, v_num=t-12, loss/train=3.490]Epoch 0:  22%|██▏       | 1382/6208 [03:57<13:48,  5.83it/s, v_num=t-12, loss/train=2.870]Epoch 0:  22%|██▏       | 1383/6208 [03:57<13:48,  5.83it/s, v_num=t-12, loss/train=2.870]Epoch 0:  22%|██▏       | 1383/6208 [03:57<13:48,  5.83it/s, v_num=t-12, loss/train=3.100]Epoch 0:  22%|██▏       | 1384/6208 [03:57<13:47,  5.83it/s, v_num=t-12, loss/train=3.100]Epoch 0:  22%|██▏       | 1384/6208 [03:57<13:47,  5.83it/s, v_num=t-12, loss/train=3.110]Epoch 0:  22%|██▏       | 1385/6208 [03:57<13:47,  5.83it/s, v_num=t-12, loss/train=3.110]Epoch 0:  22%|██▏       | 1385/6208 [03:57<13:47,  5.83it/s, v_num=t-12, loss/train=2.950]Epoch 0:  22%|██▏       | 1386/6208 [03:57<13:47,  5.83it/s, v_num=t-12, loss/train=2.950]Epoch 0:  22%|██▏       | 1386/6208 [03:57<13:47,  5.83it/s, v_num=t-12, loss/train=3.360]Epoch 0:  22%|██▏       | 1387/6208 [03:57<13:47,  5.83it/s, v_num=t-12, loss/train=3.360]Epoch 0:  22%|██▏       | 1387/6208 [03:58<13:47,  5.83it/s, v_num=t-12, loss/train=3.480]Epoch 0:  22%|██▏       | 1388/6208 [03:58<13:47,  5.83it/s, v_num=t-12, loss/train=3.480]Epoch 0:  22%|██▏       | 1388/6208 [03:58<13:47,  5.83it/s, v_num=t-12, loss/train=3.890]Epoch 0:  22%|██▏       | 1389/6208 [03:58<13:46,  5.83it/s, v_num=t-12, loss/train=3.890]Epoch 0:  22%|██▏       | 1389/6208 [03:58<13:46,  5.83it/s, v_num=t-12, loss/train=3.180]Epoch 0:  22%|██▏       | 1390/6208 [03:58<13:46,  5.83it/s, v_num=t-12, loss/train=3.180]Epoch 0:  22%|██▏       | 1390/6208 [03:58<13:46,  5.83it/s, v_num=t-12, loss/train=2.490]Epoch 0:  22%|██▏       | 1391/6208 [03:58<13:46,  5.83it/s, v_num=t-12, loss/train=2.490]Epoch 0:  22%|██▏       | 1391/6208 [03:58<13:46,  5.83it/s, v_num=t-12, loss/train=2.960]Epoch 0:  22%|██▏       | 1392/6208 [03:58<13:46,  5.83it/s, v_num=t-12, loss/train=2.960]Epoch 0:  22%|██▏       | 1392/6208 [03:58<13:46,  5.83it/s, v_num=t-12, loss/train=2.920]Epoch 0:  22%|██▏       | 1393/6208 [03:59<13:46,  5.83it/s, v_num=t-12, loss/train=2.920]Epoch 0:  22%|██▏       | 1393/6208 [03:59<13:46,  5.83it/s, v_num=t-12, loss/train=2.310]Epoch 0:  22%|██▏       | 1394/6208 [03:59<13:45,  5.83it/s, v_num=t-12, loss/train=2.310]Epoch 0:  22%|██▏       | 1394/6208 [03:59<13:46,  5.83it/s, v_num=t-12, loss/train=3.430]Epoch 0:  22%|██▏       | 1395/6208 [03:59<13:45,  5.83it/s, v_num=t-12, loss/train=3.430]Epoch 0:  22%|██▏       | 1395/6208 [03:59<13:45,  5.83it/s, v_num=t-12, loss/train=3.060]Epoch 0:  22%|██▏       | 1396/6208 [03:59<13:45,  5.83it/s, v_num=t-12, loss/train=3.060]Epoch 0:  22%|██▏       | 1396/6208 [03:59<13:45,  5.83it/s, v_num=t-12, loss/train=3.860]Epoch 0:  23%|██▎       | 1397/6208 [03:59<13:45,  5.83it/s, v_num=t-12, loss/train=3.860]Epoch 0:  23%|██▎       | 1397/6208 [03:59<13:45,  5.83it/s, v_num=t-12, loss/train=2.830]Epoch 0:  23%|██▎       | 1398/6208 [03:59<13:45,  5.83it/s, v_num=t-12, loss/train=2.830]Epoch 0:  23%|██▎       | 1398/6208 [03:59<13:45,  5.83it/s, v_num=t-12, loss/train=3.450]Epoch 0:  23%|██▎       | 1399/6208 [03:59<13:44,  5.83it/s, v_num=t-12, loss/train=3.450]Epoch 0:  23%|██▎       | 1399/6208 [03:59<13:44,  5.83it/s, v_num=t-12, loss/train=3.590]Epoch 0:  23%|██▎       | 1400/6208 [04:00<13:44,  5.83it/s, v_num=t-12, loss/train=3.590]Epoch 0:  23%|██▎       | 1400/6208 [04:00<13:44,  5.83it/s, v_num=t-12, loss/train=2.950]Epoch 0:  23%|██▎       | 1401/6208 [04:00<13:44,  5.83it/s, v_num=t-12, loss/train=2.950]Epoch 0:  23%|██▎       | 1401/6208 [04:00<13:44,  5.83it/s, v_num=t-12, loss/train=2.580]Epoch 0:  23%|██▎       | 1402/6208 [04:00<13:44,  5.83it/s, v_num=t-12, loss/train=2.580]Epoch 0:  23%|██▎       | 1402/6208 [04:00<13:44,  5.83it/s, v_num=t-12, loss/train=2.990]Epoch 0:  23%|██▎       | 1403/6208 [04:00<13:43,  5.83it/s, v_num=t-12, loss/train=2.990]Epoch 0:  23%|██▎       | 1403/6208 [04:00<13:43,  5.83it/s, v_num=t-12, loss/train=3.980]Epoch 0:  23%|██▎       | 1404/6208 [04:00<13:44,  5.83it/s, v_num=t-12, loss/train=3.980]Epoch 0:  23%|██▎       | 1404/6208 [04:00<13:44,  5.83it/s, v_num=t-12, loss/train=2.930]Epoch 0:  23%|██▎       | 1405/6208 [04:01<13:44,  5.83it/s, v_num=t-12, loss/train=2.930]Epoch 0:  23%|██▎       | 1405/6208 [04:01<13:44,  5.83it/s, v_num=t-12, loss/train=3.230]Epoch 0:  23%|██▎       | 1406/6208 [04:01<13:44,  5.83it/s, v_num=t-12, loss/train=3.230]Epoch 0:  23%|██▎       | 1406/6208 [04:01<13:44,  5.83it/s, v_num=t-12, loss/train=2.730]Epoch 0:  23%|██▎       | 1407/6208 [04:01<13:43,  5.83it/s, v_num=t-12, loss/train=2.730]Epoch 0:  23%|██▎       | 1407/6208 [04:01<13:43,  5.83it/s, v_num=t-12, loss/train=3.560]Epoch 0:  23%|██▎       | 1408/6208 [04:01<13:43,  5.83it/s, v_num=t-12, loss/train=3.560]Epoch 0:  23%|██▎       | 1408/6208 [04:01<13:43,  5.83it/s, v_num=t-12, loss/train=2.480]Epoch 0:  23%|██▎       | 1409/6208 [04:01<13:43,  5.83it/s, v_num=t-12, loss/train=2.480]Epoch 0:  23%|██▎       | 1409/6208 [04:01<13:43,  5.83it/s, v_num=t-12, loss/train=3.020]Epoch 0:  23%|██▎       | 1410/6208 [04:01<13:43,  5.83it/s, v_num=t-12, loss/train=3.020]Epoch 0:  23%|██▎       | 1410/6208 [04:01<13:43,  5.83it/s, v_num=t-12, loss/train=3.410]Epoch 0:  23%|██▎       | 1411/6208 [04:02<13:42,  5.83it/s, v_num=t-12, loss/train=3.410]Epoch 0:  23%|██▎       | 1411/6208 [04:02<13:42,  5.83it/s, v_num=t-12, loss/train=2.660]Epoch 0:  23%|██▎       | 1412/6208 [04:02<13:42,  5.83it/s, v_num=t-12, loss/train=2.660]Epoch 0:  23%|██▎       | 1412/6208 [04:02<13:42,  5.83it/s, v_num=t-12, loss/train=3.430]Epoch 0:  23%|██▎       | 1413/6208 [04:02<13:42,  5.83it/s, v_num=t-12, loss/train=3.430]Epoch 0:  23%|██▎       | 1413/6208 [04:02<13:42,  5.83it/s, v_num=t-12, loss/train=2.880]Epoch 0:  23%|██▎       | 1414/6208 [04:02<13:42,  5.83it/s, v_num=t-12, loss/train=2.880]Epoch 0:  23%|██▎       | 1414/6208 [04:02<13:42,  5.83it/s, v_num=t-12, loss/train=2.940]Epoch 0:  23%|██▎       | 1415/6208 [04:02<13:42,  5.83it/s, v_num=t-12, loss/train=2.940]Epoch 0:  23%|██▎       | 1415/6208 [04:02<13:42,  5.83it/s, v_num=t-12, loss/train=3.050]Epoch 0:  23%|██▎       | 1416/6208 [04:02<13:42,  5.83it/s, v_num=t-12, loss/train=3.050]Epoch 0:  23%|██▎       | 1416/6208 [04:02<13:42,  5.83it/s, v_num=t-12, loss/train=3.550]Epoch 0:  23%|██▎       | 1417/6208 [04:03<13:41,  5.83it/s, v_num=t-12, loss/train=3.550]Epoch 0:  23%|██▎       | 1417/6208 [04:03<13:41,  5.83it/s, v_num=t-12, loss/train=2.930]Epoch 0:  23%|██▎       | 1418/6208 [04:03<13:41,  5.83it/s, v_num=t-12, loss/train=2.930]Epoch 0:  23%|██▎       | 1418/6208 [04:03<13:41,  5.83it/s, v_num=t-12, loss/train=3.020]Epoch 0:  23%|██▎       | 1419/6208 [04:03<13:41,  5.83it/s, v_num=t-12, loss/train=3.020]Epoch 0:  23%|██▎       | 1419/6208 [04:03<13:41,  5.83it/s, v_num=t-12, loss/train=2.910]Epoch 0:  23%|██▎       | 1420/6208 [04:03<13:41,  5.83it/s, v_num=t-12, loss/train=2.910]Epoch 0:  23%|██▎       | 1420/6208 [04:03<13:41,  5.83it/s, v_num=t-12, loss/train=3.160]Epoch 0:  23%|██▎       | 1421/6208 [04:03<13:41,  5.83it/s, v_num=t-12, loss/train=3.160]Epoch 0:  23%|██▎       | 1421/6208 [04:03<13:41,  5.83it/s, v_num=t-12, loss/train=4.210]Epoch 0:  23%|██▎       | 1422/6208 [04:03<13:40,  5.83it/s, v_num=t-12, loss/train=4.210]Epoch 0:  23%|██▎       | 1422/6208 [04:03<13:40,  5.83it/s, v_num=t-12, loss/train=2.880]Epoch 0:  23%|██▎       | 1423/6208 [04:04<13:41,  5.83it/s, v_num=t-12, loss/train=2.880]Epoch 0:  23%|██▎       | 1423/6208 [04:04<13:41,  5.83it/s, v_num=t-12, loss/train=4.840]Epoch 0:  23%|██▎       | 1424/6208 [04:04<13:41,  5.83it/s, v_num=t-12, loss/train=4.840]Epoch 0:  23%|██▎       | 1424/6208 [04:04<13:41,  5.83it/s, v_num=t-12, loss/train=3.550]Epoch 0:  23%|██▎       | 1425/6208 [04:04<13:40,  5.83it/s, v_num=t-12, loss/train=3.550]Epoch 0:  23%|██▎       | 1425/6208 [04:04<13:40,  5.83it/s, v_num=t-12, loss/train=2.890]Epoch 0:  23%|██▎       | 1426/6208 [04:04<13:40,  5.83it/s, v_num=t-12, loss/train=2.890]Epoch 0:  23%|██▎       | 1426/6208 [04:04<13:40,  5.83it/s, v_num=t-12, loss/train=3.250]Epoch 0:  23%|██▎       | 1427/6208 [04:04<13:40,  5.83it/s, v_num=t-12, loss/train=3.250]Epoch 0:  23%|██▎       | 1427/6208 [04:04<13:40,  5.83it/s, v_num=t-12, loss/train=4.020]Epoch 0:  23%|██▎       | 1428/6208 [04:05<13:40,  5.83it/s, v_num=t-12, loss/train=4.020]Epoch 0:  23%|██▎       | 1428/6208 [04:05<13:40,  5.83it/s, v_num=t-12, loss/train=2.700]Epoch 0:  23%|██▎       | 1429/6208 [04:05<13:39,  5.83it/s, v_num=t-12, loss/train=2.700]Epoch 0:  23%|██▎       | 1429/6208 [04:05<13:40,  5.83it/s, v_num=t-12, loss/train=3.290]Epoch 0:  23%|██▎       | 1430/6208 [04:05<13:39,  5.83it/s, v_num=t-12, loss/train=3.290]Epoch 0:  23%|██▎       | 1430/6208 [04:05<13:39,  5.83it/s, v_num=t-12, loss/train=2.930]Epoch 0:  23%|██▎       | 1431/6208 [04:05<13:39,  5.83it/s, v_num=t-12, loss/train=2.930]Epoch 0:  23%|██▎       | 1431/6208 [04:05<13:39,  5.83it/s, v_num=t-12, loss/train=3.410]Epoch 0:  23%|██▎       | 1432/6208 [04:05<13:39,  5.83it/s, v_num=t-12, loss/train=3.410]Epoch 0:  23%|██▎       | 1432/6208 [04:05<13:39,  5.83it/s, v_num=t-12, loss/train=3.200]Epoch 0:  23%|██▎       | 1433/6208 [04:05<13:39,  5.83it/s, v_num=t-12, loss/train=3.200]Epoch 0:  23%|██▎       | 1433/6208 [04:05<13:39,  5.83it/s, v_num=t-12, loss/train=2.570]Epoch 0:  23%|██▎       | 1434/6208 [04:06<13:39,  5.83it/s, v_num=t-12, loss/train=2.570]Epoch 0:  23%|██▎       | 1434/6208 [04:06<13:39,  5.83it/s, v_num=t-12, loss/train=2.860]Epoch 0:  23%|██▎       | 1435/6208 [04:06<13:38,  5.83it/s, v_num=t-12, loss/train=2.860]Epoch 0:  23%|██▎       | 1435/6208 [04:06<13:38,  5.83it/s, v_num=t-12, loss/train=4.000]Epoch 0:  23%|██▎       | 1436/6208 [04:06<13:38,  5.83it/s, v_num=t-12, loss/train=4.000]Epoch 0:  23%|██▎       | 1436/6208 [04:06<13:38,  5.83it/s, v_num=t-12, loss/train=2.960]Epoch 0:  23%|██▎       | 1437/6208 [04:06<13:38,  5.83it/s, v_num=t-12, loss/train=2.960]Epoch 0:  23%|██▎       | 1437/6208 [04:06<13:38,  5.83it/s, v_num=t-12, loss/train=3.160]Epoch 0:  23%|██▎       | 1438/6208 [04:06<13:38,  5.83it/s, v_num=t-12, loss/train=3.160]Epoch 0:  23%|██▎       | 1438/6208 [04:06<13:38,  5.83it/s, v_num=t-12, loss/train=3.010]Epoch 0:  23%|██▎       | 1439/6208 [04:06<13:38,  5.83it/s, v_num=t-12, loss/train=3.010]Epoch 0:  23%|██▎       | 1439/6208 [04:06<13:38,  5.83it/s, v_num=t-12, loss/train=2.920]Epoch 0:  23%|██▎       | 1440/6208 [04:06<13:37,  5.83it/s, v_num=t-12, loss/train=2.920]Epoch 0:  23%|██▎       | 1440/6208 [04:06<13:37,  5.83it/s, v_num=t-12, loss/train=3.460]Epoch 0:  23%|██▎       | 1441/6208 [04:07<13:37,  5.83it/s, v_num=t-12, loss/train=3.460]Epoch 0:  23%|██▎       | 1441/6208 [04:07<13:37,  5.83it/s, v_num=t-12, loss/train=2.210]Epoch 0:  23%|██▎       | 1442/6208 [04:07<13:37,  5.83it/s, v_num=t-12, loss/train=2.210]Epoch 0:  23%|██▎       | 1442/6208 [04:07<13:37,  5.83it/s, v_num=t-12, loss/train=2.980]Epoch 0:  23%|██▎       | 1443/6208 [04:07<13:37,  5.83it/s, v_num=t-12, loss/train=2.980]Epoch 0:  23%|██▎       | 1443/6208 [04:07<13:37,  5.83it/s, v_num=t-12, loss/train=4.150]Epoch 0:  23%|██▎       | 1444/6208 [04:07<13:36,  5.83it/s, v_num=t-12, loss/train=4.150]Epoch 0:  23%|██▎       | 1444/6208 [04:07<13:36,  5.83it/s, v_num=t-12, loss/train=3.510]Epoch 0:  23%|██▎       | 1445/6208 [04:07<13:36,  5.83it/s, v_num=t-12, loss/train=3.510]Epoch 0:  23%|██▎       | 1445/6208 [04:07<13:36,  5.83it/s, v_num=t-12, loss/train=3.270]Epoch 0:  23%|██▎       | 1446/6208 [04:07<13:36,  5.83it/s, v_num=t-12, loss/train=3.270]Epoch 0:  23%|██▎       | 1446/6208 [04:07<13:36,  5.83it/s, v_num=t-12, loss/train=2.940]Epoch 0:  23%|██▎       | 1447/6208 [04:08<13:36,  5.83it/s, v_num=t-12, loss/train=2.940]Epoch 0:  23%|██▎       | 1447/6208 [04:08<13:36,  5.83it/s, v_num=t-12, loss/train=3.870]Epoch 0:  23%|██▎       | 1448/6208 [04:08<13:36,  5.83it/s, v_num=t-12, loss/train=3.870]Epoch 0:  23%|██▎       | 1448/6208 [04:08<13:36,  5.83it/s, v_num=t-12, loss/train=2.860]Epoch 0:  23%|██▎       | 1449/6208 [04:08<13:35,  5.83it/s, v_num=t-12, loss/train=2.860]Epoch 0:  23%|██▎       | 1449/6208 [04:08<13:35,  5.83it/s, v_num=t-12, loss/train=3.420]Epoch 0:  23%|██▎       | 1450/6208 [04:08<13:35,  5.83it/s, v_num=t-12, loss/train=3.420]Epoch 0:  23%|██▎       | 1450/6208 [04:08<13:35,  5.83it/s, v_num=t-12, loss/train=2.980]Epoch 0:  23%|██▎       | 1451/6208 [04:08<13:35,  5.83it/s, v_num=t-12, loss/train=2.980]Epoch 0:  23%|██▎       | 1451/6208 [04:08<13:35,  5.83it/s, v_num=t-12, loss/train=3.260]Epoch 0:  23%|██▎       | 1452/6208 [04:08<13:35,  5.83it/s, v_num=t-12, loss/train=3.260]Epoch 0:  23%|██▎       | 1452/6208 [04:08<13:35,  5.83it/s, v_num=t-12, loss/train=2.950]Epoch 0:  23%|██▎       | 1453/6208 [04:09<13:35,  5.83it/s, v_num=t-12, loss/train=2.950]Epoch 0:  23%|██▎       | 1453/6208 [04:09<13:35,  5.83it/s, v_num=t-12, loss/train=3.290]Epoch 0:  23%|██▎       | 1454/6208 [04:09<13:34,  5.83it/s, v_num=t-12, loss/train=3.290]Epoch 0:  23%|██▎       | 1454/6208 [04:09<13:34,  5.83it/s, v_num=t-12, loss/train=3.780]Epoch 0:  23%|██▎       | 1455/6208 [04:09<13:34,  5.84it/s, v_num=t-12, loss/train=3.780]Epoch 0:  23%|██▎       | 1455/6208 [04:09<13:34,  5.83it/s, v_num=t-12, loss/train=3.370]Epoch 0:  23%|██▎       | 1456/6208 [04:09<13:34,  5.84it/s, v_num=t-12, loss/train=3.370]Epoch 0:  23%|██▎       | 1456/6208 [04:09<13:34,  5.84it/s, v_num=t-12, loss/train=3.140]Epoch 0:  23%|██▎       | 1457/6208 [04:09<13:34,  5.84it/s, v_num=t-12, loss/train=3.140]Epoch 0:  23%|██▎       | 1457/6208 [04:09<13:34,  5.84it/s, v_num=t-12, loss/train=3.600]Epoch 0:  23%|██▎       | 1458/6208 [04:09<13:33,  5.84it/s, v_num=t-12, loss/train=3.600]Epoch 0:  23%|██▎       | 1458/6208 [04:09<13:33,  5.84it/s, v_num=t-12, loss/train=2.720]Epoch 0:  24%|██▎       | 1459/6208 [04:09<13:33,  5.84it/s, v_num=t-12, loss/train=2.720]Epoch 0:  24%|██▎       | 1459/6208 [04:09<13:33,  5.84it/s, v_num=t-12, loss/train=3.620]Epoch 0:  24%|██▎       | 1460/6208 [04:10<13:33,  5.84it/s, v_num=t-12, loss/train=3.620]Epoch 0:  24%|██▎       | 1460/6208 [04:10<13:33,  5.84it/s, v_num=t-12, loss/train=4.440]Epoch 0:  24%|██▎       | 1461/6208 [04:10<13:33,  5.84it/s, v_num=t-12, loss/train=4.440]Epoch 0:  24%|██▎       | 1461/6208 [04:10<13:33,  5.84it/s, v_num=t-12, loss/train=2.910]Epoch 0:  24%|██▎       | 1462/6208 [04:10<13:33,  5.84it/s, v_num=t-12, loss/train=2.910]Epoch 0:  24%|██▎       | 1462/6208 [04:10<13:33,  5.84it/s, v_num=t-12, loss/train=3.580]Epoch 0:  24%|██▎       | 1463/6208 [04:10<13:32,  5.84it/s, v_num=t-12, loss/train=3.580]Epoch 0:  24%|██▎       | 1463/6208 [04:10<13:32,  5.84it/s, v_num=t-12, loss/train=2.810]Epoch 0:  24%|██▎       | 1464/6208 [04:10<13:32,  5.84it/s, v_num=t-12, loss/train=2.810]Epoch 0:  24%|██▎       | 1464/6208 [04:10<13:32,  5.84it/s, v_num=t-12, loss/train=4.010]Epoch 0:  24%|██▎       | 1465/6208 [04:10<13:32,  5.84it/s, v_num=t-12, loss/train=4.010]Epoch 0:  24%|██▎       | 1465/6208 [04:10<13:32,  5.84it/s, v_num=t-12, loss/train=3.500]Epoch 0:  24%|██▎       | 1466/6208 [04:11<13:32,  5.84it/s, v_num=t-12, loss/train=3.500]Epoch 0:  24%|██▎       | 1466/6208 [04:11<13:32,  5.84it/s, v_num=t-12, loss/train=2.760]Epoch 0:  24%|██▎       | 1467/6208 [04:11<13:32,  5.84it/s, v_num=t-12, loss/train=2.760]Epoch 0:  24%|██▎       | 1467/6208 [04:11<13:32,  5.84it/s, v_num=t-12, loss/train=2.490]Epoch 0:  24%|██▎       | 1468/6208 [04:11<13:32,  5.84it/s, v_num=t-12, loss/train=2.490]Epoch 0:  24%|██▎       | 1468/6208 [04:11<13:32,  5.84it/s, v_num=t-12, loss/train=3.110]Epoch 0:  24%|██▎       | 1469/6208 [04:11<13:31,  5.84it/s, v_num=t-12, loss/train=3.110]Epoch 0:  24%|██▎       | 1469/6208 [04:11<13:31,  5.84it/s, v_num=t-12, loss/train=3.450]Epoch 0:  24%|██▎       | 1470/6208 [04:11<13:31,  5.84it/s, v_num=t-12, loss/train=3.450]Epoch 0:  24%|██▎       | 1470/6208 [04:11<13:31,  5.84it/s, v_num=t-12, loss/train=3.070]Epoch 0:  24%|██▎       | 1471/6208 [04:11<13:31,  5.84it/s, v_num=t-12, loss/train=3.070]Epoch 0:  24%|██▎       | 1471/6208 [04:11<13:31,  5.84it/s, v_num=t-12, loss/train=3.070]Epoch 0:  24%|██▎       | 1472/6208 [04:12<13:31,  5.84it/s, v_num=t-12, loss/train=3.070]Epoch 0:  24%|██▎       | 1472/6208 [04:12<13:31,  5.84it/s, v_num=t-12, loss/train=3.610]Epoch 0:  24%|██▎       | 1473/6208 [04:12<13:30,  5.84it/s, v_num=t-12, loss/train=3.610]Epoch 0:  24%|██▎       | 1473/6208 [04:12<13:30,  5.84it/s, v_num=t-12, loss/train=3.910]Epoch 0:  24%|██▎       | 1474/6208 [04:12<13:30,  5.84it/s, v_num=t-12, loss/train=3.910]Epoch 0:  24%|██▎       | 1474/6208 [04:12<13:30,  5.84it/s, v_num=t-12, loss/train=3.660]Epoch 0:  24%|██▍       | 1475/6208 [04:12<13:30,  5.84it/s, v_num=t-12, loss/train=3.660]Epoch 0:  24%|██▍       | 1475/6208 [04:12<13:30,  5.84it/s, v_num=t-12, loss/train=3.690]Epoch 0:  24%|██▍       | 1476/6208 [04:12<13:30,  5.84it/s, v_num=t-12, loss/train=3.690]Epoch 0:  24%|██▍       | 1476/6208 [04:12<13:30,  5.84it/s, v_num=t-12, loss/train=2.880]Epoch 0:  24%|██▍       | 1477/6208 [04:12<13:30,  5.84it/s, v_num=t-12, loss/train=2.880]Epoch 0:  24%|██▍       | 1477/6208 [04:12<13:30,  5.84it/s, v_num=t-12, loss/train=3.230]Epoch 0:  24%|██▍       | 1478/6208 [04:13<13:29,  5.84it/s, v_num=t-12, loss/train=3.230]Epoch 0:  24%|██▍       | 1478/6208 [04:13<13:29,  5.84it/s, v_num=t-12, loss/train=2.680]Epoch 0:  24%|██▍       | 1479/6208 [04:13<13:29,  5.84it/s, v_num=t-12, loss/train=2.680]Epoch 0:  24%|██▍       | 1479/6208 [04:13<13:29,  5.84it/s, v_num=t-12, loss/train=4.420]Epoch 0:  24%|██▍       | 1480/6208 [04:13<13:29,  5.84it/s, v_num=t-12, loss/train=4.420]Epoch 0:  24%|██▍       | 1480/6208 [04:13<13:29,  5.84it/s, v_num=t-12, loss/train=3.520]Epoch 0:  24%|██▍       | 1481/6208 [04:13<13:29,  5.84it/s, v_num=t-12, loss/train=3.520]Epoch 0:  24%|██▍       | 1481/6208 [04:13<13:29,  5.84it/s, v_num=t-12, loss/train=3.020]Epoch 0:  24%|██▍       | 1482/6208 [04:13<13:29,  5.84it/s, v_num=t-12, loss/train=3.020]Epoch 0:  24%|██▍       | 1482/6208 [04:13<13:29,  5.84it/s, v_num=t-12, loss/train=4.010]Epoch 0:  24%|██▍       | 1483/6208 [04:13<13:29,  5.84it/s, v_num=t-12, loss/train=4.010]Epoch 0:  24%|██▍       | 1483/6208 [04:13<13:29,  5.84it/s, v_num=t-12, loss/train=3.640]Epoch 0:  24%|██▍       | 1484/6208 [04:14<13:28,  5.84it/s, v_num=t-12, loss/train=3.640]Epoch 0:  24%|██▍       | 1484/6208 [04:14<13:28,  5.84it/s, v_num=t-12, loss/train=2.440]Epoch 0:  24%|██▍       | 1485/6208 [04:14<13:28,  5.84it/s, v_num=t-12, loss/train=2.440]Epoch 0:  24%|██▍       | 1485/6208 [04:14<13:28,  5.84it/s, v_num=t-12, loss/train=3.380]Epoch 0:  24%|██▍       | 1486/6208 [04:14<13:28,  5.84it/s, v_num=t-12, loss/train=3.380]Epoch 0:  24%|██▍       | 1486/6208 [04:14<13:28,  5.84it/s, v_num=t-12, loss/train=3.160]Epoch 0:  24%|██▍       | 1487/6208 [04:14<13:28,  5.84it/s, v_num=t-12, loss/train=3.160]Epoch 0:  24%|██▍       | 1487/6208 [04:14<13:28,  5.84it/s, v_num=t-12, loss/train=2.850]Epoch 0:  24%|██▍       | 1488/6208 [04:14<13:27,  5.84it/s, v_num=t-12, loss/train=2.850]Epoch 0:  24%|██▍       | 1488/6208 [04:14<13:27,  5.84it/s, v_num=t-12, loss/train=3.230]Epoch 0:  24%|██▍       | 1489/6208 [04:14<13:27,  5.84it/s, v_num=t-12, loss/train=3.230]Epoch 0:  24%|██▍       | 1489/6208 [04:14<13:27,  5.84it/s, v_num=t-12, loss/train=2.800]Epoch 0:  24%|██▍       | 1490/6208 [04:15<13:27,  5.84it/s, v_num=t-12, loss/train=2.800]Epoch 0:  24%|██▍       | 1490/6208 [04:15<13:27,  5.84it/s, v_num=t-12, loss/train=3.550]Epoch 0:  24%|██▍       | 1491/6208 [04:15<13:27,  5.84it/s, v_num=t-12, loss/train=3.550]Epoch 0:  24%|██▍       | 1491/6208 [04:15<13:27,  5.84it/s, v_num=t-12, loss/train=2.970]Epoch 0:  24%|██▍       | 1492/6208 [04:15<13:27,  5.84it/s, v_num=t-12, loss/train=2.970]Epoch 0:  24%|██▍       | 1492/6208 [04:15<13:27,  5.84it/s, v_num=t-12, loss/train=3.890]Epoch 0:  24%|██▍       | 1493/6208 [04:15<13:26,  5.84it/s, v_num=t-12, loss/train=3.890]Epoch 0:  24%|██▍       | 1493/6208 [04:15<13:26,  5.84it/s, v_num=t-12, loss/train=3.170]Epoch 0:  24%|██▍       | 1494/6208 [04:15<13:26,  5.84it/s, v_num=t-12, loss/train=3.170]Epoch 0:  24%|██▍       | 1494/6208 [04:15<13:26,  5.84it/s, v_num=t-12, loss/train=2.680]Epoch 0:  24%|██▍       | 1495/6208 [04:15<13:26,  5.84it/s, v_num=t-12, loss/train=2.680]Epoch 0:  24%|██▍       | 1495/6208 [04:15<13:26,  5.84it/s, v_num=t-12, loss/train=2.650]Epoch 0:  24%|██▍       | 1496/6208 [04:16<13:26,  5.84it/s, v_num=t-12, loss/train=2.650]Epoch 0:  24%|██▍       | 1496/6208 [04:16<13:26,  5.84it/s, v_num=t-12, loss/train=3.170]Epoch 0:  24%|██▍       | 1497/6208 [04:16<13:26,  5.84it/s, v_num=t-12, loss/train=3.170]Epoch 0:  24%|██▍       | 1497/6208 [04:16<13:26,  5.84it/s, v_num=t-12, loss/train=4.350]Epoch 0:  24%|██▍       | 1498/6208 [04:16<13:25,  5.84it/s, v_num=t-12, loss/train=4.350]Epoch 0:  24%|██▍       | 1498/6208 [04:16<13:26,  5.84it/s, v_num=t-12, loss/train=2.820]Epoch 0:  24%|██▍       | 1499/6208 [04:16<13:25,  5.84it/s, v_num=t-12, loss/train=2.820]Epoch 0:  24%|██▍       | 1499/6208 [04:16<13:25,  5.84it/s, v_num=t-12, loss/train=3.640]Epoch 0:  24%|██▍       | 1500/6208 [04:16<13:25,  5.84it/s, v_num=t-12, loss/train=3.640]Epoch 0:  24%|██▍       | 1500/6208 [04:16<13:25,  5.84it/s, v_num=t-12, loss/train=3.730]Epoch 0:  24%|██▍       | 1501/6208 [04:16<13:25,  5.84it/s, v_num=t-12, loss/train=3.730]Epoch 0:  24%|██▍       | 1501/6208 [04:16<13:25,  5.84it/s, v_num=t-12, loss/train=2.490]Epoch 0:  24%|██▍       | 1502/6208 [04:16<13:25,  5.84it/s, v_num=t-12, loss/train=2.490]Epoch 0:  24%|██▍       | 1502/6208 [04:17<13:25,  5.84it/s, v_num=t-12, loss/train=2.470]Epoch 0:  24%|██▍       | 1503/6208 [04:17<13:25,  5.84it/s, v_num=t-12, loss/train=2.470]Epoch 0:  24%|██▍       | 1503/6208 [04:17<13:25,  5.84it/s, v_num=t-12, loss/train=2.660]Epoch 0:  24%|██▍       | 1504/6208 [04:17<13:24,  5.84it/s, v_num=t-12, loss/train=2.660]Epoch 0:  24%|██▍       | 1504/6208 [04:17<13:24,  5.84it/s, v_num=t-12, loss/train=2.880]Epoch 0:  24%|██▍       | 1505/6208 [04:17<13:24,  5.84it/s, v_num=t-12, loss/train=2.880]Epoch 0:  24%|██▍       | 1505/6208 [04:17<13:24,  5.84it/s, v_num=t-12, loss/train=2.480]Epoch 0:  24%|██▍       | 1506/6208 [04:17<13:24,  5.85it/s, v_num=t-12, loss/train=2.480]Epoch 0:  24%|██▍       | 1506/6208 [04:17<13:24,  5.84it/s, v_num=t-12, loss/train=3.270]Epoch 0:  24%|██▍       | 1507/6208 [04:17<13:24,  5.85it/s, v_num=t-12, loss/train=3.270]Epoch 0:  24%|██▍       | 1507/6208 [04:17<13:24,  5.84it/s, v_num=t-12, loss/train=3.200]Epoch 0:  24%|██▍       | 1508/6208 [04:17<13:24,  5.85it/s, v_num=t-12, loss/train=3.200]Epoch 0:  24%|██▍       | 1508/6208 [04:17<13:24,  5.85it/s, v_num=t-12, loss/train=2.860]Epoch 0:  24%|██▍       | 1509/6208 [04:18<13:23,  5.85it/s, v_num=t-12, loss/train=2.860]Epoch 0:  24%|██▍       | 1509/6208 [04:18<13:23,  5.85it/s, v_num=t-12, loss/train=2.910]Epoch 0:  24%|██▍       | 1510/6208 [04:18<13:23,  5.85it/s, v_num=t-12, loss/train=2.910]Epoch 0:  24%|██▍       | 1510/6208 [04:18<13:23,  5.85it/s, v_num=t-12, loss/train=3.690]Epoch 0:  24%|██▍       | 1511/6208 [04:18<13:23,  5.85it/s, v_num=t-12, loss/train=3.690]Epoch 0:  24%|██▍       | 1511/6208 [04:18<13:23,  5.85it/s, v_num=t-12, loss/train=2.540]Epoch 0:  24%|██▍       | 1512/6208 [04:18<13:23,  5.85it/s, v_num=t-12, loss/train=2.540]Epoch 0:  24%|██▍       | 1512/6208 [04:18<13:23,  5.85it/s, v_num=t-12, loss/train=2.450]Epoch 0:  24%|██▍       | 1513/6208 [04:18<13:23,  5.85it/s, v_num=t-12, loss/train=2.450]Epoch 0:  24%|██▍       | 1513/6208 [04:18<13:23,  5.85it/s, v_num=t-12, loss/train=2.800]Epoch 0:  24%|██▍       | 1514/6208 [04:18<13:22,  5.85it/s, v_num=t-12, loss/train=2.800]Epoch 0:  24%|██▍       | 1514/6208 [04:18<13:22,  5.85it/s, v_num=t-12, loss/train=3.150]Epoch 0:  24%|██▍       | 1515/6208 [04:19<13:22,  5.85it/s, v_num=t-12, loss/train=3.150]Epoch 0:  24%|██▍       | 1515/6208 [04:19<13:22,  5.85it/s, v_num=t-12, loss/train=2.570]Epoch 0:  24%|██▍       | 1516/6208 [04:19<13:22,  5.85it/s, v_num=t-12, loss/train=2.570]Epoch 0:  24%|██▍       | 1516/6208 [04:19<13:22,  5.85it/s, v_num=t-12, loss/train=2.580]Epoch 0:  24%|██▍       | 1517/6208 [04:19<13:22,  5.85it/s, v_num=t-12, loss/train=2.580]Epoch 0:  24%|██▍       | 1517/6208 [04:19<13:22,  5.85it/s, v_num=t-12, loss/train=2.830]Epoch 0:  24%|██▍       | 1518/6208 [04:19<13:22,  5.85it/s, v_num=t-12, loss/train=2.830]Epoch 0:  24%|██▍       | 1518/6208 [04:19<13:22,  5.85it/s, v_num=t-12, loss/train=3.420]Epoch 0:  24%|██▍       | 1519/6208 [04:19<13:21,  5.85it/s, v_num=t-12, loss/train=3.420]Epoch 0:  24%|██▍       | 1519/6208 [04:19<13:21,  5.85it/s, v_num=t-12, loss/train=2.500]Epoch 0:  24%|██▍       | 1520/6208 [04:20<13:22,  5.84it/s, v_num=t-12, loss/train=2.500]Epoch 0:  24%|██▍       | 1520/6208 [04:20<13:22,  5.84it/s, v_num=t-12, loss/train=2.950]Epoch 0:  25%|██▍       | 1521/6208 [04:20<13:22,  5.84it/s, v_num=t-12, loss/train=2.950]Epoch 0:  25%|██▍       | 1521/6208 [04:20<13:22,  5.84it/s, v_num=t-12, loss/train=2.750]Epoch 0:  25%|██▍       | 1522/6208 [04:20<13:22,  5.84it/s, v_num=t-12, loss/train=2.750]Epoch 0:  25%|██▍       | 1522/6208 [04:20<13:22,  5.84it/s, v_num=t-12, loss/train=3.320]Epoch 0:  25%|██▍       | 1523/6208 [04:20<13:22,  5.84it/s, v_num=t-12, loss/train=3.320]Epoch 0:  25%|██▍       | 1523/6208 [04:20<13:22,  5.84it/s, v_num=t-12, loss/train=3.620]Epoch 0:  25%|██▍       | 1524/6208 [04:20<13:22,  5.84it/s, v_num=t-12, loss/train=3.620]Epoch 0:  25%|██▍       | 1524/6208 [04:20<13:22,  5.84it/s, v_num=t-12, loss/train=2.910]Epoch 0:  25%|██▍       | 1525/6208 [04:21<13:21,  5.84it/s, v_num=t-12, loss/train=2.910]Epoch 0:  25%|██▍       | 1525/6208 [04:21<13:21,  5.84it/s, v_num=t-12, loss/train=2.450]Epoch 0:  25%|██▍       | 1526/6208 [04:21<13:21,  5.84it/s, v_num=t-12, loss/train=2.450]Epoch 0:  25%|██▍       | 1526/6208 [04:21<13:21,  5.84it/s, v_num=t-12, loss/train=2.170]Epoch 0:  25%|██▍       | 1527/6208 [04:21<13:21,  5.84it/s, v_num=t-12, loss/train=2.170]Epoch 0:  25%|██▍       | 1527/6208 [04:21<13:21,  5.84it/s, v_num=t-12, loss/train=3.160]Epoch 0:  25%|██▍       | 1528/6208 [04:21<13:21,  5.84it/s, v_num=t-12, loss/train=3.160]Epoch 0:  25%|██▍       | 1528/6208 [04:21<13:21,  5.84it/s, v_num=t-12, loss/train=2.250]Epoch 0:  25%|██▍       | 1529/6208 [04:21<13:21,  5.84it/s, v_num=t-12, loss/train=2.250]Epoch 0:  25%|██▍       | 1529/6208 [04:21<13:21,  5.84it/s, v_num=t-12, loss/train=2.120]Epoch 0:  25%|██▍       | 1530/6208 [04:21<13:20,  5.84it/s, v_num=t-12, loss/train=2.120]Epoch 0:  25%|██▍       | 1530/6208 [04:21<13:20,  5.84it/s, v_num=t-12, loss/train=2.890]Epoch 0:  25%|██▍       | 1531/6208 [04:22<13:20,  5.84it/s, v_num=t-12, loss/train=2.890]Epoch 0:  25%|██▍       | 1531/6208 [04:22<13:20,  5.84it/s, v_num=t-12, loss/train=2.700]Epoch 0:  25%|██▍       | 1532/6208 [04:22<13:20,  5.84it/s, v_num=t-12, loss/train=2.700]Epoch 0:  25%|██▍       | 1532/6208 [04:22<13:20,  5.84it/s, v_num=t-12, loss/train=3.030]Epoch 0:  25%|██▍       | 1533/6208 [04:22<13:20,  5.84it/s, v_num=t-12, loss/train=3.030]Epoch 0:  25%|██▍       | 1533/6208 [04:22<13:20,  5.84it/s, v_num=t-12, loss/train=3.020]Epoch 0:  25%|██▍       | 1534/6208 [04:22<13:20,  5.84it/s, v_num=t-12, loss/train=3.020]Epoch 0:  25%|██▍       | 1534/6208 [04:22<13:20,  5.84it/s, v_num=t-12, loss/train=2.130]Epoch 0:  25%|██▍       | 1535/6208 [04:22<13:19,  5.84it/s, v_num=t-12, loss/train=2.130]Epoch 0:  25%|██▍       | 1535/6208 [04:22<13:19,  5.84it/s, v_num=t-12, loss/train=2.240]Epoch 0:  25%|██▍       | 1536/6208 [04:22<13:19,  5.84it/s, v_num=t-12, loss/train=2.240]Epoch 0:  25%|██▍       | 1536/6208 [04:22<13:19,  5.84it/s, v_num=t-12, loss/train=2.400]Epoch 0:  25%|██▍       | 1537/6208 [04:23<13:19,  5.84it/s, v_num=t-12, loss/train=2.400]Epoch 0:  25%|██▍       | 1537/6208 [04:23<13:19,  5.84it/s, v_num=t-12, loss/train=3.430]Epoch 0:  25%|██▍       | 1538/6208 [04:23<13:19,  5.84it/s, v_num=t-12, loss/train=3.430]Epoch 0:  25%|██▍       | 1538/6208 [04:23<13:19,  5.84it/s, v_num=t-12, loss/train=2.880]Epoch 0:  25%|██▍       | 1539/6208 [04:23<13:19,  5.84it/s, v_num=t-12, loss/train=2.880]Epoch 0:  25%|██▍       | 1539/6208 [04:23<13:19,  5.84it/s, v_num=t-12, loss/train=3.010]Epoch 0:  25%|██▍       | 1540/6208 [04:23<13:18,  5.84it/s, v_num=t-12, loss/train=3.010]Epoch 0:  25%|██▍       | 1540/6208 [04:23<13:19,  5.84it/s, v_num=t-12, loss/train=2.810]Epoch 0:  25%|██▍       | 1541/6208 [04:23<13:18,  5.84it/s, v_num=t-12, loss/train=2.810]Epoch 0:  25%|██▍       | 1541/6208 [04:23<13:18,  5.84it/s, v_num=t-12, loss/train=3.400]Epoch 0:  25%|██▍       | 1542/6208 [04:23<13:18,  5.84it/s, v_num=t-12, loss/train=3.400]Epoch 0:  25%|██▍       | 1542/6208 [04:23<13:18,  5.84it/s, v_num=t-12, loss/train=3.750]Epoch 0:  25%|██▍       | 1543/6208 [04:24<13:18,  5.84it/s, v_num=t-12, loss/train=3.750]Epoch 0:  25%|██▍       | 1543/6208 [04:24<13:18,  5.84it/s, v_num=t-12, loss/train=2.670]Epoch 0:  25%|██▍       | 1544/6208 [04:24<13:18,  5.84it/s, v_num=t-12, loss/train=2.670]Epoch 0:  25%|██▍       | 1544/6208 [04:24<13:18,  5.84it/s, v_num=t-12, loss/train=3.430]Epoch 0:  25%|██▍       | 1545/6208 [04:24<13:17,  5.84it/s, v_num=t-12, loss/train=3.430]Epoch 0:  25%|██▍       | 1545/6208 [04:24<13:18,  5.84it/s, v_num=t-12, loss/train=2.650]Epoch 0:  25%|██▍       | 1546/6208 [04:24<13:17,  5.84it/s, v_num=t-12, loss/train=2.650]Epoch 0:  25%|██▍       | 1546/6208 [04:24<13:17,  5.84it/s, v_num=t-12, loss/train=3.050]Epoch 0:  25%|██▍       | 1547/6208 [04:24<13:17,  5.84it/s, v_num=t-12, loss/train=3.050]Epoch 0:  25%|██▍       | 1547/6208 [04:24<13:17,  5.84it/s, v_num=t-12, loss/train=3.210]Epoch 0:  25%|██▍       | 1548/6208 [04:24<13:17,  5.85it/s, v_num=t-12, loss/train=3.210]Epoch 0:  25%|██▍       | 1548/6208 [04:24<13:17,  5.85it/s, v_num=t-12, loss/train=2.660]Epoch 0:  25%|██▍       | 1549/6208 [04:25<13:17,  5.85it/s, v_num=t-12, loss/train=2.660]Epoch 0:  25%|██▍       | 1549/6208 [04:25<13:17,  5.84it/s, v_num=t-12, loss/train=3.470]Epoch 0:  25%|██▍       | 1550/6208 [04:25<13:16,  5.85it/s, v_num=t-12, loss/train=3.470]Epoch 0:  25%|██▍       | 1550/6208 [04:25<13:16,  5.85it/s, v_num=t-12, loss/train=2.790]Epoch 0:  25%|██▍       | 1551/6208 [04:25<13:16,  5.85it/s, v_num=t-12, loss/train=2.790]Epoch 0:  25%|██▍       | 1551/6208 [04:25<13:16,  5.85it/s, v_num=t-12, loss/train=2.920]Epoch 0:  25%|██▌       | 1552/6208 [04:25<13:16,  5.85it/s, v_num=t-12, loss/train=2.920]Epoch 0:  25%|██▌       | 1552/6208 [04:25<13:16,  5.85it/s, v_num=t-12, loss/train=2.420]Epoch 0:  25%|██▌       | 1553/6208 [04:25<13:16,  5.85it/s, v_num=t-12, loss/train=2.420]Epoch 0:  25%|██▌       | 1553/6208 [04:25<13:16,  5.85it/s, v_num=t-12, loss/train=2.890]Epoch 0:  25%|██▌       | 1554/6208 [04:25<13:16,  5.85it/s, v_num=t-12, loss/train=2.890]Epoch 0:  25%|██▌       | 1554/6208 [04:25<13:16,  5.85it/s, v_num=t-12, loss/train=2.760]Epoch 0:  25%|██▌       | 1555/6208 [04:25<13:15,  5.85it/s, v_num=t-12, loss/train=2.760]Epoch 0:  25%|██▌       | 1555/6208 [04:26<13:15,  5.85it/s, v_num=t-12, loss/train=2.490]Epoch 0:  25%|██▌       | 1556/6208 [04:26<13:16,  5.84it/s, v_num=t-12, loss/train=2.490]Epoch 0:  25%|██▌       | 1556/6208 [04:26<13:16,  5.84it/s, v_num=t-12, loss/train=3.220]Epoch 0:  25%|██▌       | 1557/6208 [04:26<13:16,  5.84it/s, v_num=t-12, loss/train=3.220]Epoch 0:  25%|██▌       | 1557/6208 [04:26<13:16,  5.84it/s, v_num=t-12, loss/train=2.770]Epoch 0:  25%|██▌       | 1558/6208 [04:26<13:15,  5.84it/s, v_num=t-12, loss/train=2.770]Epoch 0:  25%|██▌       | 1558/6208 [04:26<13:15,  5.84it/s, v_num=t-12, loss/train=2.510]Epoch 0:  25%|██▌       | 1559/6208 [04:26<13:15,  5.84it/s, v_num=t-12, loss/train=2.510]Epoch 0:  25%|██▌       | 1559/6208 [04:26<13:15,  5.84it/s, v_num=t-12, loss/train=3.550]Epoch 0:  25%|██▌       | 1560/6208 [04:26<13:15,  5.84it/s, v_num=t-12, loss/train=3.550]Epoch 0:  25%|██▌       | 1560/6208 [04:26<13:15,  5.84it/s, v_num=t-12, loss/train=2.850]Epoch 0:  25%|██▌       | 1561/6208 [04:27<13:15,  5.84it/s, v_num=t-12, loss/train=2.850]Epoch 0:  25%|██▌       | 1561/6208 [04:27<13:15,  5.84it/s, v_num=t-12, loss/train=2.490]Epoch 0:  25%|██▌       | 1562/6208 [04:27<13:15,  5.84it/s, v_num=t-12, loss/train=2.490]Epoch 0:  25%|██▌       | 1562/6208 [04:27<13:15,  5.84it/s, v_num=t-12, loss/train=2.630]Epoch 0:  25%|██▌       | 1563/6208 [04:27<13:15,  5.84it/s, v_num=t-12, loss/train=2.630]Epoch 0:  25%|██▌       | 1563/6208 [04:27<13:15,  5.84it/s, v_num=t-12, loss/train=2.660]Epoch 0:  25%|██▌       | 1564/6208 [04:27<13:15,  5.84it/s, v_num=t-12, loss/train=2.660]Epoch 0:  25%|██▌       | 1564/6208 [04:27<13:15,  5.84it/s, v_num=t-12, loss/train=2.290]Epoch 0:  25%|██▌       | 1565/6208 [04:28<13:15,  5.84it/s, v_num=t-12, loss/train=2.290]Epoch 0:  25%|██▌       | 1565/6208 [04:28<13:15,  5.84it/s, v_num=t-12, loss/train=2.290]Epoch 0:  25%|██▌       | 1566/6208 [04:28<13:14,  5.84it/s, v_num=t-12, loss/train=2.290]Epoch 0:  25%|██▌       | 1566/6208 [04:28<13:14,  5.84it/s, v_num=t-12, loss/train=3.450]Epoch 0:  25%|██▌       | 1567/6208 [04:28<13:14,  5.84it/s, v_num=t-12, loss/train=3.450]Epoch 0:  25%|██▌       | 1567/6208 [04:28<13:14,  5.84it/s, v_num=t-12, loss/train=3.200]Epoch 0:  25%|██▌       | 1568/6208 [04:28<13:14,  5.84it/s, v_num=t-12, loss/train=3.200]Epoch 0:  25%|██▌       | 1568/6208 [04:28<13:14,  5.84it/s, v_num=t-12, loss/train=3.320]Epoch 0:  25%|██▌       | 1569/6208 [04:28<13:14,  5.84it/s, v_num=t-12, loss/train=3.320]Epoch 0:  25%|██▌       | 1569/6208 [04:28<13:14,  5.84it/s, v_num=t-12, loss/train=2.450]Epoch 0:  25%|██▌       | 1570/6208 [04:28<13:13,  5.84it/s, v_num=t-12, loss/train=2.450]Epoch 0:  25%|██▌       | 1570/6208 [04:28<13:14,  5.84it/s, v_num=t-12, loss/train=2.580]Epoch 0:  25%|██▌       | 1571/6208 [04:28<13:13,  5.84it/s, v_num=t-12, loss/train=2.580]Epoch 0:  25%|██▌       | 1571/6208 [04:28<13:13,  5.84it/s, v_num=t-12, loss/train=2.870]Epoch 0:  25%|██▌       | 1572/6208 [04:29<13:13,  5.84it/s, v_num=t-12, loss/train=2.870]Epoch 0:  25%|██▌       | 1572/6208 [04:29<13:13,  5.84it/s, v_num=t-12, loss/train=2.970]Epoch 0:  25%|██▌       | 1573/6208 [04:29<13:13,  5.84it/s, v_num=t-12, loss/train=2.970]Epoch 0:  25%|██▌       | 1573/6208 [04:29<13:13,  5.84it/s, v_num=t-12, loss/train=3.150]Epoch 0:  25%|██▌       | 1574/6208 [04:29<13:13,  5.84it/s, v_num=t-12, loss/train=3.150]Epoch 0:  25%|██▌       | 1574/6208 [04:29<13:13,  5.84it/s, v_num=t-12, loss/train=3.260]Epoch 0:  25%|██▌       | 1575/6208 [04:29<13:12,  5.84it/s, v_num=t-12, loss/train=3.260]Epoch 0:  25%|██▌       | 1575/6208 [04:29<13:12,  5.84it/s, v_num=t-12, loss/train=2.620]Epoch 0:  25%|██▌       | 1576/6208 [04:29<13:12,  5.84it/s, v_num=t-12, loss/train=2.620]Epoch 0:  25%|██▌       | 1576/6208 [04:29<13:12,  5.84it/s, v_num=t-12, loss/train=2.760]Epoch 0:  25%|██▌       | 1577/6208 [04:29<13:12,  5.84it/s, v_num=t-12, loss/train=2.760]Epoch 0:  25%|██▌       | 1577/6208 [04:29<13:12,  5.84it/s, v_num=t-12, loss/train=2.940]Epoch 0:  25%|██▌       | 1578/6208 [04:30<13:12,  5.84it/s, v_num=t-12, loss/train=2.940]Epoch 0:  25%|██▌       | 1578/6208 [04:30<13:12,  5.84it/s, v_num=t-12, loss/train=2.880]Epoch 0:  25%|██▌       | 1579/6208 [04:30<13:12,  5.84it/s, v_num=t-12, loss/train=2.880]Epoch 0:  25%|██▌       | 1579/6208 [04:30<13:12,  5.84it/s, v_num=t-12, loss/train=3.090]Epoch 0:  25%|██▌       | 1580/6208 [04:30<13:11,  5.84it/s, v_num=t-12, loss/train=3.090]Epoch 0:  25%|██▌       | 1580/6208 [04:30<13:11,  5.84it/s, v_num=t-12, loss/train=3.770]Epoch 0:  25%|██▌       | 1581/6208 [04:30<13:11,  5.84it/s, v_num=t-12, loss/train=3.770]Epoch 0:  25%|██▌       | 1581/6208 [04:30<13:11,  5.84it/s, v_num=t-12, loss/train=3.510]Epoch 0:  25%|██▌       | 1582/6208 [04:30<13:11,  5.84it/s, v_num=t-12, loss/train=3.510]Epoch 0:  25%|██▌       | 1582/6208 [04:30<13:11,  5.84it/s, v_num=t-12, loss/train=3.010]Epoch 0:  25%|██▌       | 1583/6208 [04:30<13:11,  5.84it/s, v_num=t-12, loss/train=3.010]Epoch 0:  25%|██▌       | 1583/6208 [04:30<13:11,  5.84it/s, v_num=t-12, loss/train=3.360]Epoch 0:  26%|██▌       | 1584/6208 [04:31<13:11,  5.84it/s, v_num=t-12, loss/train=3.360]Epoch 0:  26%|██▌       | 1584/6208 [04:31<13:11,  5.84it/s, v_num=t-12, loss/train=2.350]Epoch 0:  26%|██▌       | 1585/6208 [04:31<13:10,  5.84it/s, v_num=t-12, loss/train=2.350]Epoch 0:  26%|██▌       | 1585/6208 [04:31<13:10,  5.84it/s, v_num=t-12, loss/train=2.090]Epoch 0:  26%|██▌       | 1586/6208 [04:31<13:10,  5.85it/s, v_num=t-12, loss/train=2.090]Epoch 0:  26%|██▌       | 1586/6208 [04:31<13:10,  5.84it/s, v_num=t-12, loss/train=3.490]Epoch 0:  26%|██▌       | 1587/6208 [04:31<13:10,  5.85it/s, v_num=t-12, loss/train=3.490]Epoch 0:  26%|██▌       | 1587/6208 [04:31<13:10,  5.85it/s, v_num=t-12, loss/train=3.170]Epoch 0:  26%|██▌       | 1588/6208 [04:31<13:10,  5.85it/s, v_num=t-12, loss/train=3.170]Epoch 0:  26%|██▌       | 1588/6208 [04:31<13:10,  5.85it/s, v_num=t-12, loss/train=2.840]Epoch 0:  26%|██▌       | 1589/6208 [04:32<13:10,  5.84it/s, v_num=t-12, loss/train=2.840]Epoch 0:  26%|██▌       | 1589/6208 [04:32<13:10,  5.84it/s, v_num=t-12, loss/train=2.750]Epoch 0:  26%|██▌       | 1590/6208 [04:32<13:10,  5.84it/s, v_num=t-12, loss/train=2.750]Epoch 0:  26%|██▌       | 1590/6208 [04:32<13:10,  5.84it/s, v_num=t-12, loss/train=4.000]Epoch 0:  26%|██▌       | 1591/6208 [04:32<13:10,  5.84it/s, v_num=t-12, loss/train=4.000]Epoch 0:  26%|██▌       | 1591/6208 [04:32<13:10,  5.84it/s, v_num=t-12, loss/train=3.510]Epoch 0:  26%|██▌       | 1592/6208 [04:32<13:10,  5.84it/s, v_num=t-12, loss/train=3.510]Epoch 0:  26%|██▌       | 1592/6208 [04:32<13:10,  5.84it/s, v_num=t-12, loss/train=2.640]Epoch 0:  26%|██▌       | 1593/6208 [04:32<13:09,  5.84it/s, v_num=t-12, loss/train=2.640]Epoch 0:  26%|██▌       | 1593/6208 [04:32<13:10,  5.84it/s, v_num=t-12, loss/train=3.270]Epoch 0:  26%|██▌       | 1594/6208 [04:32<13:09,  5.84it/s, v_num=t-12, loss/train=3.270]Epoch 0:  26%|██▌       | 1594/6208 [04:32<13:09,  5.84it/s, v_num=t-12, loss/train=2.820]Epoch 0:  26%|██▌       | 1595/6208 [04:33<13:09,  5.84it/s, v_num=t-12, loss/train=2.820]Epoch 0:  26%|██▌       | 1595/6208 [04:33<13:09,  5.84it/s, v_num=t-12, loss/train=2.490]Epoch 0:  26%|██▌       | 1596/6208 [04:33<13:09,  5.84it/s, v_num=t-12, loss/train=2.490]Epoch 0:  26%|██▌       | 1596/6208 [04:33<13:09,  5.84it/s, v_num=t-12, loss/train=3.150]Epoch 0:  26%|██▌       | 1597/6208 [04:33<13:09,  5.84it/s, v_num=t-12, loss/train=3.150]Epoch 0:  26%|██▌       | 1597/6208 [04:33<13:09,  5.84it/s, v_num=t-12, loss/train=2.880]Epoch 0:  26%|██▌       | 1598/6208 [04:33<13:09,  5.84it/s, v_num=t-12, loss/train=2.880]Epoch 0:  26%|██▌       | 1598/6208 [04:33<13:09,  5.84it/s, v_num=t-12, loss/train=3.480]Epoch 0:  26%|██▌       | 1599/6208 [04:33<13:08,  5.84it/s, v_num=t-12, loss/train=3.480]Epoch 0:  26%|██▌       | 1599/6208 [04:33<13:08,  5.84it/s, v_num=t-12, loss/train=3.510]Epoch 0:  26%|██▌       | 1600/6208 [04:33<13:08,  5.84it/s, v_num=t-12, loss/train=3.510]Epoch 0:  26%|██▌       | 1600/6208 [04:33<13:08,  5.84it/s, v_num=t-12, loss/train=2.870]Epoch 0:  26%|██▌       | 1601/6208 [04:33<13:08,  5.84it/s, v_num=t-12, loss/train=2.870]Epoch 0:  26%|██▌       | 1601/6208 [04:34<13:08,  5.84it/s, v_num=t-12, loss/train=3.360]Epoch 0:  26%|██▌       | 1602/6208 [04:34<13:08,  5.84it/s, v_num=t-12, loss/train=3.360]Epoch 0:  26%|██▌       | 1602/6208 [04:34<13:08,  5.84it/s, v_num=t-12, loss/train=2.540]Epoch 0:  26%|██▌       | 1603/6208 [04:34<13:07,  5.84it/s, v_num=t-12, loss/train=2.540]Epoch 0:  26%|██▌       | 1603/6208 [04:34<13:08,  5.84it/s, v_num=t-12, loss/train=2.580]Epoch 0:  26%|██▌       | 1604/6208 [04:34<13:07,  5.84it/s, v_num=t-12, loss/train=2.580]Epoch 0:  26%|██▌       | 1604/6208 [04:34<13:07,  5.84it/s, v_num=t-12, loss/train=3.180]Epoch 0:  26%|██▌       | 1605/6208 [04:34<13:07,  5.84it/s, v_num=t-12, loss/train=3.180]Epoch 0:  26%|██▌       | 1605/6208 [04:34<13:07,  5.84it/s, v_num=t-12, loss/train=3.040]Epoch 0:  26%|██▌       | 1606/6208 [04:34<13:07,  5.84it/s, v_num=t-12, loss/train=3.040]Epoch 0:  26%|██▌       | 1606/6208 [04:34<13:07,  5.84it/s, v_num=t-12, loss/train=3.120]Epoch 0:  26%|██▌       | 1607/6208 [04:35<13:07,  5.84it/s, v_num=t-12, loss/train=3.120]Epoch 0:  26%|██▌       | 1607/6208 [04:35<13:07,  5.84it/s, v_num=t-12, loss/train=2.310]Epoch 0:  26%|██▌       | 1608/6208 [04:35<13:07,  5.84it/s, v_num=t-12, loss/train=2.310]Epoch 0:  26%|██▌       | 1608/6208 [04:35<13:07,  5.84it/s, v_num=t-12, loss/train=2.770]Epoch 0:  26%|██▌       | 1609/6208 [04:35<13:08,  5.84it/s, v_num=t-12, loss/train=2.770]Epoch 0:  26%|██▌       | 1609/6208 [04:35<13:08,  5.84it/s, v_num=t-12, loss/train=3.430]Epoch 0:  26%|██▌       | 1610/6208 [04:35<13:07,  5.84it/s, v_num=t-12, loss/train=3.430]Epoch 0:  26%|██▌       | 1610/6208 [04:35<13:07,  5.84it/s, v_num=t-12, loss/train=3.290]Epoch 0:  26%|██▌       | 1611/6208 [04:35<13:07,  5.84it/s, v_num=t-12, loss/train=3.290]Epoch 0:  26%|██▌       | 1611/6208 [04:35<13:07,  5.84it/s, v_num=t-12, loss/train=3.000]Epoch 0:  26%|██▌       | 1612/6208 [04:36<13:07,  5.84it/s, v_num=t-12, loss/train=3.000]Epoch 0:  26%|██▌       | 1612/6208 [04:36<13:07,  5.84it/s, v_num=t-12, loss/train=2.650]Epoch 0:  26%|██▌       | 1613/6208 [04:36<13:07,  5.84it/s, v_num=t-12, loss/train=2.650]Epoch 0:  26%|██▌       | 1613/6208 [04:36<13:07,  5.84it/s, v_num=t-12, loss/train=2.590]Epoch 0:  26%|██▌       | 1614/6208 [04:36<13:06,  5.84it/s, v_num=t-12, loss/train=2.590]Epoch 0:  26%|██▌       | 1614/6208 [04:36<13:06,  5.84it/s, v_num=t-12, loss/train=2.580]Epoch 0:  26%|██▌       | 1615/6208 [04:36<13:06,  5.84it/s, v_num=t-12, loss/train=2.580]Epoch 0:  26%|██▌       | 1615/6208 [04:36<13:06,  5.84it/s, v_num=t-12, loss/train=2.690]Epoch 0:  26%|██▌       | 1616/6208 [04:36<13:06,  5.84it/s, v_num=t-12, loss/train=2.690]Epoch 0:  26%|██▌       | 1616/6208 [04:36<13:06,  5.84it/s, v_num=t-12, loss/train=2.560]Epoch 0:  26%|██▌       | 1617/6208 [04:36<13:06,  5.84it/s, v_num=t-12, loss/train=2.560]Epoch 0:  26%|██▌       | 1617/6208 [04:36<13:06,  5.84it/s, v_num=t-12, loss/train=3.120]Epoch 0:  26%|██▌       | 1618/6208 [04:37<13:06,  5.84it/s, v_num=t-12, loss/train=3.120]Epoch 0:  26%|██▌       | 1618/6208 [04:37<13:06,  5.84it/s, v_num=t-12, loss/train=3.440]Epoch 0:  26%|██▌       | 1619/6208 [04:37<13:05,  5.84it/s, v_num=t-12, loss/train=3.440]Epoch 0:  26%|██▌       | 1619/6208 [04:37<13:05,  5.84it/s, v_num=t-12, loss/train=2.540]Epoch 0:  26%|██▌       | 1620/6208 [04:37<13:05,  5.84it/s, v_num=t-12, loss/train=2.540]Epoch 0:  26%|██▌       | 1620/6208 [04:37<13:05,  5.84it/s, v_num=t-12, loss/train=2.290]Epoch 0:  26%|██▌       | 1621/6208 [04:37<13:05,  5.84it/s, v_num=t-12, loss/train=2.290]Epoch 0:  26%|██▌       | 1621/6208 [04:37<13:05,  5.84it/s, v_num=t-12, loss/train=2.890]Epoch 0:  26%|██▌       | 1622/6208 [04:37<13:05,  5.84it/s, v_num=t-12, loss/train=2.890]Epoch 0:  26%|██▌       | 1622/6208 [04:37<13:05,  5.84it/s, v_num=t-12, loss/train=2.840]Epoch 0:  26%|██▌       | 1623/6208 [04:37<13:05,  5.84it/s, v_num=t-12, loss/train=2.840]Epoch 0:  26%|██▌       | 1623/6208 [04:37<13:05,  5.84it/s, v_num=t-12, loss/train=2.410]Epoch 0:  26%|██▌       | 1624/6208 [04:38<13:04,  5.84it/s, v_num=t-12, loss/train=2.410]Epoch 0:  26%|██▌       | 1624/6208 [04:38<13:04,  5.84it/s, v_num=t-12, loss/train=2.690]Epoch 0:  26%|██▌       | 1625/6208 [04:38<13:04,  5.84it/s, v_num=t-12, loss/train=2.690]Epoch 0:  26%|██▌       | 1625/6208 [04:38<13:04,  5.84it/s, v_num=t-12, loss/train=2.900]Epoch 0:  26%|██▌       | 1626/6208 [04:38<13:04,  5.84it/s, v_num=t-12, loss/train=2.900]Epoch 0:  26%|██▌       | 1626/6208 [04:38<13:04,  5.84it/s, v_num=t-12, loss/train=2.640]Epoch 0:  26%|██▌       | 1627/6208 [04:38<13:04,  5.84it/s, v_num=t-12, loss/train=2.640]Epoch 0:  26%|██▌       | 1627/6208 [04:38<13:04,  5.84it/s, v_num=t-12, loss/train=2.700]Epoch 0:  26%|██▌       | 1628/6208 [04:38<13:04,  5.84it/s, v_num=t-12, loss/train=2.700]Epoch 0:  26%|██▌       | 1628/6208 [04:38<13:04,  5.84it/s, v_num=t-12, loss/train=2.630]Epoch 0:  26%|██▌       | 1629/6208 [04:39<13:04,  5.84it/s, v_num=t-12, loss/train=2.630]Epoch 0:  26%|██▌       | 1629/6208 [04:39<13:04,  5.84it/s, v_num=t-12, loss/train=3.040]Epoch 0:  26%|██▋       | 1630/6208 [04:39<13:04,  5.84it/s, v_num=t-12, loss/train=3.040]Epoch 0:  26%|██▋       | 1630/6208 [04:39<13:04,  5.84it/s, v_num=t-12, loss/train=3.230]Epoch 0:  26%|██▋       | 1631/6208 [04:39<13:04,  5.84it/s, v_num=t-12, loss/train=3.230]Epoch 0:  26%|██▋       | 1631/6208 [04:39<13:04,  5.84it/s, v_num=t-12, loss/train=3.100]Epoch 0:  26%|██▋       | 1632/6208 [04:39<13:03,  5.84it/s, v_num=t-12, loss/train=3.100]Epoch 0:  26%|██▋       | 1632/6208 [04:39<13:03,  5.84it/s, v_num=t-12, loss/train=2.850]Epoch 0:  26%|██▋       | 1633/6208 [04:39<13:03,  5.84it/s, v_num=t-12, loss/train=2.850]Epoch 0:  26%|██▋       | 1633/6208 [04:39<13:03,  5.84it/s, v_num=t-12, loss/train=3.390]Epoch 0:  26%|██▋       | 1634/6208 [04:39<13:03,  5.84it/s, v_num=t-12, loss/train=3.390]Epoch 0:  26%|██▋       | 1634/6208 [04:39<13:03,  5.84it/s, v_num=t-12, loss/train=2.990]Epoch 0:  26%|██▋       | 1635/6208 [04:40<13:03,  5.84it/s, v_num=t-12, loss/train=2.990]Epoch 0:  26%|██▋       | 1635/6208 [04:40<13:03,  5.84it/s, v_num=t-12, loss/train=2.540]Epoch 0:  26%|██▋       | 1636/6208 [04:40<13:03,  5.84it/s, v_num=t-12, loss/train=2.540]Epoch 0:  26%|██▋       | 1636/6208 [04:40<13:03,  5.84it/s, v_num=t-12, loss/train=2.710]Epoch 0:  26%|██▋       | 1637/6208 [04:40<13:02,  5.84it/s, v_num=t-12, loss/train=2.710]Epoch 0:  26%|██▋       | 1637/6208 [04:40<13:02,  5.84it/s, v_num=t-12, loss/train=2.890]Epoch 0:  26%|██▋       | 1638/6208 [04:40<13:02,  5.84it/s, v_num=t-12, loss/train=2.890]Epoch 0:  26%|██▋       | 1638/6208 [04:40<13:02,  5.84it/s, v_num=t-12, loss/train=3.580]Epoch 0:  26%|██▋       | 1639/6208 [04:40<13:02,  5.84it/s, v_num=t-12, loss/train=3.580]Epoch 0:  26%|██▋       | 1639/6208 [04:40<13:02,  5.84it/s, v_num=t-12, loss/train=2.840]Epoch 0:  26%|██▋       | 1640/6208 [04:40<13:02,  5.84it/s, v_num=t-12, loss/train=2.840]Epoch 0:  26%|██▋       | 1640/6208 [04:40<13:02,  5.84it/s, v_num=t-12, loss/train=2.820]Epoch 0:  26%|██▋       | 1641/6208 [04:40<13:02,  5.84it/s, v_num=t-12, loss/train=2.820]Epoch 0:  26%|██▋       | 1641/6208 [04:41<13:02,  5.84it/s, v_num=t-12, loss/train=2.760]Epoch 0:  26%|██▋       | 1642/6208 [04:41<13:01,  5.84it/s, v_num=t-12, loss/train=2.760]Epoch 0:  26%|██▋       | 1642/6208 [04:41<13:01,  5.84it/s, v_num=t-12, loss/train=3.390]Epoch 0:  26%|██▋       | 1643/6208 [04:41<13:01,  5.84it/s, v_num=t-12, loss/train=3.390]Epoch 0:  26%|██▋       | 1643/6208 [04:41<13:01,  5.84it/s, v_num=t-12, loss/train=3.020]Epoch 0:  26%|██▋       | 1644/6208 [04:41<13:01,  5.84it/s, v_num=t-12, loss/train=3.020]Epoch 0:  26%|██▋       | 1644/6208 [04:41<13:01,  5.84it/s, v_num=t-12, loss/train=3.770]Epoch 0:  26%|██▋       | 1645/6208 [04:41<13:01,  5.84it/s, v_num=t-12, loss/train=3.770]Epoch 0:  26%|██▋       | 1645/6208 [04:41<13:01,  5.84it/s, v_num=t-12, loss/train=3.150]Epoch 0:  27%|██▋       | 1646/6208 [04:41<13:00,  5.84it/s, v_num=t-12, loss/train=3.150]Epoch 0:  27%|██▋       | 1646/6208 [04:41<13:00,  5.84it/s, v_num=t-12, loss/train=3.090]Epoch 0:  27%|██▋       | 1647/6208 [04:41<13:00,  5.84it/s, v_num=t-12, loss/train=3.090]Epoch 0:  27%|██▋       | 1647/6208 [04:41<13:00,  5.84it/s, v_num=t-12, loss/train=3.160]Epoch 0:  27%|██▋       | 1648/6208 [04:42<13:00,  5.84it/s, v_num=t-12, loss/train=3.160]Epoch 0:  27%|██▋       | 1648/6208 [04:42<13:00,  5.84it/s, v_num=t-12, loss/train=3.290]Epoch 0:  27%|██▋       | 1649/6208 [04:42<13:00,  5.84it/s, v_num=t-12, loss/train=3.290]Epoch 0:  27%|██▋       | 1649/6208 [04:42<13:00,  5.84it/s, v_num=t-12, loss/train=2.690]Epoch 0:  27%|██▋       | 1650/6208 [04:42<13:00,  5.84it/s, v_num=t-12, loss/train=2.690]Epoch 0:  27%|██▋       | 1650/6208 [04:42<13:00,  5.84it/s, v_num=t-12, loss/train=3.290]Epoch 0:  27%|██▋       | 1651/6208 [04:42<12:59,  5.84it/s, v_num=t-12, loss/train=3.290]Epoch 0:  27%|██▋       | 1651/6208 [04:42<13:00,  5.84it/s, v_num=t-12, loss/train=3.380]Epoch 0:  27%|██▋       | 1652/6208 [04:42<12:59,  5.84it/s, v_num=t-12, loss/train=3.380]Epoch 0:  27%|██▋       | 1652/6208 [04:42<12:59,  5.84it/s, v_num=t-12, loss/train=2.840]Epoch 0:  27%|██▋       | 1653/6208 [04:42<12:59,  5.84it/s, v_num=t-12, loss/train=2.840]Epoch 0:  27%|██▋       | 1653/6208 [04:42<12:59,  5.84it/s, v_num=t-12, loss/train=3.540]Epoch 0:  27%|██▋       | 1654/6208 [04:43<12:59,  5.84it/s, v_num=t-12, loss/train=3.540]Epoch 0:  27%|██▋       | 1654/6208 [04:43<12:59,  5.84it/s, v_num=t-12, loss/train=3.000]Epoch 0:  27%|██▋       | 1655/6208 [04:43<12:59,  5.84it/s, v_num=t-12, loss/train=3.000]Epoch 0:  27%|██▋       | 1655/6208 [04:43<12:59,  5.84it/s, v_num=t-12, loss/train=3.920]Epoch 0:  27%|██▋       | 1656/6208 [04:43<12:59,  5.84it/s, v_num=t-12, loss/train=3.920]Epoch 0:  27%|██▋       | 1656/6208 [04:43<12:59,  5.84it/s, v_num=t-12, loss/train=3.890]Epoch 0:  27%|██▋       | 1657/6208 [04:43<12:58,  5.84it/s, v_num=t-12, loss/train=3.890]Epoch 0:  27%|██▋       | 1657/6208 [04:43<12:58,  5.84it/s, v_num=t-12, loss/train=2.430]Epoch 0:  27%|██▋       | 1658/6208 [04:43<12:58,  5.84it/s, v_num=t-12, loss/train=2.430]Epoch 0:  27%|██▋       | 1658/6208 [04:43<12:58,  5.84it/s, v_num=t-12, loss/train=3.930]Epoch 0:  27%|██▋       | 1659/6208 [04:43<12:58,  5.84it/s, v_num=t-12, loss/train=3.930]Epoch 0:  27%|██▋       | 1659/6208 [04:43<12:58,  5.84it/s, v_num=t-12, loss/train=2.880]Epoch 0:  27%|██▋       | 1660/6208 [04:44<12:58,  5.84it/s, v_num=t-12, loss/train=2.880]Epoch 0:  27%|██▋       | 1660/6208 [04:44<12:58,  5.84it/s, v_num=t-12, loss/train=3.460]Epoch 0:  27%|██▋       | 1661/6208 [04:44<12:58,  5.84it/s, v_num=t-12, loss/train=3.460]Epoch 0:  27%|██▋       | 1661/6208 [04:44<12:58,  5.84it/s, v_num=t-12, loss/train=3.580]Epoch 0:  27%|██▋       | 1662/6208 [04:44<12:57,  5.84it/s, v_num=t-12, loss/train=3.580]Epoch 0:  27%|██▋       | 1662/6208 [04:44<12:57,  5.84it/s, v_num=t-12, loss/train=3.690]Epoch 0:  27%|██▋       | 1663/6208 [04:44<12:57,  5.84it/s, v_num=t-12, loss/train=3.690]Epoch 0:  27%|██▋       | 1663/6208 [04:44<12:57,  5.84it/s, v_num=t-12, loss/train=2.500]Epoch 0:  27%|██▋       | 1664/6208 [04:44<12:57,  5.84it/s, v_num=t-12, loss/train=2.500]Epoch 0:  27%|██▋       | 1664/6208 [04:44<12:57,  5.84it/s, v_num=t-12, loss/train=2.920]Epoch 0:  27%|██▋       | 1665/6208 [04:44<12:57,  5.84it/s, v_num=t-12, loss/train=2.920]Epoch 0:  27%|██▋       | 1665/6208 [04:44<12:57,  5.84it/s, v_num=t-12, loss/train=3.220]Epoch 0:  27%|██▋       | 1666/6208 [04:45<12:57,  5.84it/s, v_num=t-12, loss/train=3.220]Epoch 0:  27%|██▋       | 1666/6208 [04:45<12:57,  5.84it/s, v_num=t-12, loss/train=2.910]Epoch 0:  27%|██▋       | 1667/6208 [04:45<12:56,  5.84it/s, v_num=t-12, loss/train=2.910]Epoch 0:  27%|██▋       | 1667/6208 [04:45<12:56,  5.84it/s, v_num=t-12, loss/train=3.730]Epoch 0:  27%|██▋       | 1668/6208 [04:45<12:56,  5.85it/s, v_num=t-12, loss/train=3.730]Epoch 0:  27%|██▋       | 1668/6208 [04:45<12:56,  5.85it/s, v_num=t-12, loss/train=3.220]Epoch 0:  27%|██▋       | 1669/6208 [04:45<12:56,  5.85it/s, v_num=t-12, loss/train=3.220]Epoch 0:  27%|██▋       | 1669/6208 [04:45<12:56,  5.85it/s, v_num=t-12, loss/train=2.840]Epoch 0:  27%|██▋       | 1670/6208 [04:45<12:56,  5.85it/s, v_num=t-12, loss/train=2.840]Epoch 0:  27%|██▋       | 1670/6208 [04:45<12:56,  5.85it/s, v_num=t-12, loss/train=3.580]Epoch 0:  27%|██▋       | 1671/6208 [04:45<12:56,  5.85it/s, v_num=t-12, loss/train=3.580]Epoch 0:  27%|██▋       | 1671/6208 [04:45<12:56,  5.85it/s, v_num=t-12, loss/train=3.690]Epoch 0:  27%|██▋       | 1672/6208 [04:45<12:55,  5.85it/s, v_num=t-12, loss/train=3.690]Epoch 0:  27%|██▋       | 1672/6208 [04:45<12:55,  5.85it/s, v_num=t-12, loss/train=3.210]Epoch 0:  27%|██▋       | 1673/6208 [04:46<12:55,  5.85it/s, v_num=t-12, loss/train=3.210]Epoch 0:  27%|██▋       | 1673/6208 [04:46<12:55,  5.85it/s, v_num=t-12, loss/train=2.580]Epoch 0:  27%|██▋       | 1674/6208 [04:46<12:55,  5.85it/s, v_num=t-12, loss/train=2.580]Epoch 0:  27%|██▋       | 1674/6208 [04:46<12:55,  5.85it/s, v_num=t-12, loss/train=2.400]Epoch 0:  27%|██▋       | 1675/6208 [04:46<12:55,  5.85it/s, v_num=t-12, loss/train=2.400]Epoch 0:  27%|██▋       | 1675/6208 [04:46<12:55,  5.85it/s, v_num=t-12, loss/train=3.770]Epoch 0:  27%|██▋       | 1676/6208 [04:46<12:55,  5.85it/s, v_num=t-12, loss/train=3.770]Epoch 0:  27%|██▋       | 1676/6208 [04:46<12:55,  5.85it/s, v_num=t-12, loss/train=2.920]Epoch 0:  27%|██▋       | 1677/6208 [04:46<12:54,  5.85it/s, v_num=t-12, loss/train=2.920]Epoch 0:  27%|██▋       | 1677/6208 [04:46<12:54,  5.85it/s, v_num=t-12, loss/train=3.060]Epoch 0:  27%|██▋       | 1678/6208 [04:46<12:54,  5.85it/s, v_num=t-12, loss/train=3.060]Epoch 0:  27%|██▋       | 1678/6208 [04:46<12:54,  5.85it/s, v_num=t-12, loss/train=2.110]Epoch 0:  27%|██▋       | 1679/6208 [04:47<12:54,  5.85it/s, v_num=t-12, loss/train=2.110]Epoch 0:  27%|██▋       | 1679/6208 [04:47<12:54,  5.85it/s, v_num=t-12, loss/train=2.620]Epoch 0:  27%|██▋       | 1680/6208 [04:47<12:54,  5.85it/s, v_num=t-12, loss/train=2.620]Epoch 0:  27%|██▋       | 1680/6208 [04:47<12:54,  5.85it/s, v_num=t-12, loss/train=2.540]Epoch 0:  27%|██▋       | 1681/6208 [04:47<12:54,  5.85it/s, v_num=t-12, loss/train=2.540]Epoch 0:  27%|██▋       | 1681/6208 [04:47<12:54,  5.85it/s, v_num=t-12, loss/train=2.530]Epoch 0:  27%|██▋       | 1682/6208 [04:47<12:53,  5.85it/s, v_num=t-12, loss/train=2.530]Epoch 0:  27%|██▋       | 1682/6208 [04:47<12:53,  5.85it/s, v_num=t-12, loss/train=2.780]Epoch 0:  27%|██▋       | 1683/6208 [04:47<12:53,  5.85it/s, v_num=t-12, loss/train=2.780]Epoch 0:  27%|██▋       | 1683/6208 [04:47<12:53,  5.85it/s, v_num=t-12, loss/train=4.500]Epoch 0:  27%|██▋       | 1684/6208 [04:47<12:53,  5.85it/s, v_num=t-12, loss/train=4.500]Epoch 0:  27%|██▋       | 1684/6208 [04:47<12:53,  5.85it/s, v_num=t-12, loss/train=2.890]Epoch 0:  27%|██▋       | 1685/6208 [04:48<12:53,  5.85it/s, v_num=t-12, loss/train=2.890]Epoch 0:  27%|██▋       | 1685/6208 [04:48<12:53,  5.85it/s, v_num=t-12, loss/train=2.560]Epoch 0:  27%|██▋       | 1686/6208 [04:48<12:53,  5.85it/s, v_num=t-12, loss/train=2.560]Epoch 0:  27%|██▋       | 1686/6208 [04:48<12:53,  5.85it/s, v_num=t-12, loss/train=2.970]Epoch 0:  27%|██▋       | 1687/6208 [04:48<12:52,  5.85it/s, v_num=t-12, loss/train=2.970]Epoch 0:  27%|██▋       | 1687/6208 [04:48<12:52,  5.85it/s, v_num=t-12, loss/train=2.680]Epoch 0:  27%|██▋       | 1688/6208 [04:48<12:52,  5.85it/s, v_num=t-12, loss/train=2.680]Epoch 0:  27%|██▋       | 1688/6208 [04:48<12:52,  5.85it/s, v_num=t-12, loss/train=3.410]Epoch 0:  27%|██▋       | 1689/6208 [04:48<12:52,  5.85it/s, v_num=t-12, loss/train=3.410]Epoch 0:  27%|██▋       | 1689/6208 [04:48<12:52,  5.85it/s, v_num=t-12, loss/train=3.050]Epoch 0:  27%|██▋       | 1690/6208 [04:48<12:52,  5.85it/s, v_num=t-12, loss/train=3.050]Epoch 0:  27%|██▋       | 1690/6208 [04:48<12:52,  5.85it/s, v_num=t-12, loss/train=2.870]Epoch 0:  27%|██▋       | 1691/6208 [04:49<12:52,  5.85it/s, v_num=t-12, loss/train=2.870]Epoch 0:  27%|██▋       | 1691/6208 [04:49<12:52,  5.85it/s, v_num=t-12, loss/train=3.030]Epoch 0:  27%|██▋       | 1692/6208 [04:49<12:51,  5.85it/s, v_num=t-12, loss/train=3.030]Epoch 0:  27%|██▋       | 1692/6208 [04:49<12:51,  5.85it/s, v_num=t-12, loss/train=3.310]Epoch 0:  27%|██▋       | 1693/6208 [04:49<12:51,  5.85it/s, v_num=t-12, loss/train=3.310]Epoch 0:  27%|██▋       | 1693/6208 [04:49<12:51,  5.85it/s, v_num=t-12, loss/train=4.580]Epoch 0:  27%|██▋       | 1694/6208 [04:49<12:51,  5.85it/s, v_num=t-12, loss/train=4.580]Epoch 0:  27%|██▋       | 1694/6208 [04:49<12:51,  5.85it/s, v_num=t-12, loss/train=2.800]Epoch 0:  27%|██▋       | 1695/6208 [04:49<12:51,  5.85it/s, v_num=t-12, loss/train=2.800]Epoch 0:  27%|██▋       | 1695/6208 [04:49<12:51,  5.85it/s, v_num=t-12, loss/train=3.060]Epoch 0:  27%|██▋       | 1696/6208 [04:49<12:51,  5.85it/s, v_num=t-12, loss/train=3.060]Epoch 0:  27%|██▋       | 1696/6208 [04:49<12:51,  5.85it/s, v_num=t-12, loss/train=2.330]Epoch 0:  27%|██▋       | 1697/6208 [04:50<12:51,  5.85it/s, v_num=t-12, loss/train=2.330]Epoch 0:  27%|██▋       | 1697/6208 [04:50<12:51,  5.85it/s, v_num=t-12, loss/train=2.840]Epoch 0:  27%|██▋       | 1698/6208 [04:50<12:50,  5.85it/s, v_num=t-12, loss/train=2.840]Epoch 0:  27%|██▋       | 1698/6208 [04:50<12:50,  5.85it/s, v_num=t-12, loss/train=2.730]Epoch 0:  27%|██▋       | 1699/6208 [04:50<12:50,  5.85it/s, v_num=t-12, loss/train=2.730]Epoch 0:  27%|██▋       | 1699/6208 [04:50<12:50,  5.85it/s, v_num=t-12, loss/train=2.520]Epoch 0:  27%|██▋       | 1700/6208 [04:50<12:50,  5.85it/s, v_num=t-12, loss/train=2.520]Epoch 0:  27%|██▋       | 1700/6208 [04:50<12:50,  5.85it/s, v_num=t-12, loss/train=3.180]Epoch 0:  27%|██▋       | 1701/6208 [04:50<12:50,  5.85it/s, v_num=t-12, loss/train=3.180]Epoch 0:  27%|██▋       | 1701/6208 [04:50<12:50,  5.85it/s, v_num=t-12, loss/train=2.940]Epoch 0:  27%|██▋       | 1702/6208 [04:50<12:50,  5.85it/s, v_num=t-12, loss/train=2.940]Epoch 0:  27%|██▋       | 1702/6208 [04:50<12:50,  5.85it/s, v_num=t-12, loss/train=2.730]Epoch 0:  27%|██▋       | 1703/6208 [04:51<12:49,  5.85it/s, v_num=t-12, loss/train=2.730]Epoch 0:  27%|██▋       | 1703/6208 [04:51<12:50,  5.85it/s, v_num=t-12, loss/train=2.800]Epoch 0:  27%|██▋       | 1704/6208 [04:51<12:49,  5.85it/s, v_num=t-12, loss/train=2.800]Epoch 0:  27%|██▋       | 1704/6208 [04:51<12:49,  5.85it/s, v_num=t-12, loss/train=2.750]Epoch 0:  27%|██▋       | 1705/6208 [04:51<12:49,  5.85it/s, v_num=t-12, loss/train=2.750]Epoch 0:  27%|██▋       | 1705/6208 [04:51<12:49,  5.85it/s, v_num=t-12, loss/train=3.160]Epoch 0:  27%|██▋       | 1706/6208 [04:51<12:49,  5.85it/s, v_num=t-12, loss/train=3.160]Epoch 0:  27%|██▋       | 1706/6208 [04:51<12:49,  5.85it/s, v_num=t-12, loss/train=2.830]Epoch 0:  27%|██▋       | 1707/6208 [04:51<12:49,  5.85it/s, v_num=t-12, loss/train=2.830]Epoch 0:  27%|██▋       | 1707/6208 [04:51<12:49,  5.85it/s, v_num=t-12, loss/train=3.290]Epoch 0:  28%|██▊       | 1708/6208 [04:51<12:49,  5.85it/s, v_num=t-12, loss/train=3.290]Epoch 0:  28%|██▊       | 1708/6208 [04:51<12:49,  5.85it/s, v_num=t-12, loss/train=2.980]Epoch 0:  28%|██▊       | 1709/6208 [04:52<12:48,  5.85it/s, v_num=t-12, loss/train=2.980]Epoch 0:  28%|██▊       | 1709/6208 [04:52<12:48,  5.85it/s, v_num=t-12, loss/train=3.680]Epoch 0:  28%|██▊       | 1710/6208 [04:52<12:48,  5.85it/s, v_num=t-12, loss/train=3.680]Epoch 0:  28%|██▊       | 1710/6208 [04:52<12:48,  5.85it/s, v_num=t-12, loss/train=2.440]Epoch 0:  28%|██▊       | 1711/6208 [04:52<12:48,  5.85it/s, v_num=t-12, loss/train=2.440]Epoch 0:  28%|██▊       | 1711/6208 [04:52<12:48,  5.85it/s, v_num=t-12, loss/train=3.640]Epoch 0:  28%|██▊       | 1712/6208 [04:52<12:48,  5.85it/s, v_num=t-12, loss/train=3.640]Epoch 0:  28%|██▊       | 1712/6208 [04:52<12:48,  5.85it/s, v_num=t-12, loss/train=3.210]Epoch 0:  28%|██▊       | 1713/6208 [04:52<12:48,  5.85it/s, v_num=t-12, loss/train=3.210]Epoch 0:  28%|██▊       | 1713/6208 [04:52<12:48,  5.85it/s, v_num=t-12, loss/train=2.350]Epoch 0:  28%|██▊       | 1714/6208 [04:52<12:47,  5.85it/s, v_num=t-12, loss/train=2.350]Epoch 0:  28%|██▊       | 1714/6208 [04:52<12:47,  5.85it/s, v_num=t-12, loss/train=2.880]Epoch 0:  28%|██▊       | 1715/6208 [04:53<12:47,  5.85it/s, v_num=t-12, loss/train=2.880]Epoch 0:  28%|██▊       | 1715/6208 [04:53<12:47,  5.85it/s, v_num=t-12, loss/train=2.600]Epoch 0:  28%|██▊       | 1716/6208 [04:53<12:47,  5.85it/s, v_num=t-12, loss/train=2.600]Epoch 0:  28%|██▊       | 1716/6208 [04:53<12:47,  5.85it/s, v_num=t-12, loss/train=2.410]Epoch 0:  28%|██▊       | 1717/6208 [04:53<12:47,  5.85it/s, v_num=t-12, loss/train=2.410]Epoch 0:  28%|██▊       | 1717/6208 [04:53<12:47,  5.85it/s, v_num=t-12, loss/train=2.750]Epoch 0:  28%|██▊       | 1718/6208 [04:53<12:47,  5.85it/s, v_num=t-12, loss/train=2.750]Epoch 0:  28%|██▊       | 1718/6208 [04:53<12:47,  5.85it/s, v_num=t-12, loss/train=3.350]Epoch 0:  28%|██▊       | 1719/6208 [04:53<12:46,  5.85it/s, v_num=t-12, loss/train=3.350]Epoch 0:  28%|██▊       | 1719/6208 [04:53<12:46,  5.85it/s, v_num=t-12, loss/train=2.710]Epoch 0:  28%|██▊       | 1720/6208 [04:53<12:46,  5.85it/s, v_num=t-12, loss/train=2.710]Epoch 0:  28%|██▊       | 1720/6208 [04:53<12:46,  5.85it/s, v_num=t-12, loss/train=3.120]Epoch 0:  28%|██▊       | 1721/6208 [04:54<12:46,  5.85it/s, v_num=t-12, loss/train=3.120]Epoch 0:  28%|██▊       | 1721/6208 [04:54<12:46,  5.85it/s, v_num=t-12, loss/train=3.650]Epoch 0:  28%|██▊       | 1722/6208 [04:54<12:46,  5.85it/s, v_num=t-12, loss/train=3.650]Epoch 0:  28%|██▊       | 1722/6208 [04:54<12:46,  5.85it/s, v_num=t-12, loss/train=3.130]Epoch 0:  28%|██▊       | 1723/6208 [04:54<12:46,  5.85it/s, v_num=t-12, loss/train=3.130]Epoch 0:  28%|██▊       | 1723/6208 [04:54<12:46,  5.85it/s, v_num=t-12, loss/train=3.320]Epoch 0:  28%|██▊       | 1724/6208 [04:54<12:46,  5.85it/s, v_num=t-12, loss/train=3.320]Epoch 0:  28%|██▊       | 1724/6208 [04:54<12:46,  5.85it/s, v_num=t-12, loss/train=2.680]Epoch 0:  28%|██▊       | 1725/6208 [04:54<12:45,  5.85it/s, v_num=t-12, loss/train=2.680]Epoch 0:  28%|██▊       | 1725/6208 [04:54<12:45,  5.85it/s, v_num=t-12, loss/train=3.020]Epoch 0:  28%|██▊       | 1726/6208 [04:54<12:45,  5.85it/s, v_num=t-12, loss/train=3.020]Epoch 0:  28%|██▊       | 1726/6208 [04:54<12:45,  5.85it/s, v_num=t-12, loss/train=4.040]Epoch 0:  28%|██▊       | 1727/6208 [04:54<12:45,  5.86it/s, v_num=t-12, loss/train=4.040]Epoch 0:  28%|██▊       | 1727/6208 [04:54<12:45,  5.85it/s, v_num=t-12, loss/train=2.310]Epoch 0:  28%|██▊       | 1728/6208 [04:55<12:45,  5.85it/s, v_num=t-12, loss/train=2.310]Epoch 0:  28%|██▊       | 1728/6208 [04:55<12:45,  5.85it/s, v_num=t-12, loss/train=2.770]Epoch 0:  28%|██▊       | 1729/6208 [04:55<12:44,  5.86it/s, v_num=t-12, loss/train=2.770]Epoch 0:  28%|██▊       | 1729/6208 [04:55<12:44,  5.86it/s, v_num=t-12, loss/train=2.410]Epoch 0:  28%|██▊       | 1730/6208 [04:55<12:44,  5.86it/s, v_num=t-12, loss/train=2.410]Epoch 0:  28%|██▊       | 1730/6208 [04:55<12:44,  5.86it/s, v_num=t-12, loss/train=2.880]Epoch 0:  28%|██▊       | 1731/6208 [04:55<12:44,  5.86it/s, v_num=t-12, loss/train=2.880]Epoch 0:  28%|██▊       | 1731/6208 [04:55<12:44,  5.86it/s, v_num=t-12, loss/train=3.430]Epoch 0:  28%|██▊       | 1732/6208 [04:55<12:44,  5.86it/s, v_num=t-12, loss/train=3.430]Epoch 0:  28%|██▊       | 1732/6208 [04:55<12:44,  5.86it/s, v_num=t-12, loss/train=2.690]Epoch 0:  28%|██▊       | 1733/6208 [04:55<12:44,  5.86it/s, v_num=t-12, loss/train=2.690]Epoch 0:  28%|██▊       | 1733/6208 [04:55<12:44,  5.86it/s, v_num=t-12, loss/train=3.600]Epoch 0:  28%|██▊       | 1734/6208 [04:56<12:43,  5.86it/s, v_num=t-12, loss/train=3.600]Epoch 0:  28%|██▊       | 1734/6208 [04:56<12:43,  5.86it/s, v_num=t-12, loss/train=3.730]Epoch 0:  28%|██▊       | 1735/6208 [04:56<12:43,  5.86it/s, v_num=t-12, loss/train=3.730]Epoch 0:  28%|██▊       | 1735/6208 [04:56<12:43,  5.86it/s, v_num=t-12, loss/train=2.360]Epoch 0:  28%|██▊       | 1736/6208 [04:56<12:43,  5.86it/s, v_num=t-12, loss/train=2.360]Epoch 0:  28%|██▊       | 1736/6208 [04:56<12:43,  5.86it/s, v_num=t-12, loss/train=2.030]Epoch 0:  28%|██▊       | 1737/6208 [04:56<12:43,  5.86it/s, v_num=t-12, loss/train=2.030]Epoch 0:  28%|██▊       | 1737/6208 [04:56<12:43,  5.86it/s, v_num=t-12, loss/train=2.650]Epoch 0:  28%|██▊       | 1738/6208 [04:56<12:43,  5.86it/s, v_num=t-12, loss/train=2.650]Epoch 0:  28%|██▊       | 1738/6208 [04:56<12:43,  5.86it/s, v_num=t-12, loss/train=2.880]Epoch 0:  28%|██▊       | 1739/6208 [04:56<12:42,  5.86it/s, v_num=t-12, loss/train=2.880]Epoch 0:  28%|██▊       | 1739/6208 [04:56<12:42,  5.86it/s, v_num=t-12, loss/train=3.080]Epoch 0:  28%|██▊       | 1740/6208 [04:57<12:42,  5.86it/s, v_num=t-12, loss/train=3.080]Epoch 0:  28%|██▊       | 1740/6208 [04:57<12:42,  5.86it/s, v_num=t-12, loss/train=3.430]Epoch 0:  28%|██▊       | 1741/6208 [04:57<12:42,  5.86it/s, v_num=t-12, loss/train=3.430]Epoch 0:  28%|██▊       | 1741/6208 [04:57<12:42,  5.86it/s, v_num=t-12, loss/train=2.660]Epoch 0:  28%|██▊       | 1742/6208 [04:57<12:42,  5.85it/s, v_num=t-12, loss/train=2.660]Epoch 0:  28%|██▊       | 1742/6208 [04:57<12:42,  5.85it/s, v_num=t-12, loss/train=2.440]Epoch 0:  28%|██▊       | 1743/6208 [04:57<12:42,  5.85it/s, v_num=t-12, loss/train=2.440]Epoch 0:  28%|██▊       | 1743/6208 [04:57<12:42,  5.85it/s, v_num=t-12, loss/train=3.360]Epoch 0:  28%|██▊       | 1744/6208 [04:57<12:42,  5.86it/s, v_num=t-12, loss/train=3.360]Epoch 0:  28%|██▊       | 1744/6208 [04:57<12:42,  5.85it/s, v_num=t-12, loss/train=2.300]Epoch 0:  28%|██▊       | 1745/6208 [04:58<12:42,  5.86it/s, v_num=t-12, loss/train=2.300]Epoch 0:  28%|██▊       | 1745/6208 [04:58<12:42,  5.85it/s, v_num=t-12, loss/train=2.940]Epoch 0:  28%|██▊       | 1746/6208 [04:58<12:42,  5.85it/s, v_num=t-12, loss/train=2.940]Epoch 0:  28%|██▊       | 1746/6208 [04:58<12:42,  5.85it/s, v_num=t-12, loss/train=3.170]Epoch 0:  28%|██▊       | 1747/6208 [04:58<12:41,  5.86it/s, v_num=t-12, loss/train=3.170]Epoch 0:  28%|██▊       | 1747/6208 [04:58<12:41,  5.85it/s, v_num=t-12, loss/train=2.510]Epoch 0:  28%|██▊       | 1748/6208 [04:58<12:41,  5.86it/s, v_num=t-12, loss/train=2.510]Epoch 0:  28%|██▊       | 1748/6208 [04:58<12:41,  5.86it/s, v_num=t-12, loss/train=2.780]Epoch 0:  28%|██▊       | 1749/6208 [04:58<12:41,  5.86it/s, v_num=t-12, loss/train=2.780]Epoch 0:  28%|██▊       | 1749/6208 [04:58<12:41,  5.86it/s, v_num=t-12, loss/train=2.660]Epoch 0:  28%|██▊       | 1750/6208 [04:58<12:41,  5.86it/s, v_num=t-12, loss/train=2.660]Epoch 0:  28%|██▊       | 1750/6208 [04:58<12:41,  5.86it/s, v_num=t-12, loss/train=3.170]Epoch 0:  28%|██▊       | 1751/6208 [04:59<12:41,  5.86it/s, v_num=t-12, loss/train=3.170]Epoch 0:  28%|██▊       | 1751/6208 [04:59<12:41,  5.86it/s, v_num=t-12, loss/train=2.660]Epoch 0:  28%|██▊       | 1752/6208 [04:59<12:40,  5.86it/s, v_num=t-12, loss/train=2.660]Epoch 0:  28%|██▊       | 1752/6208 [04:59<12:41,  5.86it/s, v_num=t-12, loss/train=3.370]Epoch 0:  28%|██▊       | 1753/6208 [04:59<12:40,  5.86it/s, v_num=t-12, loss/train=3.370]Epoch 0:  28%|██▊       | 1753/6208 [04:59<12:40,  5.86it/s, v_num=t-12, loss/train=2.430]Epoch 0:  28%|██▊       | 1754/6208 [04:59<12:40,  5.86it/s, v_num=t-12, loss/train=2.430]Epoch 0:  28%|██▊       | 1754/6208 [04:59<12:40,  5.86it/s, v_num=t-12, loss/train=2.410]Epoch 0:  28%|██▊       | 1755/6208 [04:59<12:40,  5.86it/s, v_num=t-12, loss/train=2.410]Epoch 0:  28%|██▊       | 1755/6208 [04:59<12:40,  5.86it/s, v_num=t-12, loss/train=2.030]Epoch 0:  28%|██▊       | 1756/6208 [04:59<12:40,  5.86it/s, v_num=t-12, loss/train=2.030]Epoch 0:  28%|██▊       | 1756/6208 [04:59<12:40,  5.85it/s, v_num=t-12, loss/train=2.510]Epoch 0:  28%|██▊       | 1757/6208 [05:00<12:40,  5.86it/s, v_num=t-12, loss/train=2.510]Epoch 0:  28%|██▊       | 1757/6208 [05:00<12:40,  5.85it/s, v_num=t-12, loss/train=2.330]Epoch 0:  28%|██▊       | 1758/6208 [05:00<12:39,  5.86it/s, v_num=t-12, loss/train=2.330]Epoch 0:  28%|██▊       | 1758/6208 [05:00<12:40,  5.86it/s, v_num=t-12, loss/train=2.100]Epoch 0:  28%|██▊       | 1759/6208 [05:00<12:39,  5.86it/s, v_num=t-12, loss/train=2.100]Epoch 0:  28%|██▊       | 1759/6208 [05:00<12:39,  5.86it/s, v_num=t-12, loss/train=2.890]Epoch 0:  28%|██▊       | 1760/6208 [05:00<12:39,  5.86it/s, v_num=t-12, loss/train=2.890]Epoch 0:  28%|██▊       | 1760/6208 [05:00<12:39,  5.86it/s, v_num=t-12, loss/train=2.500]Epoch 0:  28%|██▊       | 1761/6208 [05:00<12:39,  5.86it/s, v_num=t-12, loss/train=2.500]Epoch 0:  28%|██▊       | 1761/6208 [05:00<12:39,  5.86it/s, v_num=t-12, loss/train=2.640]Epoch 0:  28%|██▊       | 1762/6208 [05:00<12:39,  5.86it/s, v_num=t-12, loss/train=2.640]Epoch 0:  28%|██▊       | 1762/6208 [05:00<12:39,  5.86it/s, v_num=t-12, loss/train=3.010]Epoch 0:  28%|██▊       | 1763/6208 [05:01<12:39,  5.86it/s, v_num=t-12, loss/train=3.010]Epoch 0:  28%|██▊       | 1763/6208 [05:01<12:39,  5.86it/s, v_num=t-12, loss/train=2.100]Epoch 0:  28%|██▊       | 1764/6208 [05:01<12:38,  5.86it/s, v_num=t-12, loss/train=2.100]Epoch 0:  28%|██▊       | 1764/6208 [05:01<12:38,  5.86it/s, v_num=t-12, loss/train=2.120]Epoch 0:  28%|██▊       | 1765/6208 [05:01<12:38,  5.86it/s, v_num=t-12, loss/train=2.120]Epoch 0:  28%|██▊       | 1765/6208 [05:01<12:38,  5.86it/s, v_num=t-12, loss/train=2.450]Epoch 0:  28%|██▊       | 1766/6208 [05:01<12:38,  5.86it/s, v_num=t-12, loss/train=2.450]Epoch 0:  28%|██▊       | 1766/6208 [05:01<12:38,  5.86it/s, v_num=t-12, loss/train=2.450]Epoch 0:  28%|██▊       | 1767/6208 [05:01<12:38,  5.86it/s, v_num=t-12, loss/train=2.450]Epoch 0:  28%|██▊       | 1767/6208 [05:01<12:38,  5.86it/s, v_num=t-12, loss/train=2.530]Epoch 0:  28%|██▊       | 1768/6208 [05:01<12:38,  5.86it/s, v_num=t-12, loss/train=2.530]Epoch 0:  28%|██▊       | 1768/6208 [05:01<12:38,  5.86it/s, v_num=t-12, loss/train=3.640]Epoch 0:  28%|██▊       | 1769/6208 [05:02<12:37,  5.86it/s, v_num=t-12, loss/train=3.640]Epoch 0:  28%|██▊       | 1769/6208 [05:02<12:37,  5.86it/s, v_num=t-12, loss/train=3.240]Epoch 0:  29%|██▊       | 1770/6208 [05:02<12:37,  5.86it/s, v_num=t-12, loss/train=3.240]Epoch 0:  29%|██▊       | 1770/6208 [05:02<12:37,  5.86it/s, v_num=t-12, loss/train=2.540]Epoch 0:  29%|██▊       | 1771/6208 [05:02<12:37,  5.86it/s, v_num=t-12, loss/train=2.540]Epoch 0:  29%|██▊       | 1771/6208 [05:02<12:37,  5.86it/s, v_num=t-12, loss/train=3.390]Epoch 0:  29%|██▊       | 1772/6208 [05:02<12:38,  5.85it/s, v_num=t-12, loss/train=3.390]Epoch 0:  29%|██▊       | 1772/6208 [05:02<12:38,  5.85it/s, v_num=t-12, loss/train=1.950]Epoch 0:  29%|██▊       | 1773/6208 [05:02<12:37,  5.85it/s, v_num=t-12, loss/train=1.950]Epoch 0:  29%|██▊       | 1773/6208 [05:02<12:37,  5.85it/s, v_num=t-12, loss/train=2.770]Epoch 0:  29%|██▊       | 1774/6208 [05:03<12:37,  5.85it/s, v_num=t-12, loss/train=2.770]Epoch 0:  29%|██▊       | 1774/6208 [05:03<12:37,  5.85it/s, v_num=t-12, loss/train=3.080]Epoch 0:  29%|██▊       | 1775/6208 [05:03<12:37,  5.85it/s, v_num=t-12, loss/train=3.080]Epoch 0:  29%|██▊       | 1775/6208 [05:03<12:37,  5.85it/s, v_num=t-12, loss/train=2.460]Epoch 0:  29%|██▊       | 1776/6208 [05:03<12:37,  5.85it/s, v_num=t-12, loss/train=2.460]Epoch 0:  29%|██▊       | 1776/6208 [05:03<12:37,  5.85it/s, v_num=t-12, loss/train=2.810]Epoch 0:  29%|██▊       | 1777/6208 [05:03<12:36,  5.85it/s, v_num=t-12, loss/train=2.810]Epoch 0:  29%|██▊       | 1777/6208 [05:03<12:36,  5.85it/s, v_num=t-12, loss/train=2.800]Epoch 0:  29%|██▊       | 1778/6208 [05:03<12:36,  5.85it/s, v_num=t-12, loss/train=2.800]Epoch 0:  29%|██▊       | 1778/6208 [05:03<12:36,  5.85it/s, v_num=t-12, loss/train=3.260]Epoch 0:  29%|██▊       | 1779/6208 [05:03<12:36,  5.85it/s, v_num=t-12, loss/train=3.260]Epoch 0:  29%|██▊       | 1779/6208 [05:03<12:36,  5.85it/s, v_num=t-12, loss/train=1.740]Epoch 0:  29%|██▊       | 1780/6208 [05:04<12:36,  5.85it/s, v_num=t-12, loss/train=1.740]Epoch 0:  29%|██▊       | 1780/6208 [05:04<12:36,  5.85it/s, v_num=t-12, loss/train=2.300]Epoch 0:  29%|██▊       | 1781/6208 [05:04<12:36,  5.85it/s, v_num=t-12, loss/train=2.300]Epoch 0:  29%|██▊       | 1781/6208 [05:04<12:36,  5.85it/s, v_num=t-12, loss/train=2.810]Epoch 0:  29%|██▊       | 1782/6208 [05:04<12:35,  5.85it/s, v_num=t-12, loss/train=2.810]Epoch 0:  29%|██▊       | 1782/6208 [05:04<12:36,  5.85it/s, v_num=t-12, loss/train=3.340]Epoch 0:  29%|██▊       | 1783/6208 [05:04<12:35,  5.85it/s, v_num=t-12, loss/train=3.340]Epoch 0:  29%|██▊       | 1783/6208 [05:04<12:35,  5.85it/s, v_num=t-12, loss/train=2.700]Epoch 0:  29%|██▊       | 1784/6208 [05:04<12:36,  5.85it/s, v_num=t-12, loss/train=2.700]Epoch 0:  29%|██▊       | 1784/6208 [05:04<12:36,  5.85it/s, v_num=t-12, loss/train=2.530]Epoch 0:  29%|██▉       | 1785/6208 [05:05<12:35,  5.85it/s, v_num=t-12, loss/train=2.530]Epoch 0:  29%|██▉       | 1785/6208 [05:05<12:36,  5.85it/s, v_num=t-12, loss/train=3.180]Epoch 0:  29%|██▉       | 1786/6208 [05:05<12:35,  5.85it/s, v_num=t-12, loss/train=3.180]Epoch 0:  29%|██▉       | 1786/6208 [05:05<12:35,  5.85it/s, v_num=t-12, loss/train=3.300]Epoch 0:  29%|██▉       | 1787/6208 [05:05<12:35,  5.85it/s, v_num=t-12, loss/train=3.300]Epoch 0:  29%|██▉       | 1787/6208 [05:05<12:35,  5.85it/s, v_num=t-12, loss/train=2.690]Epoch 0:  29%|██▉       | 1788/6208 [05:05<12:35,  5.85it/s, v_num=t-12, loss/train=2.690]Epoch 0:  29%|██▉       | 1788/6208 [05:05<12:35,  5.85it/s, v_num=t-12, loss/train=2.720]Epoch 0:  29%|██▉       | 1789/6208 [05:05<12:35,  5.85it/s, v_num=t-12, loss/train=2.720]Epoch 0:  29%|██▉       | 1789/6208 [05:05<12:35,  5.85it/s, v_num=t-12, loss/train=2.920]Epoch 0:  29%|██▉       | 1790/6208 [05:05<12:34,  5.85it/s, v_num=t-12, loss/train=2.920]Epoch 0:  29%|██▉       | 1790/6208 [05:05<12:34,  5.85it/s, v_num=t-12, loss/train=2.740]Epoch 0:  29%|██▉       | 1791/6208 [05:06<12:34,  5.85it/s, v_num=t-12, loss/train=2.740]Epoch 0:  29%|██▉       | 1791/6208 [05:06<12:34,  5.85it/s, v_num=t-12, loss/train=2.430]Epoch 0:  29%|██▉       | 1792/6208 [05:06<12:34,  5.85it/s, v_num=t-12, loss/train=2.430]Epoch 0:  29%|██▉       | 1792/6208 [05:06<12:34,  5.85it/s, v_num=t-12, loss/train=3.020]Epoch 0:  29%|██▉       | 1793/6208 [05:06<12:34,  5.85it/s, v_num=t-12, loss/train=3.020]Epoch 0:  29%|██▉       | 1793/6208 [05:06<12:34,  5.85it/s, v_num=t-12, loss/train=2.240]Epoch 0:  29%|██▉       | 1794/6208 [05:06<12:34,  5.85it/s, v_num=t-12, loss/train=2.240]Epoch 0:  29%|██▉       | 1794/6208 [05:06<12:34,  5.85it/s, v_num=t-12, loss/train=2.350]Epoch 0:  29%|██▉       | 1795/6208 [05:06<12:34,  5.85it/s, v_num=t-12, loss/train=2.350]Epoch 0:  29%|██▉       | 1795/6208 [05:06<12:34,  5.85it/s, v_num=t-12, loss/train=2.430]Epoch 0:  29%|██▉       | 1796/6208 [05:07<12:34,  5.85it/s, v_num=t-12, loss/train=2.430]Epoch 0:  29%|██▉       | 1796/6208 [05:07<12:34,  5.85it/s, v_num=t-12, loss/train=2.490]Epoch 0:  29%|██▉       | 1797/6208 [05:07<12:34,  5.85it/s, v_num=t-12, loss/train=2.490]Epoch 0:  29%|██▉       | 1797/6208 [05:07<12:34,  5.85it/s, v_num=t-12, loss/train=2.110]Epoch 0:  29%|██▉       | 1798/6208 [05:07<12:33,  5.85it/s, v_num=t-12, loss/train=2.110]Epoch 0:  29%|██▉       | 1798/6208 [05:07<12:34,  5.85it/s, v_num=t-12, loss/train=2.650]Epoch 0:  29%|██▉       | 1799/6208 [05:07<12:33,  5.85it/s, v_num=t-12, loss/train=2.650]Epoch 0:  29%|██▉       | 1799/6208 [05:07<12:33,  5.85it/s, v_num=t-12, loss/train=2.350]Epoch 0:  29%|██▉       | 1800/6208 [05:07<12:34,  5.84it/s, v_num=t-12, loss/train=2.350]Epoch 0:  29%|██▉       | 1800/6208 [05:08<12:34,  5.84it/s, v_num=t-12, loss/train=3.210]Epoch 0:  29%|██▉       | 1801/6208 [05:08<12:34,  5.84it/s, v_num=t-12, loss/train=3.210]Epoch 0:  29%|██▉       | 1801/6208 [05:08<12:34,  5.84it/s, v_num=t-12, loss/train=2.820]Epoch 0:  29%|██▉       | 1802/6208 [05:08<12:33,  5.84it/s, v_num=t-12, loss/train=2.820]Epoch 0:  29%|██▉       | 1802/6208 [05:08<12:33,  5.84it/s, v_num=t-12, loss/train=1.910]Epoch 0:  29%|██▉       | 1803/6208 [05:08<12:33,  5.84it/s, v_num=t-12, loss/train=1.910]Epoch 0:  29%|██▉       | 1803/6208 [05:08<12:33,  5.84it/s, v_num=t-12, loss/train=2.820]Epoch 0:  29%|██▉       | 1804/6208 [05:08<12:33,  5.84it/s, v_num=t-12, loss/train=2.820]Epoch 0:  29%|██▉       | 1804/6208 [05:08<12:33,  5.84it/s, v_num=t-12, loss/train=2.480]Epoch 0:  29%|██▉       | 1805/6208 [05:08<12:33,  5.84it/s, v_num=t-12, loss/train=2.480]Epoch 0:  29%|██▉       | 1805/6208 [05:08<12:33,  5.84it/s, v_num=t-12, loss/train=2.250]Epoch 0:  29%|██▉       | 1806/6208 [05:08<12:33,  5.85it/s, v_num=t-12, loss/train=2.250]Epoch 0:  29%|██▉       | 1806/6208 [05:08<12:33,  5.84it/s, v_num=t-12, loss/train=2.660]Epoch 0:  29%|██▉       | 1807/6208 [05:09<12:32,  5.84it/s, v_num=t-12, loss/train=2.660]Epoch 0:  29%|██▉       | 1807/6208 [05:09<12:32,  5.84it/s, v_num=t-12, loss/train=2.530]Epoch 0:  29%|██▉       | 1808/6208 [05:09<12:32,  5.85it/s, v_num=t-12, loss/train=2.530]Epoch 0:  29%|██▉       | 1808/6208 [05:09<12:32,  5.85it/s, v_num=t-12, loss/train=2.760]Epoch 0:  29%|██▉       | 1809/6208 [05:09<12:32,  5.85it/s, v_num=t-12, loss/train=2.760]Epoch 0:  29%|██▉       | 1809/6208 [05:09<12:32,  5.85it/s, v_num=t-12, loss/train=2.120]Epoch 0:  29%|██▉       | 1810/6208 [05:09<12:32,  5.85it/s, v_num=t-12, loss/train=2.120]Epoch 0:  29%|██▉       | 1810/6208 [05:09<12:32,  5.85it/s, v_num=t-12, loss/train=2.240]Epoch 0:  29%|██▉       | 1811/6208 [05:09<12:32,  5.85it/s, v_num=t-12, loss/train=2.240]Epoch 0:  29%|██▉       | 1811/6208 [05:09<12:32,  5.85it/s, v_num=t-12, loss/train=2.980]Epoch 0:  29%|██▉       | 1812/6208 [05:09<12:31,  5.85it/s, v_num=t-12, loss/train=2.980]Epoch 0:  29%|██▉       | 1812/6208 [05:09<12:31,  5.85it/s, v_num=t-12, loss/train=2.300]Epoch 0:  29%|██▉       | 1813/6208 [05:10<12:31,  5.85it/s, v_num=t-12, loss/train=2.300]Epoch 0:  29%|██▉       | 1813/6208 [05:10<12:31,  5.85it/s, v_num=t-12, loss/train=2.030]Epoch 0:  29%|██▉       | 1814/6208 [05:10<12:31,  5.85it/s, v_num=t-12, loss/train=2.030]Epoch 0:  29%|██▉       | 1814/6208 [05:10<12:31,  5.85it/s, v_num=t-12, loss/train=2.800]Epoch 0:  29%|██▉       | 1815/6208 [05:10<12:31,  5.85it/s, v_num=t-12, loss/train=2.800]Epoch 0:  29%|██▉       | 1815/6208 [05:10<12:31,  5.85it/s, v_num=t-12, loss/train=2.790]Epoch 0:  29%|██▉       | 1816/6208 [05:10<12:31,  5.85it/s, v_num=t-12, loss/train=2.790]Epoch 0:  29%|██▉       | 1816/6208 [05:10<12:31,  5.85it/s, v_num=t-12, loss/train=2.800]Epoch 0:  29%|██▉       | 1817/6208 [05:10<12:30,  5.85it/s, v_num=t-12, loss/train=2.800]Epoch 0:  29%|██▉       | 1817/6208 [05:10<12:31,  5.85it/s, v_num=t-12, loss/train=2.380]Epoch 0:  29%|██▉       | 1818/6208 [05:10<12:30,  5.85it/s, v_num=t-12, loss/train=2.380]Epoch 0:  29%|██▉       | 1818/6208 [05:10<12:30,  5.85it/s, v_num=t-12, loss/train=2.260]Epoch 0:  29%|██▉       | 1819/6208 [05:11<12:30,  5.85it/s, v_num=t-12, loss/train=2.260]Epoch 0:  29%|██▉       | 1819/6208 [05:11<12:30,  5.85it/s, v_num=t-12, loss/train=2.860]Epoch 0:  29%|██▉       | 1820/6208 [05:11<12:30,  5.85it/s, v_num=t-12, loss/train=2.860]Epoch 0:  29%|██▉       | 1820/6208 [05:11<12:30,  5.85it/s, v_num=t-12, loss/train=1.920]Epoch 0:  29%|██▉       | 1821/6208 [05:11<12:30,  5.85it/s, v_num=t-12, loss/train=1.920]Epoch 0:  29%|██▉       | 1821/6208 [05:11<12:30,  5.85it/s, v_num=t-12, loss/train=2.400]Epoch 0:  29%|██▉       | 1822/6208 [05:11<12:29,  5.85it/s, v_num=t-12, loss/train=2.400]Epoch 0:  29%|██▉       | 1822/6208 [05:11<12:29,  5.85it/s, v_num=t-12, loss/train=1.780]Epoch 0:  29%|██▉       | 1823/6208 [05:11<12:29,  5.85it/s, v_num=t-12, loss/train=1.780]Epoch 0:  29%|██▉       | 1823/6208 [05:11<12:29,  5.85it/s, v_num=t-12, loss/train=2.290]Epoch 0:  29%|██▉       | 1824/6208 [05:11<12:29,  5.85it/s, v_num=t-12, loss/train=2.290]Epoch 0:  29%|██▉       | 1824/6208 [05:11<12:29,  5.85it/s, v_num=t-12, loss/train=2.300]Epoch 0:  29%|██▉       | 1825/6208 [05:12<12:29,  5.85it/s, v_num=t-12, loss/train=2.300]Epoch 0:  29%|██▉       | 1825/6208 [05:12<12:29,  5.85it/s, v_num=t-12, loss/train=2.680]Epoch 0:  29%|██▉       | 1826/6208 [05:12<12:29,  5.85it/s, v_num=t-12, loss/train=2.680]Epoch 0:  29%|██▉       | 1826/6208 [05:12<12:29,  5.85it/s, v_num=t-12, loss/train=1.800]Epoch 0:  29%|██▉       | 1827/6208 [05:12<12:29,  5.85it/s, v_num=t-12, loss/train=1.800]Epoch 0:  29%|██▉       | 1827/6208 [05:12<12:29,  5.85it/s, v_num=t-12, loss/train=2.040]Epoch 0:  29%|██▉       | 1828/6208 [05:12<12:29,  5.85it/s, v_num=t-12, loss/train=2.040]Epoch 0:  29%|██▉       | 1828/6208 [05:12<12:29,  5.85it/s, v_num=t-12, loss/train=2.950]Epoch 0:  29%|██▉       | 1829/6208 [05:12<12:28,  5.85it/s, v_num=t-12, loss/train=2.950]Epoch 0:  29%|██▉       | 1829/6208 [05:12<12:28,  5.85it/s, v_num=t-12, loss/train=2.170]Epoch 0:  29%|██▉       | 1830/6208 [05:12<12:28,  5.85it/s, v_num=t-12, loss/train=2.170]Epoch 0:  29%|██▉       | 1830/6208 [05:12<12:28,  5.85it/s, v_num=t-12, loss/train=2.000]Epoch 0:  29%|██▉       | 1831/6208 [05:13<12:28,  5.85it/s, v_num=t-12, loss/train=2.000]Epoch 0:  29%|██▉       | 1831/6208 [05:13<12:28,  5.85it/s, v_num=t-12, loss/train=2.710]Epoch 0:  30%|██▉       | 1832/6208 [05:13<12:28,  5.85it/s, v_num=t-12, loss/train=2.710]Epoch 0:  30%|██▉       | 1832/6208 [05:13<12:28,  5.85it/s, v_num=t-12, loss/train=1.930]Epoch 0:  30%|██▉       | 1833/6208 [05:13<12:28,  5.85it/s, v_num=t-12, loss/train=1.930]Epoch 0:  30%|██▉       | 1833/6208 [05:13<12:28,  5.85it/s, v_num=t-12, loss/train=3.580]Epoch 0:  30%|██▉       | 1834/6208 [05:13<12:27,  5.85it/s, v_num=t-12, loss/train=3.580]Epoch 0:  30%|██▉       | 1834/6208 [05:13<12:27,  5.85it/s, v_num=t-12, loss/train=2.290]Epoch 0:  30%|██▉       | 1835/6208 [05:13<12:28,  5.84it/s, v_num=t-12, loss/train=2.290]Epoch 0:  30%|██▉       | 1835/6208 [05:13<12:28,  5.84it/s, v_num=t-12, loss/train=2.830]Epoch 0:  30%|██▉       | 1836/6208 [05:14<12:27,  5.85it/s, v_num=t-12, loss/train=2.830]Epoch 0:  30%|██▉       | 1836/6208 [05:14<12:28,  5.84it/s, v_num=t-12, loss/train=2.070]Epoch 0:  30%|██▉       | 1837/6208 [05:14<12:27,  5.85it/s, v_num=t-12, loss/train=2.070]Epoch 0:  30%|██▉       | 1837/6208 [05:14<12:27,  5.85it/s, v_num=t-12, loss/train=2.440]Epoch 0:  30%|██▉       | 1838/6208 [05:14<12:27,  5.85it/s, v_num=t-12, loss/train=2.440]Epoch 0:  30%|██▉       | 1838/6208 [05:14<12:27,  5.85it/s, v_num=t-12, loss/train=2.550]Epoch 0:  30%|██▉       | 1839/6208 [05:14<12:27,  5.85it/s, v_num=t-12, loss/train=2.550]Epoch 0:  30%|██▉       | 1839/6208 [05:14<12:27,  5.85it/s, v_num=t-12, loss/train=2.110]Epoch 0:  30%|██▉       | 1840/6208 [05:14<12:27,  5.85it/s, v_num=t-12, loss/train=2.110]Epoch 0:  30%|██▉       | 1840/6208 [05:14<12:27,  5.85it/s, v_num=t-12, loss/train=2.510]Epoch 0:  30%|██▉       | 1841/6208 [05:14<12:26,  5.85it/s, v_num=t-12, loss/train=2.510]Epoch 0:  30%|██▉       | 1841/6208 [05:14<12:26,  5.85it/s, v_num=t-12, loss/train=2.500]Epoch 0:  30%|██▉       | 1842/6208 [05:15<12:26,  5.85it/s, v_num=t-12, loss/train=2.500]Epoch 0:  30%|██▉       | 1842/6208 [05:15<12:26,  5.85it/s, v_num=t-12, loss/train=2.810]Epoch 0:  30%|██▉       | 1843/6208 [05:15<12:26,  5.85it/s, v_num=t-12, loss/train=2.810]Epoch 0:  30%|██▉       | 1843/6208 [05:15<12:26,  5.85it/s, v_num=t-12, loss/train=1.930]Epoch 0:  30%|██▉       | 1844/6208 [05:15<12:26,  5.85it/s, v_num=t-12, loss/train=1.930]Epoch 0:  30%|██▉       | 1844/6208 [05:15<12:26,  5.85it/s, v_num=t-12, loss/train=2.500]Epoch 0:  30%|██▉       | 1845/6208 [05:15<12:26,  5.85it/s, v_num=t-12, loss/train=2.500]Epoch 0:  30%|██▉       | 1845/6208 [05:15<12:26,  5.85it/s, v_num=t-12, loss/train=3.160]Epoch 0:  30%|██▉       | 1846/6208 [05:15<12:25,  5.85it/s, v_num=t-12, loss/train=3.160]Epoch 0:  30%|██▉       | 1846/6208 [05:15<12:25,  5.85it/s, v_num=t-12, loss/train=2.530]Epoch 0:  30%|██▉       | 1847/6208 [05:15<12:25,  5.85it/s, v_num=t-12, loss/train=2.530]Epoch 0:  30%|██▉       | 1847/6208 [05:15<12:25,  5.85it/s, v_num=t-12, loss/train=2.550]Epoch 0:  30%|██▉       | 1848/6208 [05:15<12:25,  5.85it/s, v_num=t-12, loss/train=2.550]Epoch 0:  30%|██▉       | 1848/6208 [05:15<12:25,  5.85it/s, v_num=t-12, loss/train=3.100]Epoch 0:  30%|██▉       | 1849/6208 [05:16<12:25,  5.85it/s, v_num=t-12, loss/train=3.100]Epoch 0:  30%|██▉       | 1849/6208 [05:16<12:25,  5.85it/s, v_num=t-12, loss/train=1.600]Epoch 0:  30%|██▉       | 1850/6208 [05:16<12:25,  5.85it/s, v_num=t-12, loss/train=1.600]Epoch 0:  30%|██▉       | 1850/6208 [05:16<12:25,  5.85it/s, v_num=t-12, loss/train=3.230]Epoch 0:  30%|██▉       | 1851/6208 [05:16<12:24,  5.85it/s, v_num=t-12, loss/train=3.230]Epoch 0:  30%|██▉       | 1851/6208 [05:16<12:25,  5.85it/s, v_num=t-12, loss/train=2.570]Epoch 0:  30%|██▉       | 1852/6208 [05:16<12:24,  5.85it/s, v_num=t-12, loss/train=2.570]Epoch 0:  30%|██▉       | 1852/6208 [05:16<12:24,  5.85it/s, v_num=t-12, loss/train=1.890]Epoch 0:  30%|██▉       | 1853/6208 [05:16<12:24,  5.85it/s, v_num=t-12, loss/train=1.890]Epoch 0:  30%|██▉       | 1853/6208 [05:16<12:24,  5.85it/s, v_num=t-12, loss/train=2.950]Epoch 0:  30%|██▉       | 1854/6208 [05:16<12:24,  5.85it/s, v_num=t-12, loss/train=2.950]Epoch 0:  30%|██▉       | 1854/6208 [05:16<12:24,  5.85it/s, v_num=t-12, loss/train=2.590]Epoch 0:  30%|██▉       | 1855/6208 [05:17<12:24,  5.85it/s, v_num=t-12, loss/train=2.590]Epoch 0:  30%|██▉       | 1855/6208 [05:17<12:24,  5.85it/s, v_num=t-12, loss/train=3.660]Epoch 0:  30%|██▉       | 1856/6208 [05:17<12:23,  5.85it/s, v_num=t-12, loss/train=3.660]Epoch 0:  30%|██▉       | 1856/6208 [05:17<12:23,  5.85it/s, v_num=t-12, loss/train=2.930]Epoch 0:  30%|██▉       | 1857/6208 [05:17<12:23,  5.85it/s, v_num=t-12, loss/train=2.930]Epoch 0:  30%|██▉       | 1857/6208 [05:17<12:23,  5.85it/s, v_num=t-12, loss/train=3.360]Epoch 0:  30%|██▉       | 1858/6208 [05:17<12:23,  5.85it/s, v_num=t-12, loss/train=3.360]Epoch 0:  30%|██▉       | 1858/6208 [05:17<12:23,  5.85it/s, v_num=t-12, loss/train=2.310]Epoch 0:  30%|██▉       | 1859/6208 [05:17<12:23,  5.85it/s, v_num=t-12, loss/train=2.310]Epoch 0:  30%|██▉       | 1859/6208 [05:17<12:23,  5.85it/s, v_num=t-12, loss/train=2.080]Epoch 0:  30%|██▉       | 1860/6208 [05:17<12:23,  5.85it/s, v_num=t-12, loss/train=2.080]Epoch 0:  30%|██▉       | 1860/6208 [05:17<12:23,  5.85it/s, v_num=t-12, loss/train=2.650]Epoch 0:  30%|██▉       | 1861/6208 [05:18<12:22,  5.85it/s, v_num=t-12, loss/train=2.650]Epoch 0:  30%|██▉       | 1861/6208 [05:18<12:23,  5.85it/s, v_num=t-12, loss/train=3.370]Epoch 0:  30%|██▉       | 1862/6208 [05:18<12:22,  5.85it/s, v_num=t-12, loss/train=3.370]Epoch 0:  30%|██▉       | 1862/6208 [05:18<12:22,  5.85it/s, v_num=t-12, loss/train=3.460]Epoch 0:  30%|███       | 1863/6208 [05:18<12:22,  5.85it/s, v_num=t-12, loss/train=3.460]Epoch 0:  30%|███       | 1863/6208 [05:18<12:22,  5.85it/s, v_num=t-12, loss/train=2.530]Epoch 0:  30%|███       | 1864/6208 [05:18<12:22,  5.85it/s, v_num=t-12, loss/train=2.530]Epoch 0:  30%|███       | 1864/6208 [05:18<12:22,  5.85it/s, v_num=t-12, loss/train=2.420]Epoch 0:  30%|███       | 1865/6208 [05:18<12:22,  5.85it/s, v_num=t-12, loss/train=2.420]Epoch 0:  30%|███       | 1865/6208 [05:18<12:22,  5.85it/s, v_num=t-12, loss/train=3.330]Epoch 0:  30%|███       | 1866/6208 [05:19<12:22,  5.85it/s, v_num=t-12, loss/train=3.330]Epoch 0:  30%|███       | 1866/6208 [05:19<12:22,  5.85it/s, v_num=t-12, loss/train=2.750]Epoch 0:  30%|███       | 1867/6208 [05:19<12:22,  5.85it/s, v_num=t-12, loss/train=2.750]Epoch 0:  30%|███       | 1867/6208 [05:19<12:22,  5.85it/s, v_num=t-12, loss/train=2.310]Epoch 0:  30%|███       | 1868/6208 [05:19<12:21,  5.85it/s, v_num=t-12, loss/train=2.310]Epoch 0:  30%|███       | 1868/6208 [05:19<12:22,  5.85it/s, v_num=t-12, loss/train=2.590]Epoch 0:  30%|███       | 1869/6208 [05:19<12:21,  5.85it/s, v_num=t-12, loss/train=2.590]Epoch 0:  30%|███       | 1869/6208 [05:19<12:21,  5.85it/s, v_num=t-12, loss/train=2.720]Epoch 0:  30%|███       | 1870/6208 [05:19<12:21,  5.85it/s, v_num=t-12, loss/train=2.720]Epoch 0:  30%|███       | 1870/6208 [05:19<12:21,  5.85it/s, v_num=t-12, loss/train=1.900]Epoch 0:  30%|███       | 1871/6208 [05:19<12:21,  5.85it/s, v_num=t-12, loss/train=1.900]Epoch 0:  30%|███       | 1871/6208 [05:19<12:21,  5.85it/s, v_num=t-12, loss/train=2.270]Epoch 0:  30%|███       | 1872/6208 [05:19<12:21,  5.85it/s, v_num=t-12, loss/train=2.270]Epoch 0:  30%|███       | 1872/6208 [05:19<12:21,  5.85it/s, v_num=t-12, loss/train=2.090]Epoch 0:  30%|███       | 1873/6208 [05:20<12:20,  5.85it/s, v_num=t-12, loss/train=2.090]Epoch 0:  30%|███       | 1873/6208 [05:20<12:21,  5.85it/s, v_num=t-12, loss/train=2.310]Epoch 0:  30%|███       | 1874/6208 [05:20<12:20,  5.85it/s, v_num=t-12, loss/train=2.310]Epoch 0:  30%|███       | 1874/6208 [05:20<12:20,  5.85it/s, v_num=t-12, loss/train=2.610]Epoch 0:  30%|███       | 1875/6208 [05:20<12:20,  5.85it/s, v_num=t-12, loss/train=2.610]Epoch 0:  30%|███       | 1875/6208 [05:20<12:20,  5.85it/s, v_num=t-12, loss/train=2.520]Epoch 0:  30%|███       | 1876/6208 [05:20<12:20,  5.85it/s, v_num=t-12, loss/train=2.520]Epoch 0:  30%|███       | 1876/6208 [05:20<12:20,  5.85it/s, v_num=t-12, loss/train=2.770]Epoch 0:  30%|███       | 1877/6208 [05:20<12:20,  5.85it/s, v_num=t-12, loss/train=2.770]Epoch 0:  30%|███       | 1877/6208 [05:20<12:20,  5.85it/s, v_num=t-12, loss/train=2.990]Epoch 0:  30%|███       | 1878/6208 [05:20<12:19,  5.85it/s, v_num=t-12, loss/train=2.990]Epoch 0:  30%|███       | 1878/6208 [05:20<12:19,  5.85it/s, v_num=t-12, loss/train=3.150]Epoch 0:  30%|███       | 1879/6208 [05:21<12:19,  5.85it/s, v_num=t-12, loss/train=3.150]Epoch 0:  30%|███       | 1879/6208 [05:21<12:19,  5.85it/s, v_num=t-12, loss/train=2.690]Epoch 0:  30%|███       | 1880/6208 [05:21<12:19,  5.85it/s, v_num=t-12, loss/train=2.690]Epoch 0:  30%|███       | 1880/6208 [05:21<12:19,  5.85it/s, v_num=t-12, loss/train=1.910]Epoch 0:  30%|███       | 1881/6208 [05:21<12:19,  5.85it/s, v_num=t-12, loss/train=1.910]Epoch 0:  30%|███       | 1881/6208 [05:21<12:19,  5.85it/s, v_num=t-12, loss/train=2.890]Epoch 0:  30%|███       | 1882/6208 [05:21<12:19,  5.85it/s, v_num=t-12, loss/train=2.890]Epoch 0:  30%|███       | 1882/6208 [05:21<12:19,  5.85it/s, v_num=t-12, loss/train=3.070]Epoch 0:  30%|███       | 1883/6208 [05:21<12:18,  5.85it/s, v_num=t-12, loss/train=3.070]Epoch 0:  30%|███       | 1883/6208 [05:21<12:18,  5.85it/s, v_num=t-12, loss/train=2.370]Epoch 0:  30%|███       | 1884/6208 [05:21<12:18,  5.85it/s, v_num=t-12, loss/train=2.370]Epoch 0:  30%|███       | 1884/6208 [05:21<12:18,  5.85it/s, v_num=t-12, loss/train=2.500]Epoch 0:  30%|███       | 1885/6208 [05:21<12:18,  5.85it/s, v_num=t-12, loss/train=2.500]Epoch 0:  30%|███       | 1885/6208 [05:21<12:18,  5.85it/s, v_num=t-12, loss/train=2.680]Epoch 0:  30%|███       | 1886/6208 [05:22<12:18,  5.85it/s, v_num=t-12, loss/train=2.680]Epoch 0:  30%|███       | 1886/6208 [05:22<12:18,  5.85it/s, v_num=t-12, loss/train=2.070]Epoch 0:  30%|███       | 1887/6208 [05:22<12:18,  5.85it/s, v_num=t-12, loss/train=2.070]Epoch 0:  30%|███       | 1887/6208 [05:22<12:18,  5.85it/s, v_num=t-12, loss/train=2.830]Epoch 0:  30%|███       | 1888/6208 [05:22<12:17,  5.85it/s, v_num=t-12, loss/train=2.830]Epoch 0:  30%|███       | 1888/6208 [05:22<12:17,  5.85it/s, v_num=t-12, loss/train=2.980]Epoch 0:  30%|███       | 1889/6208 [05:22<12:17,  5.86it/s, v_num=t-12, loss/train=2.980]Epoch 0:  30%|███       | 1889/6208 [05:22<12:17,  5.86it/s, v_num=t-12, loss/train=1.850]Epoch 0:  30%|███       | 1890/6208 [05:22<12:17,  5.86it/s, v_num=t-12, loss/train=1.850]Epoch 0:  30%|███       | 1890/6208 [05:22<12:17,  5.86it/s, v_num=t-12, loss/train=2.730]Epoch 0:  30%|███       | 1891/6208 [05:22<12:17,  5.86it/s, v_num=t-12, loss/train=2.730]Epoch 0:  30%|███       | 1891/6208 [05:22<12:17,  5.86it/s, v_num=t-12, loss/train=2.730]Epoch 0:  30%|███       | 1892/6208 [05:23<12:16,  5.86it/s, v_num=t-12, loss/train=2.730]Epoch 0:  30%|███       | 1892/6208 [05:23<12:17,  5.86it/s, v_num=t-12, loss/train=2.600]Epoch 0:  30%|███       | 1893/6208 [05:23<12:16,  5.86it/s, v_num=t-12, loss/train=2.600]Epoch 0:  30%|███       | 1893/6208 [05:23<12:16,  5.86it/s, v_num=t-12, loss/train=2.990]Epoch 0:  31%|███       | 1894/6208 [05:23<12:16,  5.86it/s, v_num=t-12, loss/train=2.990]Epoch 0:  31%|███       | 1894/6208 [05:23<12:16,  5.86it/s, v_num=t-12, loss/train=1.920]Epoch 0:  31%|███       | 1895/6208 [05:23<12:16,  5.86it/s, v_num=t-12, loss/train=1.920]Epoch 0:  31%|███       | 1895/6208 [05:23<12:16,  5.86it/s, v_num=t-12, loss/train=3.530]Epoch 0:  31%|███       | 1896/6208 [05:23<12:16,  5.86it/s, v_num=t-12, loss/train=3.530]Epoch 0:  31%|███       | 1896/6208 [05:23<12:16,  5.86it/s, v_num=t-12, loss/train=2.300]Epoch 0:  31%|███       | 1897/6208 [05:23<12:15,  5.86it/s, v_num=t-12, loss/train=2.300]Epoch 0:  31%|███       | 1897/6208 [05:23<12:16,  5.86it/s, v_num=t-12, loss/train=2.900]Epoch 0:  31%|███       | 1898/6208 [05:24<12:15,  5.86it/s, v_num=t-12, loss/train=2.900]Epoch 0:  31%|███       | 1898/6208 [05:24<12:15,  5.86it/s, v_num=t-12, loss/train=2.850]Epoch 0:  31%|███       | 1899/6208 [05:24<12:15,  5.86it/s, v_num=t-12, loss/train=2.850]Epoch 0:  31%|███       | 1899/6208 [05:24<12:15,  5.86it/s, v_num=t-12, loss/train=2.460]Epoch 0:  31%|███       | 1900/6208 [05:24<12:15,  5.86it/s, v_num=t-12, loss/train=2.460]Epoch 0:  31%|███       | 1900/6208 [05:24<12:15,  5.86it/s, v_num=t-12, loss/train=2.400]Epoch 0:  31%|███       | 1901/6208 [05:24<12:15,  5.86it/s, v_num=t-12, loss/train=2.400]Epoch 0:  31%|███       | 1901/6208 [05:24<12:15,  5.86it/s, v_num=t-12, loss/train=2.530]Epoch 0:  31%|███       | 1902/6208 [05:24<12:15,  5.86it/s, v_num=t-12, loss/train=2.530]Epoch 0:  31%|███       | 1902/6208 [05:24<12:15,  5.86it/s, v_num=t-12, loss/train=2.100]Epoch 0:  31%|███       | 1903/6208 [05:24<12:14,  5.86it/s, v_num=t-12, loss/train=2.100]Epoch 0:  31%|███       | 1903/6208 [05:24<12:14,  5.86it/s, v_num=t-12, loss/train=3.270]Epoch 0:  31%|███       | 1904/6208 [05:24<12:14,  5.86it/s, v_num=t-12, loss/train=3.270]Epoch 0:  31%|███       | 1904/6208 [05:25<12:14,  5.86it/s, v_num=t-12, loss/train=2.730]Epoch 0:  31%|███       | 1905/6208 [05:25<12:14,  5.86it/s, v_num=t-12, loss/train=2.730]Epoch 0:  31%|███       | 1905/6208 [05:25<12:14,  5.86it/s, v_num=t-12, loss/train=2.610]Epoch 0:  31%|███       | 1906/6208 [05:25<12:14,  5.86it/s, v_num=t-12, loss/train=2.610]Epoch 0:  31%|███       | 1906/6208 [05:25<12:14,  5.86it/s, v_num=t-12, loss/train=2.760]Epoch 0:  31%|███       | 1907/6208 [05:25<12:14,  5.86it/s, v_num=t-12, loss/train=2.760]Epoch 0:  31%|███       | 1907/6208 [05:25<12:14,  5.86it/s, v_num=t-12, loss/train=3.110]Epoch 0:  31%|███       | 1908/6208 [05:25<12:13,  5.86it/s, v_num=t-12, loss/train=3.110]Epoch 0:  31%|███       | 1908/6208 [05:25<12:13,  5.86it/s, v_num=t-12, loss/train=3.720]Epoch 0:  31%|███       | 1909/6208 [05:25<12:13,  5.86it/s, v_num=t-12, loss/train=3.720]Epoch 0:  31%|███       | 1909/6208 [05:25<12:13,  5.86it/s, v_num=t-12, loss/train=3.350]Epoch 0:  31%|███       | 1910/6208 [05:25<12:13,  5.86it/s, v_num=t-12, loss/train=3.350]Epoch 0:  31%|███       | 1910/6208 [05:26<12:13,  5.86it/s, v_num=t-12, loss/train=2.710]Epoch 0:  31%|███       | 1911/6208 [05:26<12:13,  5.86it/s, v_num=t-12, loss/train=2.710]Epoch 0:  31%|███       | 1911/6208 [05:26<12:13,  5.86it/s, v_num=t-12, loss/train=2.540]Epoch 0:  31%|███       | 1912/6208 [05:26<12:13,  5.86it/s, v_num=t-12, loss/train=2.540]Epoch 0:  31%|███       | 1912/6208 [05:26<12:13,  5.86it/s, v_num=t-12, loss/train=2.630]Epoch 0:  31%|███       | 1913/6208 [05:26<12:12,  5.86it/s, v_num=t-12, loss/train=2.630]Epoch 0:  31%|███       | 1913/6208 [05:26<12:12,  5.86it/s, v_num=t-12, loss/train=4.180]Epoch 0:  31%|███       | 1914/6208 [05:26<12:12,  5.86it/s, v_num=t-12, loss/train=4.180]Epoch 0:  31%|███       | 1914/6208 [05:26<12:12,  5.86it/s, v_num=t-12, loss/train=1.860]Epoch 0:  31%|███       | 1915/6208 [05:26<12:12,  5.86it/s, v_num=t-12, loss/train=1.860]Epoch 0:  31%|███       | 1915/6208 [05:26<12:12,  5.86it/s, v_num=t-12, loss/train=2.430]Epoch 0:  31%|███       | 1916/6208 [05:26<12:12,  5.86it/s, v_num=t-12, loss/train=2.430]Epoch 0:  31%|███       | 1916/6208 [05:26<12:12,  5.86it/s, v_num=t-12, loss/train=1.920]Epoch 0:  31%|███       | 1917/6208 [05:27<12:12,  5.86it/s, v_num=t-12, loss/train=1.920]Epoch 0:  31%|███       | 1917/6208 [05:27<12:12,  5.86it/s, v_num=t-12, loss/train=3.270]Epoch 0:  31%|███       | 1918/6208 [05:27<12:11,  5.86it/s, v_num=t-12, loss/train=3.270]Epoch 0:  31%|███       | 1918/6208 [05:27<12:11,  5.86it/s, v_num=t-12, loss/train=2.220]Epoch 0:  31%|███       | 1919/6208 [05:27<12:11,  5.86it/s, v_num=t-12, loss/train=2.220]Epoch 0:  31%|███       | 1919/6208 [05:27<12:11,  5.86it/s, v_num=t-12, loss/train=2.900]Epoch 0:  31%|███       | 1920/6208 [05:27<12:11,  5.86it/s, v_num=t-12, loss/train=2.900]Epoch 0:  31%|███       | 1920/6208 [05:27<12:11,  5.86it/s, v_num=t-12, loss/train=2.330]Epoch 0:  31%|███       | 1921/6208 [05:27<12:11,  5.86it/s, v_num=t-12, loss/train=2.330]Epoch 0:  31%|███       | 1921/6208 [05:27<12:11,  5.86it/s, v_num=t-12, loss/train=2.700]Epoch 0:  31%|███       | 1922/6208 [05:27<12:11,  5.86it/s, v_num=t-12, loss/train=2.700]Epoch 0:  31%|███       | 1922/6208 [05:27<12:11,  5.86it/s, v_num=t-12, loss/train=2.940]Epoch 0:  31%|███       | 1923/6208 [05:28<12:11,  5.86it/s, v_num=t-12, loss/train=2.940]Epoch 0:  31%|███       | 1923/6208 [05:28<12:11,  5.86it/s, v_num=t-12, loss/train=2.880]Epoch 0:  31%|███       | 1924/6208 [05:28<12:10,  5.86it/s, v_num=t-12, loss/train=2.880]Epoch 0:  31%|███       | 1924/6208 [05:28<12:10,  5.86it/s, v_num=t-12, loss/train=2.730]Epoch 0:  31%|███       | 1925/6208 [05:28<12:10,  5.86it/s, v_num=t-12, loss/train=2.730]Epoch 0:  31%|███       | 1925/6208 [05:28<12:10,  5.86it/s, v_num=t-12, loss/train=2.290]Epoch 0:  31%|███       | 1926/6208 [05:28<12:10,  5.86it/s, v_num=t-12, loss/train=2.290]Epoch 0:  31%|███       | 1926/6208 [05:28<12:10,  5.86it/s, v_num=t-12, loss/train=3.470]Epoch 0:  31%|███       | 1927/6208 [05:28<12:10,  5.86it/s, v_num=t-12, loss/train=3.470]Epoch 0:  31%|███       | 1927/6208 [05:28<12:10,  5.86it/s, v_num=t-12, loss/train=2.940]Epoch 0:  31%|███       | 1928/6208 [05:29<12:10,  5.86it/s, v_num=t-12, loss/train=2.940]Epoch 0:  31%|███       | 1928/6208 [05:29<12:10,  5.86it/s, v_num=t-12, loss/train=2.770]Epoch 0:  31%|███       | 1929/6208 [05:29<12:10,  5.86it/s, v_num=t-12, loss/train=2.770]Epoch 0:  31%|███       | 1929/6208 [05:29<12:10,  5.86it/s, v_num=t-12, loss/train=2.340]Epoch 0:  31%|███       | 1930/6208 [05:29<12:10,  5.86it/s, v_num=t-12, loss/train=2.340]Epoch 0:  31%|███       | 1930/6208 [05:29<12:10,  5.86it/s, v_num=t-12, loss/train=3.200]Epoch 0:  31%|███       | 1931/6208 [05:29<12:09,  5.86it/s, v_num=t-12, loss/train=3.200]Epoch 0:  31%|███       | 1931/6208 [05:29<12:09,  5.86it/s, v_num=t-12, loss/train=2.530]Epoch 0:  31%|███       | 1932/6208 [05:29<12:09,  5.86it/s, v_num=t-12, loss/train=2.530]Epoch 0:  31%|███       | 1932/6208 [05:29<12:09,  5.86it/s, v_num=t-12, loss/train=3.080]Epoch 0:  31%|███       | 1933/6208 [05:29<12:09,  5.86it/s, v_num=t-12, loss/train=3.080]Epoch 0:  31%|███       | 1933/6208 [05:29<12:09,  5.86it/s, v_num=t-12, loss/train=2.030]Epoch 0:  31%|███       | 1934/6208 [05:30<12:09,  5.86it/s, v_num=t-12, loss/train=2.030]Epoch 0:  31%|███       | 1934/6208 [05:30<12:09,  5.86it/s, v_num=t-12, loss/train=2.180]Epoch 0:  31%|███       | 1935/6208 [05:30<12:09,  5.86it/s, v_num=t-12, loss/train=2.180]Epoch 0:  31%|███       | 1935/6208 [05:30<12:09,  5.86it/s, v_num=t-12, loss/train=3.290]Epoch 0:  31%|███       | 1936/6208 [05:30<12:08,  5.86it/s, v_num=t-12, loss/train=3.290]Epoch 0:  31%|███       | 1936/6208 [05:30<12:08,  5.86it/s, v_num=t-12, loss/train=2.250]Epoch 0:  31%|███       | 1937/6208 [05:30<12:08,  5.86it/s, v_num=t-12, loss/train=2.250]Epoch 0:  31%|███       | 1937/6208 [05:30<12:08,  5.86it/s, v_num=t-12, loss/train=2.460]Epoch 0:  31%|███       | 1938/6208 [05:30<12:08,  5.86it/s, v_num=t-12, loss/train=2.460]Epoch 0:  31%|███       | 1938/6208 [05:30<12:08,  5.86it/s, v_num=t-12, loss/train=2.850]Epoch 0:  31%|███       | 1939/6208 [05:30<12:08,  5.86it/s, v_num=t-12, loss/train=2.850]Epoch 0:  31%|███       | 1939/6208 [05:30<12:08,  5.86it/s, v_num=t-12, loss/train=3.030]Epoch 0:  31%|███▏      | 1940/6208 [05:30<12:08,  5.86it/s, v_num=t-12, loss/train=3.030]Epoch 0:  31%|███▏      | 1940/6208 [05:30<12:08,  5.86it/s, v_num=t-12, loss/train=2.180]Epoch 0:  31%|███▏      | 1941/6208 [05:31<12:07,  5.86it/s, v_num=t-12, loss/train=2.180]Epoch 0:  31%|███▏      | 1941/6208 [05:31<12:07,  5.86it/s, v_num=t-12, loss/train=1.960]Epoch 0:  31%|███▏      | 1942/6208 [05:31<12:07,  5.86it/s, v_num=t-12, loss/train=1.960]Epoch 0:  31%|███▏      | 1942/6208 [05:31<12:07,  5.86it/s, v_num=t-12, loss/train=3.000]Epoch 0:  31%|███▏      | 1943/6208 [05:31<12:07,  5.86it/s, v_num=t-12, loss/train=3.000]Epoch 0:  31%|███▏      | 1943/6208 [05:31<12:07,  5.86it/s, v_num=t-12, loss/train=2.730]Epoch 0:  31%|███▏      | 1944/6208 [05:31<12:07,  5.86it/s, v_num=t-12, loss/train=2.730]Epoch 0:  31%|███▏      | 1944/6208 [05:31<12:07,  5.86it/s, v_num=t-12, loss/train=3.270]Epoch 0:  31%|███▏      | 1945/6208 [05:31<12:07,  5.86it/s, v_num=t-12, loss/train=3.270]Epoch 0:  31%|███▏      | 1945/6208 [05:31<12:07,  5.86it/s, v_num=t-12, loss/train=2.900]Epoch 0:  31%|███▏      | 1946/6208 [05:31<12:06,  5.86it/s, v_num=t-12, loss/train=2.900]Epoch 0:  31%|███▏      | 1946/6208 [05:31<12:06,  5.86it/s, v_num=t-12, loss/train=2.540]Epoch 0:  31%|███▏      | 1947/6208 [05:32<12:06,  5.86it/s, v_num=t-12, loss/train=2.540]Epoch 0:  31%|███▏      | 1947/6208 [05:32<12:06,  5.86it/s, v_num=t-12, loss/train=1.870]Epoch 0:  31%|███▏      | 1948/6208 [05:32<12:06,  5.86it/s, v_num=t-12, loss/train=1.870]Epoch 0:  31%|███▏      | 1948/6208 [05:32<12:06,  5.86it/s, v_num=t-12, loss/train=2.430]Epoch 0:  31%|███▏      | 1949/6208 [05:32<12:06,  5.86it/s, v_num=t-12, loss/train=2.430]Epoch 0:  31%|███▏      | 1949/6208 [05:32<12:06,  5.86it/s, v_num=t-12, loss/train=2.760]Epoch 0:  31%|███▏      | 1950/6208 [05:32<12:06,  5.86it/s, v_num=t-12, loss/train=2.760]Epoch 0:  31%|███▏      | 1950/6208 [05:32<12:06,  5.86it/s, v_num=t-12, loss/train=2.630]Epoch 0:  31%|███▏      | 1951/6208 [05:32<12:05,  5.86it/s, v_num=t-12, loss/train=2.630]Epoch 0:  31%|███▏      | 1951/6208 [05:32<12:06,  5.86it/s, v_num=t-12, loss/train=2.890]Epoch 0:  31%|███▏      | 1952/6208 [05:32<12:05,  5.86it/s, v_num=t-12, loss/train=2.890]Epoch 0:  31%|███▏      | 1952/6208 [05:32<12:05,  5.86it/s, v_num=t-12, loss/train=2.740]Epoch 0:  31%|███▏      | 1953/6208 [05:33<12:05,  5.86it/s, v_num=t-12, loss/train=2.740]Epoch 0:  31%|███▏      | 1953/6208 [05:33<12:05,  5.86it/s, v_num=t-12, loss/train=2.540]Epoch 0:  31%|███▏      | 1954/6208 [05:33<12:05,  5.86it/s, v_num=t-12, loss/train=2.540]Epoch 0:  31%|███▏      | 1954/6208 [05:33<12:05,  5.86it/s, v_num=t-12, loss/train=3.730]Epoch 0:  31%|███▏      | 1955/6208 [05:33<12:05,  5.86it/s, v_num=t-12, loss/train=3.730]Epoch 0:  31%|███▏      | 1955/6208 [05:33<12:05,  5.86it/s, v_num=t-12, loss/train=2.550]Epoch 0:  32%|███▏      | 1956/6208 [05:33<12:05,  5.86it/s, v_num=t-12, loss/train=2.550]Epoch 0:  32%|███▏      | 1956/6208 [05:33<12:05,  5.86it/s, v_num=t-12, loss/train=2.560]Epoch 0:  32%|███▏      | 1957/6208 [05:33<12:04,  5.87it/s, v_num=t-12, loss/train=2.560]Epoch 0:  32%|███▏      | 1957/6208 [05:33<12:04,  5.86it/s, v_num=t-12, loss/train=2.580]Epoch 0:  32%|███▏      | 1958/6208 [05:33<12:04,  5.86it/s, v_num=t-12, loss/train=2.580]Epoch 0:  32%|███▏      | 1958/6208 [05:33<12:04,  5.86it/s, v_num=t-12, loss/train=2.580]Epoch 0:  32%|███▏      | 1959/6208 [05:33<12:04,  5.87it/s, v_num=t-12, loss/train=2.580]Epoch 0:  32%|███▏      | 1959/6208 [05:34<12:04,  5.86it/s, v_num=t-12, loss/train=2.720]Epoch 0:  32%|███▏      | 1960/6208 [05:34<12:04,  5.87it/s, v_num=t-12, loss/train=2.720]Epoch 0:  32%|███▏      | 1960/6208 [05:34<12:04,  5.87it/s, v_num=t-12, loss/train=2.520]Epoch 0:  32%|███▏      | 1961/6208 [05:34<12:04,  5.87it/s, v_num=t-12, loss/train=2.520]Epoch 0:  32%|███▏      | 1961/6208 [05:34<12:04,  5.87it/s, v_num=t-12, loss/train=2.180]Epoch 0:  32%|███▏      | 1962/6208 [05:34<12:03,  5.87it/s, v_num=t-12, loss/train=2.180]Epoch 0:  32%|███▏      | 1962/6208 [05:34<12:03,  5.87it/s, v_num=t-12, loss/train=2.670]Epoch 0:  32%|███▏      | 1963/6208 [05:34<12:03,  5.87it/s, v_num=t-12, loss/train=2.670]Epoch 0:  32%|███▏      | 1963/6208 [05:34<12:03,  5.87it/s, v_num=t-12, loss/train=3.330]Epoch 0:  32%|███▏      | 1964/6208 [05:34<12:03,  5.87it/s, v_num=t-12, loss/train=3.330]Epoch 0:  32%|███▏      | 1964/6208 [05:34<12:03,  5.87it/s, v_num=t-12, loss/train=2.460]Epoch 0:  32%|███▏      | 1965/6208 [05:34<12:03,  5.87it/s, v_num=t-12, loss/train=2.460]Epoch 0:  32%|███▏      | 1965/6208 [05:35<12:03,  5.87it/s, v_num=t-12, loss/train=2.500]Epoch 0:  32%|███▏      | 1966/6208 [05:35<12:03,  5.87it/s, v_num=t-12, loss/train=2.500]Epoch 0:  32%|███▏      | 1966/6208 [05:35<12:03,  5.87it/s, v_num=t-12, loss/train=2.360]Epoch 0:  32%|███▏      | 1967/6208 [05:35<12:02,  5.87it/s, v_num=t-12, loss/train=2.360]Epoch 0:  32%|███▏      | 1967/6208 [05:35<12:02,  5.87it/s, v_num=t-12, loss/train=2.740]Epoch 0:  32%|███▏      | 1968/6208 [05:35<12:02,  5.87it/s, v_num=t-12, loss/train=2.740]Epoch 0:  32%|███▏      | 1968/6208 [05:35<12:02,  5.87it/s, v_num=t-12, loss/train=2.200]Epoch 0:  32%|███▏      | 1969/6208 [05:35<12:02,  5.87it/s, v_num=t-12, loss/train=2.200]Epoch 0:  32%|███▏      | 1969/6208 [05:35<12:02,  5.87it/s, v_num=t-12, loss/train=2.530]Epoch 0:  32%|███▏      | 1970/6208 [05:35<12:02,  5.87it/s, v_num=t-12, loss/train=2.530]Epoch 0:  32%|███▏      | 1970/6208 [05:35<12:02,  5.87it/s, v_num=t-12, loss/train=1.870]Epoch 0:  32%|███▏      | 1971/6208 [05:35<12:02,  5.87it/s, v_num=t-12, loss/train=1.870]Epoch 0:  32%|███▏      | 1971/6208 [05:35<12:02,  5.87it/s, v_num=t-12, loss/train=2.270]Epoch 0:  32%|███▏      | 1972/6208 [05:36<12:02,  5.87it/s, v_num=t-12, loss/train=2.270]Epoch 0:  32%|███▏      | 1972/6208 [05:36<12:02,  5.87it/s, v_num=t-12, loss/train=2.790]Epoch 0:  32%|███▏      | 1973/6208 [05:36<12:01,  5.87it/s, v_num=t-12, loss/train=2.790]Epoch 0:  32%|███▏      | 1973/6208 [05:36<12:01,  5.87it/s, v_num=t-12, loss/train=2.530]Epoch 0:  32%|███▏      | 1974/6208 [05:36<12:01,  5.87it/s, v_num=t-12, loss/train=2.530]Epoch 0:  32%|███▏      | 1974/6208 [05:36<12:01,  5.87it/s, v_num=t-12, loss/train=2.630]Epoch 0:  32%|███▏      | 1975/6208 [05:36<12:01,  5.87it/s, v_num=t-12, loss/train=2.630]Epoch 0:  32%|███▏      | 1975/6208 [05:36<12:01,  5.87it/s, v_num=t-12, loss/train=2.230]Epoch 0:  32%|███▏      | 1976/6208 [05:36<12:01,  5.87it/s, v_num=t-12, loss/train=2.230]Epoch 0:  32%|███▏      | 1976/6208 [05:36<12:01,  5.87it/s, v_num=t-12, loss/train=1.750]Epoch 0:  32%|███▏      | 1977/6208 [05:36<12:01,  5.87it/s, v_num=t-12, loss/train=1.750]Epoch 0:  32%|███▏      | 1977/6208 [05:36<12:01,  5.87it/s, v_num=t-12, loss/train=2.420]Epoch 0:  32%|███▏      | 1978/6208 [05:37<12:00,  5.87it/s, v_num=t-12, loss/train=2.420]Epoch 0:  32%|███▏      | 1978/6208 [05:37<12:00,  5.87it/s, v_num=t-12, loss/train=3.260]Epoch 0:  32%|███▏      | 1979/6208 [05:37<12:00,  5.87it/s, v_num=t-12, loss/train=3.260]Epoch 0:  32%|███▏      | 1979/6208 [05:37<12:00,  5.87it/s, v_num=t-12, loss/train=2.300]Epoch 0:  32%|███▏      | 1980/6208 [05:37<12:00,  5.87it/s, v_num=t-12, loss/train=2.300]Epoch 0:  32%|███▏      | 1980/6208 [05:37<12:00,  5.87it/s, v_num=t-12, loss/train=2.690]Epoch 0:  32%|███▏      | 1981/6208 [05:37<12:00,  5.87it/s, v_num=t-12, loss/train=2.690]Epoch 0:  32%|███▏      | 1981/6208 [05:37<12:00,  5.87it/s, v_num=t-12, loss/train=1.780]Epoch 0:  32%|███▏      | 1982/6208 [05:37<12:00,  5.87it/s, v_num=t-12, loss/train=1.780]Epoch 0:  32%|███▏      | 1982/6208 [05:37<12:00,  5.87it/s, v_num=t-12, loss/train=3.410]Epoch 0:  32%|███▏      | 1983/6208 [05:37<11:59,  5.87it/s, v_num=t-12, loss/train=3.410]Epoch 0:  32%|███▏      | 1983/6208 [05:37<12:00,  5.87it/s, v_num=t-12, loss/train=1.800]Epoch 0:  32%|███▏      | 1984/6208 [05:38<11:59,  5.87it/s, v_num=t-12, loss/train=1.800]Epoch 0:  32%|███▏      | 1984/6208 [05:38<11:59,  5.87it/s, v_num=t-12, loss/train=2.830]Epoch 0:  32%|███▏      | 1985/6208 [05:38<11:59,  5.87it/s, v_num=t-12, loss/train=2.830]Epoch 0:  32%|███▏      | 1985/6208 [05:38<11:59,  5.87it/s, v_num=t-12, loss/train=1.570]Epoch 0:  32%|███▏      | 1986/6208 [05:38<11:59,  5.87it/s, v_num=t-12, loss/train=1.570]Epoch 0:  32%|███▏      | 1986/6208 [05:38<11:59,  5.87it/s, v_num=t-12, loss/train=2.750]Epoch 0:  32%|███▏      | 1987/6208 [05:38<11:59,  5.87it/s, v_num=t-12, loss/train=2.750]Epoch 0:  32%|███▏      | 1987/6208 [05:38<11:59,  5.87it/s, v_num=t-12, loss/train=2.250]Epoch 0:  32%|███▏      | 1988/6208 [05:38<11:58,  5.87it/s, v_num=t-12, loss/train=2.250]Epoch 0:  32%|███▏      | 1988/6208 [05:38<11:58,  5.87it/s, v_num=t-12, loss/train=2.360]Epoch 0:  32%|███▏      | 1989/6208 [05:38<11:58,  5.87it/s, v_num=t-12, loss/train=2.360]Epoch 0:  32%|███▏      | 1989/6208 [05:38<11:58,  5.87it/s, v_num=t-12, loss/train=2.110]Epoch 0:  32%|███▏      | 1990/6208 [05:39<11:58,  5.87it/s, v_num=t-12, loss/train=2.110]Epoch 0:  32%|███▏      | 1990/6208 [05:39<11:58,  5.87it/s, v_num=t-12, loss/train=1.460]Epoch 0:  32%|███▏      | 1991/6208 [05:39<11:58,  5.87it/s, v_num=t-12, loss/train=1.460]Epoch 0:  32%|███▏      | 1991/6208 [05:39<11:58,  5.87it/s, v_num=t-12, loss/train=2.360]Epoch 0:  32%|███▏      | 1992/6208 [05:39<11:58,  5.87it/s, v_num=t-12, loss/train=2.360]Epoch 0:  32%|███▏      | 1992/6208 [05:39<11:58,  5.87it/s, v_num=t-12, loss/train=3.210]Epoch 0:  32%|███▏      | 1993/6208 [05:39<11:58,  5.87it/s, v_num=t-12, loss/train=3.210]Epoch 0:  32%|███▏      | 1993/6208 [05:39<11:58,  5.87it/s, v_num=t-12, loss/train=2.200]Epoch 0:  32%|███▏      | 1994/6208 [05:39<11:57,  5.87it/s, v_num=t-12, loss/train=2.200]Epoch 0:  32%|███▏      | 1994/6208 [05:39<11:57,  5.87it/s, v_num=t-12, loss/train=2.590]Epoch 0:  32%|███▏      | 1995/6208 [05:39<11:57,  5.87it/s, v_num=t-12, loss/train=2.590]Epoch 0:  32%|███▏      | 1995/6208 [05:39<11:57,  5.87it/s, v_num=t-12, loss/train=2.620]Epoch 0:  32%|███▏      | 1996/6208 [05:40<11:57,  5.87it/s, v_num=t-12, loss/train=2.620]Epoch 0:  32%|███▏      | 1996/6208 [05:40<11:57,  5.87it/s, v_num=t-12, loss/train=3.130]Epoch 0:  32%|███▏      | 1997/6208 [05:40<11:57,  5.87it/s, v_num=t-12, loss/train=3.130]Epoch 0:  32%|███▏      | 1997/6208 [05:40<11:57,  5.87it/s, v_num=t-12, loss/train=2.270]Epoch 0:  32%|███▏      | 1998/6208 [05:40<11:57,  5.87it/s, v_num=t-12, loss/train=2.270]Epoch 0:  32%|███▏      | 1998/6208 [05:40<11:57,  5.87it/s, v_num=t-12, loss/train=3.150]Epoch 0:  32%|███▏      | 1999/6208 [05:40<11:56,  5.87it/s, v_num=t-12, loss/train=3.150]Epoch 0:  32%|███▏      | 1999/6208 [05:40<11:56,  5.87it/s, v_num=t-12, loss/train=2.270]Epoch 0:  32%|███▏      | 2000/6208 [05:40<11:56,  5.87it/s, v_num=t-12, loss/train=2.270]Epoch 0:  32%|███▏      | 2000/6208 [05:40<11:56,  5.87it/s, v_num=t-12, loss/train=3.370]Epoch 0:  32%|███▏      | 2001/6208 [05:40<11:56,  5.87it/s, v_num=t-12, loss/train=3.370]Epoch 0:  32%|███▏      | 2001/6208 [05:40<11:56,  5.87it/s, v_num=t-12, loss/train=2.340]Epoch 0:  32%|███▏      | 2002/6208 [05:40<11:56,  5.87it/s, v_num=t-12, loss/train=2.340]Epoch 0:  32%|███▏      | 2002/6208 [05:40<11:56,  5.87it/s, v_num=t-12, loss/train=3.290]Epoch 0:  32%|███▏      | 2003/6208 [05:41<11:56,  5.87it/s, v_num=t-12, loss/train=3.290]Epoch 0:  32%|███▏      | 2003/6208 [05:41<11:56,  5.87it/s, v_num=t-12, loss/train=2.200]Epoch 0:  32%|███▏      | 2004/6208 [05:41<11:56,  5.87it/s, v_num=t-12, loss/train=2.200]Epoch 0:  32%|███▏      | 2004/6208 [05:41<11:56,  5.87it/s, v_num=t-12, loss/train=2.230]Epoch 0:  32%|███▏      | 2005/6208 [05:41<11:55,  5.87it/s, v_num=t-12, loss/train=2.230]Epoch 0:  32%|███▏      | 2005/6208 [05:41<11:55,  5.87it/s, v_num=t-12, loss/train=1.980]Epoch 0:  32%|███▏      | 2006/6208 [05:41<11:55,  5.87it/s, v_num=t-12, loss/train=1.980]Epoch 0:  32%|███▏      | 2006/6208 [05:41<11:55,  5.87it/s, v_num=t-12, loss/train=2.480]Epoch 0:  32%|███▏      | 2007/6208 [05:41<11:55,  5.87it/s, v_num=t-12, loss/train=2.480]Epoch 0:  32%|███▏      | 2007/6208 [05:41<11:55,  5.87it/s, v_num=t-12, loss/train=2.710]Epoch 0:  32%|███▏      | 2008/6208 [05:41<11:55,  5.87it/s, v_num=t-12, loss/train=2.710]Epoch 0:  32%|███▏      | 2008/6208 [05:41<11:55,  5.87it/s, v_num=t-12, loss/train=2.560]Epoch 0:  32%|███▏      | 2009/6208 [05:42<11:55,  5.87it/s, v_num=t-12, loss/train=2.560]Epoch 0:  32%|███▏      | 2009/6208 [05:42<11:55,  5.87it/s, v_num=t-12, loss/train=2.480]Epoch 0:  32%|███▏      | 2010/6208 [05:42<11:55,  5.87it/s, v_num=t-12, loss/train=2.480]Epoch 0:  32%|███▏      | 2010/6208 [05:42<11:55,  5.87it/s, v_num=t-12, loss/train=2.310]Epoch 0:  32%|███▏      | 2011/6208 [05:42<11:55,  5.87it/s, v_num=t-12, loss/train=2.310]Epoch 0:  32%|███▏      | 2011/6208 [05:42<11:55,  5.87it/s, v_num=t-12, loss/train=2.590]Epoch 0:  32%|███▏      | 2012/6208 [05:42<11:54,  5.87it/s, v_num=t-12, loss/train=2.590]Epoch 0:  32%|███▏      | 2012/6208 [05:42<11:54,  5.87it/s, v_num=t-12, loss/train=2.100]Epoch 0:  32%|███▏      | 2013/6208 [05:42<11:54,  5.87it/s, v_num=t-12, loss/train=2.100]Epoch 0:  32%|███▏      | 2013/6208 [05:42<11:54,  5.87it/s, v_num=t-12, loss/train=2.530]Epoch 0:  32%|███▏      | 2014/6208 [05:43<11:54,  5.87it/s, v_num=t-12, loss/train=2.530]Epoch 0:  32%|███▏      | 2014/6208 [05:43<11:54,  5.87it/s, v_num=t-12, loss/train=1.950]Epoch 0:  32%|███▏      | 2015/6208 [05:43<11:54,  5.87it/s, v_num=t-12, loss/train=1.950]Epoch 0:  32%|███▏      | 2015/6208 [05:43<11:54,  5.87it/s, v_num=t-12, loss/train=1.970]Epoch 0:  32%|███▏      | 2016/6208 [05:43<11:54,  5.87it/s, v_num=t-12, loss/train=1.970]Epoch 0:  32%|███▏      | 2016/6208 [05:43<11:54,  5.87it/s, v_num=t-12, loss/train=2.450]Epoch 0:  32%|███▏      | 2017/6208 [05:43<11:54,  5.87it/s, v_num=t-12, loss/train=2.450]Epoch 0:  32%|███▏      | 2017/6208 [05:43<11:54,  5.87it/s, v_num=t-12, loss/train=2.240]Epoch 0:  33%|███▎      | 2018/6208 [05:43<11:54,  5.87it/s, v_num=t-12, loss/train=2.240]Epoch 0:  33%|███▎      | 2018/6208 [05:43<11:54,  5.87it/s, v_num=t-12, loss/train=1.840]Epoch 0:  33%|███▎      | 2019/6208 [05:44<11:53,  5.87it/s, v_num=t-12, loss/train=1.840]Epoch 0:  33%|███▎      | 2019/6208 [05:44<11:53,  5.87it/s, v_num=t-12, loss/train=2.270]Epoch 0:  33%|███▎      | 2020/6208 [05:44<11:53,  5.87it/s, v_num=t-12, loss/train=2.270]Epoch 0:  33%|███▎      | 2020/6208 [05:44<11:53,  5.87it/s, v_num=t-12, loss/train=3.050]Epoch 0:  33%|███▎      | 2021/6208 [05:44<11:53,  5.87it/s, v_num=t-12, loss/train=3.050]Epoch 0:  33%|███▎      | 2021/6208 [05:44<11:53,  5.87it/s, v_num=t-12, loss/train=2.290]Epoch 0:  33%|███▎      | 2022/6208 [05:44<11:53,  5.87it/s, v_num=t-12, loss/train=2.290]Epoch 0:  33%|███▎      | 2022/6208 [05:44<11:53,  5.87it/s, v_num=t-12, loss/train=2.390]Epoch 0:  33%|███▎      | 2023/6208 [05:44<11:53,  5.87it/s, v_num=t-12, loss/train=2.390]Epoch 0:  33%|███▎      | 2023/6208 [05:44<11:53,  5.87it/s, v_num=t-12, loss/train=2.520]Epoch 0:  33%|███▎      | 2024/6208 [05:44<11:52,  5.87it/s, v_num=t-12, loss/train=2.520]Epoch 0:  33%|███▎      | 2024/6208 [05:44<11:52,  5.87it/s, v_num=t-12, loss/train=2.050]Epoch 0:  33%|███▎      | 2025/6208 [05:45<11:52,  5.87it/s, v_num=t-12, loss/train=2.050]Epoch 0:  33%|███▎      | 2025/6208 [05:45<11:52,  5.87it/s, v_num=t-12, loss/train=2.770]Epoch 0:  33%|███▎      | 2026/6208 [05:45<11:52,  5.87it/s, v_num=t-12, loss/train=2.770]Epoch 0:  33%|███▎      | 2026/6208 [05:45<11:52,  5.87it/s, v_num=t-12, loss/train=1.880]Epoch 0:  33%|███▎      | 2027/6208 [05:45<11:52,  5.87it/s, v_num=t-12, loss/train=1.880]Epoch 0:  33%|███▎      | 2027/6208 [05:45<11:52,  5.87it/s, v_num=t-12, loss/train=1.670]Epoch 0:  33%|███▎      | 2028/6208 [05:45<11:52,  5.87it/s, v_num=t-12, loss/train=1.670]Epoch 0:  33%|███▎      | 2028/6208 [05:45<11:52,  5.87it/s, v_num=t-12, loss/train=2.580]Epoch 0:  33%|███▎      | 2029/6208 [05:45<11:52,  5.87it/s, v_num=t-12, loss/train=2.580]Epoch 0:  33%|███▎      | 2029/6208 [05:45<11:52,  5.87it/s, v_num=t-12, loss/train=2.550]Epoch 0:  33%|███▎      | 2030/6208 [05:46<11:52,  5.87it/s, v_num=t-12, loss/train=2.550]Epoch 0:  33%|███▎      | 2030/6208 [05:46<11:52,  5.87it/s, v_num=t-12, loss/train=2.360]Epoch 0:  33%|███▎      | 2031/6208 [05:46<11:52,  5.87it/s, v_num=t-12, loss/train=2.360]Epoch 0:  33%|███▎      | 2031/6208 [05:46<11:52,  5.87it/s, v_num=t-12, loss/train=2.590]Epoch 0:  33%|███▎      | 2032/6208 [05:46<11:51,  5.87it/s, v_num=t-12, loss/train=2.590]Epoch 0:  33%|███▎      | 2032/6208 [05:46<11:51,  5.87it/s, v_num=t-12, loss/train=2.770]Epoch 0:  33%|███▎      | 2033/6208 [05:46<11:51,  5.87it/s, v_num=t-12, loss/train=2.770]Epoch 0:  33%|███▎      | 2033/6208 [05:46<11:51,  5.87it/s, v_num=t-12, loss/train=2.250]Epoch 0:  33%|███▎      | 2034/6208 [05:46<11:51,  5.87it/s, v_num=t-12, loss/train=2.250]Epoch 0:  33%|███▎      | 2034/6208 [05:46<11:51,  5.87it/s, v_num=t-12, loss/train=2.110]Epoch 0:  33%|███▎      | 2035/6208 [05:46<11:51,  5.87it/s, v_num=t-12, loss/train=2.110]Epoch 0:  33%|███▎      | 2035/6208 [05:46<11:51,  5.87it/s, v_num=t-12, loss/train=1.940]Epoch 0:  33%|███▎      | 2036/6208 [05:47<11:51,  5.86it/s, v_num=t-12, loss/train=1.940]Epoch 0:  33%|███▎      | 2036/6208 [05:47<11:51,  5.86it/s, v_num=t-12, loss/train=2.860]Epoch 0:  33%|███▎      | 2037/6208 [05:47<11:51,  5.86it/s, v_num=t-12, loss/train=2.860]Epoch 0:  33%|███▎      | 2037/6208 [05:47<11:51,  5.86it/s, v_num=t-12, loss/train=3.390]Epoch 0:  33%|███▎      | 2038/6208 [05:47<11:51,  5.86it/s, v_num=t-12, loss/train=3.390]Epoch 0:  33%|███▎      | 2038/6208 [05:47<11:51,  5.86it/s, v_num=t-12, loss/train=1.760]Epoch 0:  33%|███▎      | 2039/6208 [05:47<11:50,  5.86it/s, v_num=t-12, loss/train=1.760]Epoch 0:  33%|███▎      | 2039/6208 [05:47<11:50,  5.86it/s, v_num=t-12, loss/train=2.870]Epoch 0:  33%|███▎      | 2040/6208 [05:47<11:50,  5.86it/s, v_num=t-12, loss/train=2.870]Epoch 0:  33%|███▎      | 2040/6208 [05:47<11:50,  5.86it/s, v_num=t-12, loss/train=2.810]Epoch 0:  33%|███▎      | 2041/6208 [05:48<11:50,  5.86it/s, v_num=t-12, loss/train=2.810]Epoch 0:  33%|███▎      | 2041/6208 [05:48<11:50,  5.86it/s, v_num=t-12, loss/train=2.420]Epoch 0:  33%|███▎      | 2042/6208 [05:48<11:50,  5.87it/s, v_num=t-12, loss/train=2.420]Epoch 0:  33%|███▎      | 2042/6208 [05:48<11:50,  5.86it/s, v_num=t-12, loss/train=1.950]Epoch 0:  33%|███▎      | 2043/6208 [05:48<11:50,  5.87it/s, v_num=t-12, loss/train=1.950]Epoch 0:  33%|███▎      | 2043/6208 [05:48<11:50,  5.86it/s, v_num=t-12, loss/train=3.160]Epoch 0:  33%|███▎      | 2044/6208 [05:48<11:49,  5.87it/s, v_num=t-12, loss/train=3.160]Epoch 0:  33%|███▎      | 2044/6208 [05:48<11:49,  5.87it/s, v_num=t-12, loss/train=1.720]Epoch 0:  33%|███▎      | 2045/6208 [05:48<11:49,  5.87it/s, v_num=t-12, loss/train=1.720]Epoch 0:  33%|███▎      | 2045/6208 [05:48<11:49,  5.87it/s, v_num=t-12, loss/train=2.490]Epoch 0:  33%|███▎      | 2046/6208 [05:49<11:49,  5.86it/s, v_num=t-12, loss/train=2.490]Epoch 0:  33%|███▎      | 2046/6208 [05:49<11:50,  5.86it/s, v_num=t-12, loss/train=2.090]Epoch 0:  33%|███▎      | 2047/6208 [05:49<11:49,  5.86it/s, v_num=t-12, loss/train=2.090]Epoch 0:  33%|███▎      | 2047/6208 [05:49<11:49,  5.86it/s, v_num=t-12, loss/train=2.570]Epoch 0:  33%|███▎      | 2048/6208 [05:49<11:49,  5.86it/s, v_num=t-12, loss/train=2.570]Epoch 0:  33%|███▎      | 2048/6208 [05:49<11:49,  5.86it/s, v_num=t-12, loss/train=2.450]Epoch 0:  33%|███▎      | 2049/6208 [05:49<11:49,  5.86it/s, v_num=t-12, loss/train=2.450]Epoch 0:  33%|███▎      | 2049/6208 [05:49<11:49,  5.86it/s, v_num=t-12, loss/train=2.810]Epoch 0:  33%|███▎      | 2050/6208 [05:49<11:49,  5.86it/s, v_num=t-12, loss/train=2.810]Epoch 0:  33%|███▎      | 2050/6208 [05:49<11:49,  5.86it/s, v_num=t-12, loss/train=1.800]Epoch 0:  33%|███▎      | 2051/6208 [05:49<11:48,  5.86it/s, v_num=t-12, loss/train=1.800]Epoch 0:  33%|███▎      | 2051/6208 [05:49<11:48,  5.86it/s, v_num=t-12, loss/train=2.130]Epoch 0:  33%|███▎      | 2052/6208 [05:49<11:48,  5.86it/s, v_num=t-12, loss/train=2.130]Epoch 0:  33%|███▎      | 2052/6208 [05:49<11:48,  5.86it/s, v_num=t-12, loss/train=2.770]Epoch 0:  33%|███▎      | 2053/6208 [05:50<11:48,  5.86it/s, v_num=t-12, loss/train=2.770]Epoch 0:  33%|███▎      | 2053/6208 [05:50<11:48,  5.86it/s, v_num=t-12, loss/train=2.760]Epoch 0:  33%|███▎      | 2054/6208 [05:50<11:48,  5.86it/s, v_num=t-12, loss/train=2.760]Epoch 0:  33%|███▎      | 2054/6208 [05:50<11:48,  5.86it/s, v_num=t-12, loss/train=3.320]Epoch 0:  33%|███▎      | 2055/6208 [05:50<11:48,  5.86it/s, v_num=t-12, loss/train=3.320]Epoch 0:  33%|███▎      | 2055/6208 [05:50<11:48,  5.86it/s, v_num=t-12, loss/train=1.860]Epoch 0:  33%|███▎      | 2056/6208 [05:50<11:47,  5.86it/s, v_num=t-12, loss/train=1.860]Epoch 0:  33%|███▎      | 2056/6208 [05:50<11:47,  5.86it/s, v_num=t-12, loss/train=2.490]Epoch 0:  33%|███▎      | 2057/6208 [05:50<11:47,  5.86it/s, v_num=t-12, loss/train=2.490]Epoch 0:  33%|███▎      | 2057/6208 [05:50<11:47,  5.86it/s, v_num=t-12, loss/train=2.360]Epoch 0:  33%|███▎      | 2058/6208 [05:50<11:47,  5.87it/s, v_num=t-12, loss/train=2.360]Epoch 0:  33%|███▎      | 2058/6208 [05:50<11:47,  5.86it/s, v_num=t-12, loss/train=2.630]Epoch 0:  33%|███▎      | 2059/6208 [05:51<11:47,  5.87it/s, v_num=t-12, loss/train=2.630]Epoch 0:  33%|███▎      | 2059/6208 [05:51<11:47,  5.86it/s, v_num=t-12, loss/train=3.030]Epoch 0:  33%|███▎      | 2060/6208 [05:51<11:47,  5.87it/s, v_num=t-12, loss/train=3.030]Epoch 0:  33%|███▎      | 2060/6208 [05:51<11:47,  5.87it/s, v_num=t-12, loss/train=3.610]Epoch 0:  33%|███▎      | 2061/6208 [05:51<11:46,  5.87it/s, v_num=t-12, loss/train=3.610]Epoch 0:  33%|███▎      | 2061/6208 [05:51<11:46,  5.87it/s, v_num=t-12, loss/train=3.230]Epoch 0:  33%|███▎      | 2062/6208 [05:51<11:46,  5.87it/s, v_num=t-12, loss/train=3.230]Epoch 0:  33%|███▎      | 2062/6208 [05:51<11:46,  5.87it/s, v_num=t-12, loss/train=2.600]Epoch 0:  33%|███▎      | 2063/6208 [05:51<11:46,  5.87it/s, v_num=t-12, loss/train=2.600]Epoch 0:  33%|███▎      | 2063/6208 [05:51<11:46,  5.87it/s, v_num=t-12, loss/train=3.690]Epoch 0:  33%|███▎      | 2064/6208 [05:51<11:46,  5.87it/s, v_num=t-12, loss/train=3.690]Epoch 0:  33%|███▎      | 2064/6208 [05:51<11:46,  5.87it/s, v_num=t-12, loss/train=3.230]Epoch 0:  33%|███▎      | 2065/6208 [05:51<11:46,  5.87it/s, v_num=t-12, loss/train=3.230]Epoch 0:  33%|███▎      | 2065/6208 [05:51<11:46,  5.87it/s, v_num=t-12, loss/train=2.610]Epoch 0:  33%|███▎      | 2066/6208 [05:52<11:45,  5.87it/s, v_num=t-12, loss/train=2.610]Epoch 0:  33%|███▎      | 2066/6208 [05:52<11:46,  5.87it/s, v_num=t-12, loss/train=1.980]Epoch 0:  33%|███▎      | 2067/6208 [05:52<11:45,  5.87it/s, v_num=t-12, loss/train=1.980]Epoch 0:  33%|███▎      | 2067/6208 [05:52<11:45,  5.87it/s, v_num=t-12, loss/train=2.290]Epoch 0:  33%|███▎      | 2068/6208 [05:52<11:45,  5.87it/s, v_num=t-12, loss/train=2.290]Epoch 0:  33%|███▎      | 2068/6208 [05:52<11:45,  5.87it/s, v_num=t-12, loss/train=2.340]Epoch 0:  33%|███▎      | 2069/6208 [05:52<11:45,  5.87it/s, v_num=t-12, loss/train=2.340]Epoch 0:  33%|███▎      | 2069/6208 [05:52<11:45,  5.87it/s, v_num=t-12, loss/train=3.220]Epoch 0:  33%|███▎      | 2070/6208 [05:52<11:45,  5.87it/s, v_num=t-12, loss/train=3.220]Epoch 0:  33%|███▎      | 2070/6208 [05:52<11:45,  5.87it/s, v_num=t-12, loss/train=3.010]Epoch 0:  33%|███▎      | 2071/6208 [05:52<11:45,  5.87it/s, v_num=t-12, loss/train=3.010]Epoch 0:  33%|███▎      | 2071/6208 [05:52<11:45,  5.87it/s, v_num=t-12, loss/train=2.700]Epoch 0:  33%|███▎      | 2072/6208 [05:53<11:44,  5.87it/s, v_num=t-12, loss/train=2.700]Epoch 0:  33%|███▎      | 2072/6208 [05:53<11:44,  5.87it/s, v_num=t-12, loss/train=2.250]Epoch 0:  33%|███▎      | 2073/6208 [05:53<11:44,  5.87it/s, v_num=t-12, loss/train=2.250]Epoch 0:  33%|███▎      | 2073/6208 [05:53<11:44,  5.87it/s, v_num=t-12, loss/train=2.590]Epoch 0:  33%|███▎      | 2074/6208 [05:53<11:44,  5.87it/s, v_num=t-12, loss/train=2.590]Epoch 0:  33%|███▎      | 2074/6208 [05:53<11:44,  5.87it/s, v_num=t-12, loss/train=1.730]Epoch 0:  33%|███▎      | 2075/6208 [05:53<11:44,  5.87it/s, v_num=t-12, loss/train=1.730]Epoch 0:  33%|███▎      | 2075/6208 [05:53<11:44,  5.87it/s, v_num=t-12, loss/train=2.700]Epoch 0:  33%|███▎      | 2076/6208 [05:53<11:44,  5.87it/s, v_num=t-12, loss/train=2.700]Epoch 0:  33%|███▎      | 2076/6208 [05:53<11:44,  5.87it/s, v_num=t-12, loss/train=2.220]Epoch 0:  33%|███▎      | 2077/6208 [05:53<11:43,  5.87it/s, v_num=t-12, loss/train=2.220]Epoch 0:  33%|███▎      | 2077/6208 [05:53<11:44,  5.87it/s, v_num=t-12, loss/train=2.130]Epoch 0:  33%|███▎      | 2078/6208 [05:54<11:43,  5.87it/s, v_num=t-12, loss/train=2.130]Epoch 0:  33%|███▎      | 2078/6208 [05:54<11:43,  5.87it/s, v_num=t-12, loss/train=2.290]Epoch 0:  33%|███▎      | 2079/6208 [05:54<11:43,  5.87it/s, v_num=t-12, loss/train=2.290]Epoch 0:  33%|███▎      | 2079/6208 [05:54<11:43,  5.87it/s, v_num=t-12, loss/train=1.970]Epoch 0:  34%|███▎      | 2080/6208 [05:54<11:43,  5.87it/s, v_num=t-12, loss/train=1.970]Epoch 0:  34%|███▎      | 2080/6208 [05:54<11:43,  5.87it/s, v_num=t-12, loss/train=2.990]Epoch 0:  34%|███▎      | 2081/6208 [05:54<11:43,  5.87it/s, v_num=t-12, loss/train=2.990]Epoch 0:  34%|███▎      | 2081/6208 [05:54<11:43,  5.87it/s, v_num=t-12, loss/train=2.350]Epoch 0:  34%|███▎      | 2082/6208 [05:54<11:43,  5.87it/s, v_num=t-12, loss/train=2.350]Epoch 0:  34%|███▎      | 2082/6208 [05:54<11:43,  5.87it/s, v_num=t-12, loss/train=2.920]Epoch 0:  34%|███▎      | 2083/6208 [05:54<11:42,  5.87it/s, v_num=t-12, loss/train=2.920]Epoch 0:  34%|███▎      | 2083/6208 [05:54<11:42,  5.87it/s, v_num=t-12, loss/train=3.280]Epoch 0:  34%|███▎      | 2084/6208 [05:55<11:43,  5.87it/s, v_num=t-12, loss/train=3.280]Epoch 0:  34%|███▎      | 2084/6208 [05:55<11:43,  5.86it/s, v_num=t-12, loss/train=2.220]Epoch 0:  34%|███▎      | 2085/6208 [05:55<11:43,  5.86it/s, v_num=t-12, loss/train=2.220]Epoch 0:  34%|███▎      | 2085/6208 [05:55<11:43,  5.86it/s, v_num=t-12, loss/train=3.060]Epoch 0:  34%|███▎      | 2086/6208 [05:55<11:43,  5.86it/s, v_num=t-12, loss/train=3.060]Epoch 0:  34%|███▎      | 2086/6208 [05:55<11:43,  5.86it/s, v_num=t-12, loss/train=2.420]Epoch 0:  34%|███▎      | 2087/6208 [05:56<11:42,  5.86it/s, v_num=t-12, loss/train=2.420]Epoch 0:  34%|███▎      | 2087/6208 [05:56<11:43,  5.86it/s, v_num=t-12, loss/train=2.240]Epoch 0:  34%|███▎      | 2088/6208 [05:56<11:42,  5.86it/s, v_num=t-12, loss/train=2.240]Epoch 0:  34%|███▎      | 2088/6208 [05:56<11:42,  5.86it/s, v_num=t-12, loss/train=1.860]Epoch 0:  34%|███▎      | 2089/6208 [05:56<11:42,  5.86it/s, v_num=t-12, loss/train=1.860]Epoch 0:  34%|███▎      | 2089/6208 [05:56<11:42,  5.86it/s, v_num=t-12, loss/train=2.390]Epoch 0:  34%|███▎      | 2090/6208 [05:56<11:42,  5.86it/s, v_num=t-12, loss/train=2.390]Epoch 0:  34%|███▎      | 2090/6208 [05:56<11:42,  5.86it/s, v_num=t-12, loss/train=1.450]Epoch 0:  34%|███▎      | 2091/6208 [05:56<11:42,  5.86it/s, v_num=t-12, loss/train=1.450]Epoch 0:  34%|███▎      | 2091/6208 [05:56<11:42,  5.86it/s, v_num=t-12, loss/train=2.070]Epoch 0:  34%|███▎      | 2092/6208 [05:56<11:41,  5.86it/s, v_num=t-12, loss/train=2.070]Epoch 0:  34%|███▎      | 2092/6208 [05:56<11:42,  5.86it/s, v_num=t-12, loss/train=2.030]Epoch 0:  34%|███▎      | 2093/6208 [05:56<11:41,  5.86it/s, v_num=t-12, loss/train=2.030]Epoch 0:  34%|███▎      | 2093/6208 [05:56<11:41,  5.86it/s, v_num=t-12, loss/train=3.060]Epoch 0:  34%|███▎      | 2094/6208 [05:57<11:41,  5.86it/s, v_num=t-12, loss/train=3.060]Epoch 0:  34%|███▎      | 2094/6208 [05:57<11:41,  5.86it/s, v_num=t-12, loss/train=2.250]Epoch 0:  34%|███▎      | 2095/6208 [05:57<11:41,  5.86it/s, v_num=t-12, loss/train=2.250]Epoch 0:  34%|███▎      | 2095/6208 [05:57<11:41,  5.86it/s, v_num=t-12, loss/train=2.220]Epoch 0:  34%|███▍      | 2096/6208 [05:57<11:41,  5.86it/s, v_num=t-12, loss/train=2.220]Epoch 0:  34%|███▍      | 2096/6208 [05:57<11:41,  5.86it/s, v_num=t-12, loss/train=2.140]Epoch 0:  34%|███▍      | 2097/6208 [05:57<11:40,  5.86it/s, v_num=t-12, loss/train=2.140]Epoch 0:  34%|███▍      | 2097/6208 [05:57<11:41,  5.86it/s, v_num=t-12, loss/train=2.100]Epoch 0:  34%|███▍      | 2098/6208 [05:57<11:40,  5.86it/s, v_num=t-12, loss/train=2.100]Epoch 0:  34%|███▍      | 2098/6208 [05:57<11:40,  5.86it/s, v_num=t-12, loss/train=2.230]Epoch 0:  34%|███▍      | 2099/6208 [05:57<11:40,  5.86it/s, v_num=t-12, loss/train=2.230]Epoch 0:  34%|███▍      | 2099/6208 [05:57<11:40,  5.86it/s, v_num=t-12, loss/train=1.830]Epoch 0:  34%|███▍      | 2100/6208 [05:58<11:40,  5.87it/s, v_num=t-12, loss/train=1.830]Epoch 0:  34%|███▍      | 2100/6208 [05:58<11:40,  5.87it/s, v_num=t-12, loss/train=2.140]Epoch 0:  34%|███▍      | 2101/6208 [05:58<11:40,  5.87it/s, v_num=t-12, loss/train=2.140]Epoch 0:  34%|███▍      | 2101/6208 [05:58<11:40,  5.86it/s, v_num=t-12, loss/train=2.190]Epoch 0:  34%|███▍      | 2102/6208 [05:58<11:40,  5.87it/s, v_num=t-12, loss/train=2.190]Epoch 0:  34%|███▍      | 2102/6208 [05:58<11:40,  5.87it/s, v_num=t-12, loss/train=2.020]Epoch 0:  34%|███▍      | 2103/6208 [05:58<11:39,  5.87it/s, v_num=t-12, loss/train=2.020]Epoch 0:  34%|███▍      | 2103/6208 [05:58<11:39,  5.87it/s, v_num=t-12, loss/train=1.950]Epoch 0:  34%|███▍      | 2104/6208 [05:58<11:39,  5.87it/s, v_num=t-12, loss/train=1.950]Epoch 0:  34%|███▍      | 2104/6208 [05:58<11:39,  5.87it/s, v_num=t-12, loss/train=2.060]Epoch 0:  34%|███▍      | 2105/6208 [05:58<11:39,  5.87it/s, v_num=t-12, loss/train=2.060]Epoch 0:  34%|███▍      | 2105/6208 [05:58<11:39,  5.87it/s, v_num=t-12, loss/train=1.230]Epoch 0:  34%|███▍      | 2106/6208 [05:58<11:39,  5.87it/s, v_num=t-12, loss/train=1.230]Epoch 0:  34%|███▍      | 2106/6208 [05:58<11:39,  5.87it/s, v_num=t-12, loss/train=1.850]Epoch 0:  34%|███▍      | 2107/6208 [05:59<11:38,  5.87it/s, v_num=t-12, loss/train=1.850]Epoch 0:  34%|███▍      | 2107/6208 [05:59<11:39,  5.87it/s, v_num=t-12, loss/train=1.750]Epoch 0:  34%|███▍      | 2108/6208 [05:59<11:38,  5.87it/s, v_num=t-12, loss/train=1.750]Epoch 0:  34%|███▍      | 2108/6208 [05:59<11:38,  5.87it/s, v_num=t-12, loss/train=2.190]Epoch 0:  34%|███▍      | 2109/6208 [05:59<11:38,  5.87it/s, v_num=t-12, loss/train=2.190]Epoch 0:  34%|███▍      | 2109/6208 [05:59<11:38,  5.87it/s, v_num=t-12, loss/train=2.500]Epoch 0:  34%|███▍      | 2110/6208 [05:59<11:38,  5.87it/s, v_num=t-12, loss/train=2.500]Epoch 0:  34%|███▍      | 2110/6208 [05:59<11:38,  5.87it/s, v_num=t-12, loss/train=1.800]Epoch 0:  34%|███▍      | 2111/6208 [05:59<11:38,  5.87it/s, v_num=t-12, loss/train=1.800]Epoch 0:  34%|███▍      | 2111/6208 [05:59<11:38,  5.87it/s, v_num=t-12, loss/train=2.110]Epoch 0:  34%|███▍      | 2112/6208 [05:59<11:37,  5.87it/s, v_num=t-12, loss/train=2.110]Epoch 0:  34%|███▍      | 2112/6208 [05:59<11:38,  5.87it/s, v_num=t-12, loss/train=2.060]Epoch 0:  34%|███▍      | 2113/6208 [06:00<11:37,  5.87it/s, v_num=t-12, loss/train=2.060]Epoch 0:  34%|███▍      | 2113/6208 [06:00<11:37,  5.87it/s, v_num=t-12, loss/train=1.870]Epoch 0:  34%|███▍      | 2114/6208 [06:00<11:38,  5.87it/s, v_num=t-12, loss/train=1.870]Epoch 0:  34%|███▍      | 2114/6208 [06:00<11:38,  5.86it/s, v_num=t-12, loss/train=2.170]Epoch 0:  34%|███▍      | 2115/6208 [06:00<11:37,  5.87it/s, v_num=t-12, loss/train=2.170]Epoch 0:  34%|███▍      | 2115/6208 [06:00<11:37,  5.87it/s, v_num=t-12, loss/train=1.720]Epoch 0:  34%|███▍      | 2116/6208 [06:00<11:37,  5.87it/s, v_num=t-12, loss/train=1.720]Epoch 0:  34%|███▍      | 2116/6208 [06:00<11:37,  5.87it/s, v_num=t-12, loss/train=2.000]Epoch 0:  34%|███▍      | 2117/6208 [06:00<11:37,  5.87it/s, v_num=t-12, loss/train=2.000]Epoch 0:  34%|███▍      | 2117/6208 [06:00<11:37,  5.87it/s, v_num=t-12, loss/train=3.190]Epoch 0:  34%|███▍      | 2118/6208 [06:01<11:37,  5.87it/s, v_num=t-12, loss/train=3.190]Epoch 0:  34%|███▍      | 2118/6208 [06:01<11:37,  5.87it/s, v_num=t-12, loss/train=1.970]Epoch 0:  34%|███▍      | 2119/6208 [06:01<11:37,  5.87it/s, v_num=t-12, loss/train=1.970]Epoch 0:  34%|███▍      | 2119/6208 [06:01<11:37,  5.87it/s, v_num=t-12, loss/train=2.650]Epoch 0:  34%|███▍      | 2120/6208 [06:01<11:36,  5.87it/s, v_num=t-12, loss/train=2.650]Epoch 0:  34%|███▍      | 2120/6208 [06:01<11:36,  5.87it/s, v_num=t-12, loss/train=1.500]Epoch 0:  34%|███▍      | 2121/6208 [06:01<11:36,  5.87it/s, v_num=t-12, loss/train=1.500]Epoch 0:  34%|███▍      | 2121/6208 [06:01<11:36,  5.87it/s, v_num=t-12, loss/train=2.880]Epoch 0:  34%|███▍      | 2122/6208 [06:01<11:36,  5.87it/s, v_num=t-12, loss/train=2.880]Epoch 0:  34%|███▍      | 2122/6208 [06:01<11:36,  5.87it/s, v_num=t-12, loss/train=2.350]Epoch 0:  34%|███▍      | 2123/6208 [06:01<11:36,  5.87it/s, v_num=t-12, loss/train=2.350]Epoch 0:  34%|███▍      | 2123/6208 [06:01<11:36,  5.87it/s, v_num=t-12, loss/train=2.750]Epoch 0:  34%|███▍      | 2124/6208 [06:01<11:36,  5.87it/s, v_num=t-12, loss/train=2.750]Epoch 0:  34%|███▍      | 2124/6208 [06:02<11:36,  5.87it/s, v_num=t-12, loss/train=2.480]Epoch 0:  34%|███▍      | 2125/6208 [06:02<11:35,  5.87it/s, v_num=t-12, loss/train=2.480]Epoch 0:  34%|███▍      | 2125/6208 [06:02<11:35,  5.87it/s, v_num=t-12, loss/train=3.120]Epoch 0:  34%|███▍      | 2126/6208 [06:02<11:35,  5.87it/s, v_num=t-12, loss/train=3.120]Epoch 0:  34%|███▍      | 2126/6208 [06:02<11:35,  5.87it/s, v_num=t-12, loss/train=2.370]Epoch 0:  34%|███▍      | 2127/6208 [06:02<11:35,  5.87it/s, v_num=t-12, loss/train=2.370]Epoch 0:  34%|███▍      | 2127/6208 [06:02<11:35,  5.87it/s, v_num=t-12, loss/train=2.530]Epoch 0:  34%|███▍      | 2128/6208 [06:02<11:35,  5.87it/s, v_num=t-12, loss/train=2.530]Epoch 0:  34%|███▍      | 2128/6208 [06:02<11:35,  5.87it/s, v_num=t-12, loss/train=2.170]Epoch 0:  34%|███▍      | 2129/6208 [06:02<11:35,  5.87it/s, v_num=t-12, loss/train=2.170]Epoch 0:  34%|███▍      | 2129/6208 [06:02<11:35,  5.87it/s, v_num=t-12, loss/train=2.430]Epoch 0:  34%|███▍      | 2130/6208 [06:02<11:34,  5.87it/s, v_num=t-12, loss/train=2.430]Epoch 0:  34%|███▍      | 2130/6208 [06:02<11:34,  5.87it/s, v_num=t-12, loss/train=2.960]Epoch 0:  34%|███▍      | 2131/6208 [06:03<11:34,  5.87it/s, v_num=t-12, loss/train=2.960]Epoch 0:  34%|███▍      | 2131/6208 [06:03<11:34,  5.87it/s, v_num=t-12, loss/train=2.620]Epoch 0:  34%|███▍      | 2132/6208 [06:03<11:34,  5.87it/s, v_num=t-12, loss/train=2.620]Epoch 0:  34%|███▍      | 2132/6208 [06:03<11:34,  5.87it/s, v_num=t-12, loss/train=3.160]Epoch 0:  34%|███▍      | 2133/6208 [06:03<11:34,  5.87it/s, v_num=t-12, loss/train=3.160]Epoch 0:  34%|███▍      | 2133/6208 [06:03<11:34,  5.87it/s, v_num=t-12, loss/train=2.320]Epoch 0:  34%|███▍      | 2134/6208 [06:03<11:34,  5.87it/s, v_num=t-12, loss/train=2.320]Epoch 0:  34%|███▍      | 2134/6208 [06:03<11:34,  5.87it/s, v_num=t-12, loss/train=2.750]Epoch 0:  34%|███▍      | 2135/6208 [06:03<11:33,  5.87it/s, v_num=t-12, loss/train=2.750]Epoch 0:  34%|███▍      | 2135/6208 [06:03<11:33,  5.87it/s, v_num=t-12, loss/train=2.100]Epoch 0:  34%|███▍      | 2136/6208 [06:03<11:33,  5.87it/s, v_num=t-12, loss/train=2.100]Epoch 0:  34%|███▍      | 2136/6208 [06:03<11:33,  5.87it/s, v_num=t-12, loss/train=1.690]Epoch 0:  34%|███▍      | 2137/6208 [06:03<11:33,  5.87it/s, v_num=t-12, loss/train=1.690]Epoch 0:  34%|███▍      | 2137/6208 [06:04<11:33,  5.87it/s, v_num=t-12, loss/train=2.030]Epoch 0:  34%|███▍      | 2138/6208 [06:04<11:33,  5.87it/s, v_num=t-12, loss/train=2.030]Epoch 0:  34%|███▍      | 2138/6208 [06:04<11:33,  5.87it/s, v_num=t-12, loss/train=2.790]Epoch 0:  34%|███▍      | 2139/6208 [06:04<11:33,  5.87it/s, v_num=t-12, loss/train=2.790]Epoch 0:  34%|███▍      | 2139/6208 [06:04<11:33,  5.87it/s, v_num=t-12, loss/train=2.890]Epoch 0:  34%|███▍      | 2140/6208 [06:04<11:32,  5.87it/s, v_num=t-12, loss/train=2.890]Epoch 0:  34%|███▍      | 2140/6208 [06:04<11:32,  5.87it/s, v_num=t-12, loss/train=2.850]Epoch 0:  34%|███▍      | 2141/6208 [06:04<11:32,  5.87it/s, v_num=t-12, loss/train=2.850]Epoch 0:  34%|███▍      | 2141/6208 [06:04<11:32,  5.87it/s, v_num=t-12, loss/train=2.510]Epoch 0:  35%|███▍      | 2142/6208 [06:04<11:32,  5.87it/s, v_num=t-12, loss/train=2.510]Epoch 0:  35%|███▍      | 2142/6208 [06:04<11:32,  5.87it/s, v_num=t-12, loss/train=3.100]Epoch 0:  35%|███▍      | 2143/6208 [06:05<11:32,  5.87it/s, v_num=t-12, loss/train=3.100]Epoch 0:  35%|███▍      | 2143/6208 [06:05<11:32,  5.87it/s, v_num=t-12, loss/train=1.950]Epoch 0:  35%|███▍      | 2144/6208 [06:05<11:32,  5.87it/s, v_num=t-12, loss/train=1.950]Epoch 0:  35%|███▍      | 2144/6208 [06:05<11:32,  5.87it/s, v_num=t-12, loss/train=1.890]Epoch 0:  35%|███▍      | 2145/6208 [06:05<11:31,  5.87it/s, v_num=t-12, loss/train=1.890]Epoch 0:  35%|███▍      | 2145/6208 [06:05<11:32,  5.87it/s, v_num=t-12, loss/train=2.310]Epoch 0:  35%|███▍      | 2146/6208 [06:05<11:31,  5.87it/s, v_num=t-12, loss/train=2.310]Epoch 0:  35%|███▍      | 2146/6208 [06:05<11:31,  5.87it/s, v_num=t-12, loss/train=2.610]Epoch 0:  35%|███▍      | 2147/6208 [06:05<11:31,  5.87it/s, v_num=t-12, loss/train=2.610]Epoch 0:  35%|███▍      | 2147/6208 [06:05<11:31,  5.87it/s, v_num=t-12, loss/train=1.890]Epoch 0:  35%|███▍      | 2148/6208 [06:05<11:31,  5.87it/s, v_num=t-12, loss/train=1.890]Epoch 0:  35%|███▍      | 2148/6208 [06:05<11:31,  5.87it/s, v_num=t-12, loss/train=1.880]Epoch 0:  35%|███▍      | 2149/6208 [06:05<11:31,  5.87it/s, v_num=t-12, loss/train=1.880]Epoch 0:  35%|███▍      | 2149/6208 [06:05<11:31,  5.87it/s, v_num=t-12, loss/train=2.300]Epoch 0:  35%|███▍      | 2150/6208 [06:06<11:31,  5.87it/s, v_num=t-12, loss/train=2.300]Epoch 0:  35%|███▍      | 2150/6208 [06:06<11:31,  5.87it/s, v_num=t-12, loss/train=1.790]Epoch 0:  35%|███▍      | 2151/6208 [06:06<11:30,  5.87it/s, v_num=t-12, loss/train=1.790]Epoch 0:  35%|███▍      | 2151/6208 [06:06<11:30,  5.87it/s, v_num=t-12, loss/train=2.430]Epoch 0:  35%|███▍      | 2152/6208 [06:06<11:30,  5.87it/s, v_num=t-12, loss/train=2.430]Epoch 0:  35%|███▍      | 2152/6208 [06:06<11:30,  5.87it/s, v_num=t-12, loss/train=2.590]Epoch 0:  35%|███▍      | 2153/6208 [06:06<11:30,  5.87it/s, v_num=t-12, loss/train=2.590]Epoch 0:  35%|███▍      | 2153/6208 [06:06<11:30,  5.87it/s, v_num=t-12, loss/train=2.500]Epoch 0:  35%|███▍      | 2154/6208 [06:06<11:30,  5.87it/s, v_num=t-12, loss/train=2.500]Epoch 0:  35%|███▍      | 2154/6208 [06:06<11:30,  5.87it/s, v_num=t-12, loss/train=1.930]Epoch 0:  35%|███▍      | 2155/6208 [06:06<11:30,  5.87it/s, v_num=t-12, loss/train=1.930]Epoch 0:  35%|███▍      | 2155/6208 [06:06<11:30,  5.87it/s, v_num=t-12, loss/train=2.310]Epoch 0:  35%|███▍      | 2156/6208 [06:07<11:29,  5.87it/s, v_num=t-12, loss/train=2.310]Epoch 0:  35%|███▍      | 2156/6208 [06:07<11:30,  5.87it/s, v_num=t-12, loss/train=2.640]Epoch 0:  35%|███▍      | 2157/6208 [06:07<11:29,  5.87it/s, v_num=t-12, loss/train=2.640]Epoch 0:  35%|███▍      | 2157/6208 [06:07<11:29,  5.87it/s, v_num=t-12, loss/train=3.540]Epoch 0:  35%|███▍      | 2158/6208 [06:07<11:29,  5.87it/s, v_num=t-12, loss/train=3.540]Epoch 0:  35%|███▍      | 2158/6208 [06:07<11:29,  5.87it/s, v_num=t-12, loss/train=2.590]Epoch 0:  35%|███▍      | 2159/6208 [06:07<11:29,  5.87it/s, v_num=t-12, loss/train=2.590]Epoch 0:  35%|███▍      | 2159/6208 [06:07<11:29,  5.87it/s, v_num=t-12, loss/train=2.830]Epoch 0:  35%|███▍      | 2160/6208 [06:07<11:29,  5.87it/s, v_num=t-12, loss/train=2.830]Epoch 0:  35%|███▍      | 2160/6208 [06:07<11:29,  5.87it/s, v_num=t-12, loss/train=2.240]Epoch 0:  35%|███▍      | 2161/6208 [06:07<11:29,  5.87it/s, v_num=t-12, loss/train=2.240]Epoch 0:  35%|███▍      | 2161/6208 [06:07<11:29,  5.87it/s, v_num=t-12, loss/train=1.860]Epoch 0:  35%|███▍      | 2162/6208 [06:08<11:28,  5.87it/s, v_num=t-12, loss/train=1.860]Epoch 0:  35%|███▍      | 2162/6208 [06:08<11:28,  5.87it/s, v_num=t-12, loss/train=2.780]Epoch 0:  35%|███▍      | 2163/6208 [06:08<11:28,  5.87it/s, v_num=t-12, loss/train=2.780]Epoch 0:  35%|███▍      | 2163/6208 [06:08<11:28,  5.87it/s, v_num=t-12, loss/train=2.210]Epoch 0:  35%|███▍      | 2164/6208 [06:08<11:28,  5.87it/s, v_num=t-12, loss/train=2.210]Epoch 0:  35%|███▍      | 2164/6208 [06:08<11:28,  5.87it/s, v_num=t-12, loss/train=1.810]Epoch 0:  35%|███▍      | 2165/6208 [06:08<11:28,  5.87it/s, v_num=t-12, loss/train=1.810]Epoch 0:  35%|███▍      | 2165/6208 [06:08<11:28,  5.87it/s, v_num=t-12, loss/train=2.460]Epoch 0:  35%|███▍      | 2166/6208 [06:08<11:28,  5.87it/s, v_num=t-12, loss/train=2.460]Epoch 0:  35%|███▍      | 2166/6208 [06:08<11:28,  5.87it/s, v_num=t-12, loss/train=1.790]Epoch 0:  35%|███▍      | 2167/6208 [06:08<11:27,  5.87it/s, v_num=t-12, loss/train=1.790]Epoch 0:  35%|███▍      | 2167/6208 [06:08<11:27,  5.87it/s, v_num=t-12, loss/train=2.560]Epoch 0:  35%|███▍      | 2168/6208 [06:09<11:27,  5.87it/s, v_num=t-12, loss/train=2.560]Epoch 0:  35%|███▍      | 2168/6208 [06:09<11:27,  5.87it/s, v_num=t-12, loss/train=2.860]Epoch 0:  35%|███▍      | 2169/6208 [06:09<11:27,  5.87it/s, v_num=t-12, loss/train=2.860]Epoch 0:  35%|███▍      | 2169/6208 [06:09<11:27,  5.87it/s, v_num=t-12, loss/train=2.490]Epoch 0:  35%|███▍      | 2170/6208 [06:09<11:27,  5.87it/s, v_num=t-12, loss/train=2.490]Epoch 0:  35%|███▍      | 2170/6208 [06:09<11:27,  5.87it/s, v_num=t-12, loss/train=1.910]Epoch 0:  35%|███▍      | 2171/6208 [06:09<11:27,  5.87it/s, v_num=t-12, loss/train=1.910]Epoch 0:  35%|███▍      | 2171/6208 [06:09<11:27,  5.87it/s, v_num=t-12, loss/train=2.190]Epoch 0:  35%|███▍      | 2172/6208 [06:09<11:27,  5.87it/s, v_num=t-12, loss/train=2.190]Epoch 0:  35%|███▍      | 2172/6208 [06:09<11:27,  5.87it/s, v_num=t-12, loss/train=2.780]Epoch 0:  35%|███▌      | 2173/6208 [06:09<11:26,  5.87it/s, v_num=t-12, loss/train=2.780]Epoch 0:  35%|███▌      | 2173/6208 [06:09<11:26,  5.87it/s, v_num=t-12, loss/train=2.760]Epoch 0:  35%|███▌      | 2174/6208 [06:10<11:26,  5.87it/s, v_num=t-12, loss/train=2.760]Epoch 0:  35%|███▌      | 2174/6208 [06:10<11:26,  5.87it/s, v_num=t-12, loss/train=2.720]Epoch 0:  35%|███▌      | 2175/6208 [06:10<11:26,  5.87it/s, v_num=t-12, loss/train=2.720]Epoch 0:  35%|███▌      | 2175/6208 [06:10<11:26,  5.87it/s, v_num=t-12, loss/train=2.400]Epoch 0:  35%|███▌      | 2176/6208 [06:10<11:26,  5.87it/s, v_num=t-12, loss/train=2.400]Epoch 0:  35%|███▌      | 2176/6208 [06:10<11:26,  5.87it/s, v_num=t-12, loss/train=2.040]Epoch 0:  35%|███▌      | 2177/6208 [06:10<11:26,  5.87it/s, v_num=t-12, loss/train=2.040]Epoch 0:  35%|███▌      | 2177/6208 [06:10<11:26,  5.87it/s, v_num=t-12, loss/train=2.060]Epoch 0:  35%|███▌      | 2178/6208 [06:10<11:25,  5.87it/s, v_num=t-12, loss/train=2.060]Epoch 0:  35%|███▌      | 2178/6208 [06:10<11:26,  5.87it/s, v_num=t-12, loss/train=2.540]Epoch 0:  35%|███▌      | 2179/6208 [06:10<11:25,  5.88it/s, v_num=t-12, loss/train=2.540]Epoch 0:  35%|███▌      | 2179/6208 [06:10<11:25,  5.87it/s, v_num=t-12, loss/train=2.410]Epoch 0:  35%|███▌      | 2180/6208 [06:11<11:25,  5.88it/s, v_num=t-12, loss/train=2.410]Epoch 0:  35%|███▌      | 2180/6208 [06:11<11:25,  5.88it/s, v_num=t-12, loss/train=2.100]Epoch 0:  35%|███▌      | 2181/6208 [06:11<11:25,  5.88it/s, v_num=t-12, loss/train=2.100]Epoch 0:  35%|███▌      | 2181/6208 [06:11<11:25,  5.88it/s, v_num=t-12, loss/train=2.620]Epoch 0:  35%|███▌      | 2182/6208 [06:11<11:25,  5.88it/s, v_num=t-12, loss/train=2.620]Epoch 0:  35%|███▌      | 2182/6208 [06:11<11:25,  5.88it/s, v_num=t-12, loss/train=2.330]Epoch 0:  35%|███▌      | 2183/6208 [06:11<11:24,  5.88it/s, v_num=t-12, loss/train=2.330]Epoch 0:  35%|███▌      | 2183/6208 [06:11<11:25,  5.88it/s, v_num=t-12, loss/train=2.220]Epoch 0:  35%|███▌      | 2184/6208 [06:11<11:24,  5.88it/s, v_num=t-12, loss/train=2.220]Epoch 0:  35%|███▌      | 2184/6208 [06:11<11:24,  5.88it/s, v_num=t-12, loss/train=2.560]Epoch 0:  35%|███▌      | 2185/6208 [06:11<11:24,  5.88it/s, v_num=t-12, loss/train=2.560]Epoch 0:  35%|███▌      | 2185/6208 [06:11<11:24,  5.88it/s, v_num=t-12, loss/train=2.190]Epoch 0:  35%|███▌      | 2186/6208 [06:12<11:24,  5.88it/s, v_num=t-12, loss/train=2.190]Epoch 0:  35%|███▌      | 2186/6208 [06:12<11:24,  5.88it/s, v_num=t-12, loss/train=2.140]Epoch 0:  35%|███▌      | 2187/6208 [06:12<11:24,  5.88it/s, v_num=t-12, loss/train=2.140]Epoch 0:  35%|███▌      | 2187/6208 [06:12<11:24,  5.88it/s, v_num=t-12, loss/train=1.860]Epoch 0:  35%|███▌      | 2188/6208 [06:12<11:24,  5.88it/s, v_num=t-12, loss/train=1.860]Epoch 0:  35%|███▌      | 2188/6208 [06:12<11:24,  5.88it/s, v_num=t-12, loss/train=2.230]Epoch 0:  35%|███▌      | 2189/6208 [06:12<11:23,  5.88it/s, v_num=t-12, loss/train=2.230]Epoch 0:  35%|███▌      | 2189/6208 [06:12<11:23,  5.88it/s, v_num=t-12, loss/train=2.380]Epoch 0:  35%|███▌      | 2190/6208 [06:12<11:23,  5.88it/s, v_num=t-12, loss/train=2.380]Epoch 0:  35%|███▌      | 2190/6208 [06:12<11:23,  5.88it/s, v_num=t-12, loss/train=1.720]Epoch 0:  35%|███▌      | 2191/6208 [06:12<11:23,  5.88it/s, v_num=t-12, loss/train=1.720]Epoch 0:  35%|███▌      | 2191/6208 [06:12<11:23,  5.88it/s, v_num=t-12, loss/train=2.560]Epoch 0:  35%|███▌      | 2192/6208 [06:13<11:23,  5.88it/s, v_num=t-12, loss/train=2.560]Epoch 0:  35%|███▌      | 2192/6208 [06:13<11:23,  5.88it/s, v_num=t-12, loss/train=2.540]Epoch 0:  35%|███▌      | 2193/6208 [06:13<11:23,  5.88it/s, v_num=t-12, loss/train=2.540]Epoch 0:  35%|███▌      | 2193/6208 [06:13<11:23,  5.88it/s, v_num=t-12, loss/train=2.640]Epoch 0:  35%|███▌      | 2194/6208 [06:13<11:23,  5.88it/s, v_num=t-12, loss/train=2.640]Epoch 0:  35%|███▌      | 2194/6208 [06:13<11:23,  5.88it/s, v_num=t-12, loss/train=1.570]Epoch 0:  35%|███▌      | 2195/6208 [06:13<11:22,  5.88it/s, v_num=t-12, loss/train=1.570]Epoch 0:  35%|███▌      | 2195/6208 [06:13<11:23,  5.88it/s, v_num=t-12, loss/train=2.110]Epoch 0:  35%|███▌      | 2196/6208 [06:13<11:22,  5.88it/s, v_num=t-12, loss/train=2.110]Epoch 0:  35%|███▌      | 2196/6208 [06:13<11:22,  5.88it/s, v_num=t-12, loss/train=2.550]Epoch 0:  35%|███▌      | 2197/6208 [06:13<11:22,  5.88it/s, v_num=t-12, loss/train=2.550]Epoch 0:  35%|███▌      | 2197/6208 [06:13<11:22,  5.88it/s, v_num=t-12, loss/train=2.180]Epoch 0:  35%|███▌      | 2198/6208 [06:14<11:22,  5.88it/s, v_num=t-12, loss/train=2.180]Epoch 0:  35%|███▌      | 2198/6208 [06:14<11:22,  5.88it/s, v_num=t-12, loss/train=2.280]Epoch 0:  35%|███▌      | 2199/6208 [06:14<11:22,  5.88it/s, v_num=t-12, loss/train=2.280]Epoch 0:  35%|███▌      | 2199/6208 [06:14<11:22,  5.88it/s, v_num=t-12, loss/train=2.060]Epoch 0:  35%|███▌      | 2200/6208 [06:14<11:22,  5.88it/s, v_num=t-12, loss/train=2.060]Epoch 0:  35%|███▌      | 2200/6208 [06:14<11:22,  5.88it/s, v_num=t-12, loss/train=2.560]Epoch 0:  35%|███▌      | 2201/6208 [06:14<11:21,  5.88it/s, v_num=t-12, loss/train=2.560]Epoch 0:  35%|███▌      | 2201/6208 [06:14<11:21,  5.88it/s, v_num=t-12, loss/train=2.520]Epoch 0:  35%|███▌      | 2202/6208 [06:14<11:21,  5.88it/s, v_num=t-12, loss/train=2.520]Epoch 0:  35%|███▌      | 2202/6208 [06:14<11:21,  5.88it/s, v_num=t-12, loss/train=2.940]Epoch 0:  35%|███▌      | 2203/6208 [06:14<11:21,  5.88it/s, v_num=t-12, loss/train=2.940]Epoch 0:  35%|███▌      | 2203/6208 [06:14<11:21,  5.88it/s, v_num=t-12, loss/train=1.940]Epoch 0:  36%|███▌      | 2204/6208 [06:15<11:21,  5.88it/s, v_num=t-12, loss/train=1.940]Epoch 0:  36%|███▌      | 2204/6208 [06:15<11:21,  5.88it/s, v_num=t-12, loss/train=3.140]Epoch 0:  36%|███▌      | 2205/6208 [06:15<11:21,  5.88it/s, v_num=t-12, loss/train=3.140]Epoch 0:  36%|███▌      | 2205/6208 [06:15<11:21,  5.88it/s, v_num=t-12, loss/train=1.840]Epoch 0:  36%|███▌      | 2206/6208 [06:15<11:21,  5.88it/s, v_num=t-12, loss/train=1.840]Epoch 0:  36%|███▌      | 2206/6208 [06:15<11:21,  5.88it/s, v_num=t-12, loss/train=1.370]Epoch 0:  36%|███▌      | 2207/6208 [06:15<11:20,  5.88it/s, v_num=t-12, loss/train=1.370]Epoch 0:  36%|███▌      | 2207/6208 [06:15<11:20,  5.88it/s, v_num=t-12, loss/train=2.120]Epoch 0:  36%|███▌      | 2208/6208 [06:15<11:20,  5.88it/s, v_num=t-12, loss/train=2.120]Epoch 0:  36%|███▌      | 2208/6208 [06:15<11:20,  5.88it/s, v_num=t-12, loss/train=2.860]Epoch 0:  36%|███▌      | 2209/6208 [06:15<11:20,  5.88it/s, v_num=t-12, loss/train=2.860]Epoch 0:  36%|███▌      | 2209/6208 [06:15<11:20,  5.88it/s, v_num=t-12, loss/train=2.470]Epoch 0:  36%|███▌      | 2210/6208 [06:16<11:20,  5.88it/s, v_num=t-12, loss/train=2.470]Epoch 0:  36%|███▌      | 2210/6208 [06:16<11:20,  5.88it/s, v_num=t-12, loss/train=2.080]Epoch 0:  36%|███▌      | 2211/6208 [06:16<11:20,  5.88it/s, v_num=t-12, loss/train=2.080]Epoch 0:  36%|███▌      | 2211/6208 [06:16<11:20,  5.88it/s, v_num=t-12, loss/train=2.240]Epoch 0:  36%|███▌      | 2212/6208 [06:16<11:19,  5.88it/s, v_num=t-12, loss/train=2.240]Epoch 0:  36%|███▌      | 2212/6208 [06:16<11:19,  5.88it/s, v_num=t-12, loss/train=1.760]Epoch 0:  36%|███▌      | 2213/6208 [06:16<11:19,  5.88it/s, v_num=t-12, loss/train=1.760]Epoch 0:  36%|███▌      | 2213/6208 [06:16<11:19,  5.88it/s, v_num=t-12, loss/train=2.370]Epoch 0:  36%|███▌      | 2214/6208 [06:16<11:19,  5.88it/s, v_num=t-12, loss/train=2.370]Epoch 0:  36%|███▌      | 2214/6208 [06:16<11:19,  5.88it/s, v_num=t-12, loss/train=2.950]Epoch 0:  36%|███▌      | 2215/6208 [06:16<11:19,  5.88it/s, v_num=t-12, loss/train=2.950]Epoch 0:  36%|███▌      | 2215/6208 [06:16<11:19,  5.88it/s, v_num=t-12, loss/train=2.330]Epoch 0:  36%|███▌      | 2216/6208 [06:16<11:19,  5.88it/s, v_num=t-12, loss/train=2.330]Epoch 0:  36%|███▌      | 2216/6208 [06:16<11:19,  5.88it/s, v_num=t-12, loss/train=2.650]Epoch 0:  36%|███▌      | 2217/6208 [06:17<11:18,  5.88it/s, v_num=t-12, loss/train=2.650]Epoch 0:  36%|███▌      | 2217/6208 [06:17<11:18,  5.88it/s, v_num=t-12, loss/train=2.070]Epoch 0:  36%|███▌      | 2218/6208 [06:17<11:18,  5.88it/s, v_num=t-12, loss/train=2.070]Epoch 0:  36%|███▌      | 2218/6208 [06:17<11:18,  5.88it/s, v_num=t-12, loss/train=2.640]Epoch 0:  36%|███▌      | 2219/6208 [06:17<11:18,  5.88it/s, v_num=t-12, loss/train=2.640]Epoch 0:  36%|███▌      | 2219/6208 [06:17<11:18,  5.88it/s, v_num=t-12, loss/train=1.440]Epoch 0:  36%|███▌      | 2220/6208 [06:17<11:18,  5.88it/s, v_num=t-12, loss/train=1.440]Epoch 0:  36%|███▌      | 2220/6208 [06:17<11:18,  5.88it/s, v_num=t-12, loss/train=2.040]Epoch 0:  36%|███▌      | 2221/6208 [06:17<11:18,  5.88it/s, v_num=t-12, loss/train=2.040]Epoch 0:  36%|███▌      | 2221/6208 [06:17<11:18,  5.88it/s, v_num=t-12, loss/train=2.210]Epoch 0:  36%|███▌      | 2222/6208 [06:17<11:17,  5.88it/s, v_num=t-12, loss/train=2.210]Epoch 0:  36%|███▌      | 2222/6208 [06:17<11:17,  5.88it/s, v_num=t-12, loss/train=3.860]Epoch 0:  36%|███▌      | 2223/6208 [06:18<11:17,  5.88it/s, v_num=t-12, loss/train=3.860]Epoch 0:  36%|███▌      | 2223/6208 [06:18<11:17,  5.88it/s, v_num=t-12, loss/train=2.740]Epoch 0:  36%|███▌      | 2224/6208 [06:18<11:17,  5.88it/s, v_num=t-12, loss/train=2.740]Epoch 0:  36%|███▌      | 2224/6208 [06:18<11:17,  5.88it/s, v_num=t-12, loss/train=2.540]Epoch 0:  36%|███▌      | 2225/6208 [06:18<11:17,  5.88it/s, v_num=t-12, loss/train=2.540]Epoch 0:  36%|███▌      | 2225/6208 [06:18<11:17,  5.88it/s, v_num=t-12, loss/train=2.660]Epoch 0:  36%|███▌      | 2226/6208 [06:18<11:17,  5.88it/s, v_num=t-12, loss/train=2.660]Epoch 0:  36%|███▌      | 2226/6208 [06:18<11:17,  5.88it/s, v_num=t-12, loss/train=1.890]Epoch 0:  36%|███▌      | 2227/6208 [06:18<11:16,  5.88it/s, v_num=t-12, loss/train=1.890]Epoch 0:  36%|███▌      | 2227/6208 [06:18<11:16,  5.88it/s, v_num=t-12, loss/train=2.490]Epoch 0:  36%|███▌      | 2228/6208 [06:18<11:16,  5.88it/s, v_num=t-12, loss/train=2.490]Epoch 0:  36%|███▌      | 2228/6208 [06:18<11:16,  5.88it/s, v_num=t-12, loss/train=1.930]Epoch 0:  36%|███▌      | 2229/6208 [06:18<11:16,  5.88it/s, v_num=t-12, loss/train=1.930]Epoch 0:  36%|███▌      | 2229/6208 [06:18<11:16,  5.88it/s, v_num=t-12, loss/train=2.490]Epoch 0:  36%|███▌      | 2230/6208 [06:19<11:16,  5.88it/s, v_num=t-12, loss/train=2.490]Epoch 0:  36%|███▌      | 2230/6208 [06:19<11:16,  5.88it/s, v_num=t-12, loss/train=1.990]Epoch 0:  36%|███▌      | 2231/6208 [06:19<11:16,  5.88it/s, v_num=t-12, loss/train=1.990]Epoch 0:  36%|███▌      | 2231/6208 [06:19<11:16,  5.88it/s, v_num=t-12, loss/train=2.030]Epoch 0:  36%|███▌      | 2232/6208 [06:19<11:16,  5.88it/s, v_num=t-12, loss/train=2.030]Epoch 0:  36%|███▌      | 2232/6208 [06:19<11:16,  5.88it/s, v_num=t-12, loss/train=3.020]Epoch 0:  36%|███▌      | 2233/6208 [06:19<11:16,  5.88it/s, v_num=t-12, loss/train=3.020]Epoch 0:  36%|███▌      | 2233/6208 [06:19<11:16,  5.88it/s, v_num=t-12, loss/train=2.760]Epoch 0:  36%|███▌      | 2234/6208 [06:20<11:15,  5.88it/s, v_num=t-12, loss/train=2.760]Epoch 0:  36%|███▌      | 2234/6208 [06:20<11:16,  5.88it/s, v_num=t-12, loss/train=2.000]Epoch 0:  36%|███▌      | 2235/6208 [06:20<11:15,  5.88it/s, v_num=t-12, loss/train=2.000]Epoch 0:  36%|███▌      | 2235/6208 [06:20<11:15,  5.88it/s, v_num=t-12, loss/train=1.940]Epoch 0:  36%|███▌      | 2236/6208 [06:20<11:15,  5.88it/s, v_num=t-12, loss/train=1.940]Epoch 0:  36%|███▌      | 2236/6208 [06:20<11:15,  5.88it/s, v_num=t-12, loss/train=2.960]Epoch 0:  36%|███▌      | 2237/6208 [06:20<11:15,  5.88it/s, v_num=t-12, loss/train=2.960]Epoch 0:  36%|███▌      | 2237/6208 [06:20<11:15,  5.88it/s, v_num=t-12, loss/train=2.260]Epoch 0:  36%|███▌      | 2238/6208 [06:20<11:15,  5.88it/s, v_num=t-12, loss/train=2.260]Epoch 0:  36%|███▌      | 2238/6208 [06:20<11:15,  5.88it/s, v_num=t-12, loss/train=2.550]Epoch 0:  36%|███▌      | 2239/6208 [06:20<11:15,  5.88it/s, v_num=t-12, loss/train=2.550]Epoch 0:  36%|███▌      | 2239/6208 [06:20<11:15,  5.88it/s, v_num=t-12, loss/train=2.630]Epoch 0:  36%|███▌      | 2240/6208 [06:21<11:14,  5.88it/s, v_num=t-12, loss/train=2.630]Epoch 0:  36%|███▌      | 2240/6208 [06:21<11:14,  5.88it/s, v_num=t-12, loss/train=2.260]Epoch 0:  36%|███▌      | 2241/6208 [06:21<11:14,  5.88it/s, v_num=t-12, loss/train=2.260]Epoch 0:  36%|███▌      | 2241/6208 [06:21<11:14,  5.88it/s, v_num=t-12, loss/train=2.450]Epoch 0:  36%|███▌      | 2242/6208 [06:21<11:14,  5.88it/s, v_num=t-12, loss/train=2.450]Epoch 0:  36%|███▌      | 2242/6208 [06:21<11:14,  5.88it/s, v_num=t-12, loss/train=2.380]Epoch 0:  36%|███▌      | 2243/6208 [06:21<11:14,  5.88it/s, v_num=t-12, loss/train=2.380]Epoch 0:  36%|███▌      | 2243/6208 [06:21<11:14,  5.88it/s, v_num=t-12, loss/train=3.770]Epoch 0:  36%|███▌      | 2244/6208 [06:21<11:14,  5.88it/s, v_num=t-12, loss/train=3.770]Epoch 0:  36%|███▌      | 2244/6208 [06:21<11:14,  5.88it/s, v_num=t-12, loss/train=2.930]Epoch 0:  36%|███▌      | 2245/6208 [06:21<11:14,  5.88it/s, v_num=t-12, loss/train=2.930]Epoch 0:  36%|███▌      | 2245/6208 [06:21<11:14,  5.88it/s, v_num=t-12, loss/train=2.540]Epoch 0:  36%|███▌      | 2246/6208 [06:22<11:13,  5.88it/s, v_num=t-12, loss/train=2.540]Epoch 0:  36%|███▌      | 2246/6208 [06:22<11:13,  5.88it/s, v_num=t-12, loss/train=2.370]Epoch 0:  36%|███▌      | 2247/6208 [06:22<11:13,  5.88it/s, v_num=t-12, loss/train=2.370]Epoch 0:  36%|███▌      | 2247/6208 [06:22<11:13,  5.88it/s, v_num=t-12, loss/train=2.080]Epoch 0:  36%|███▌      | 2248/6208 [06:22<11:13,  5.88it/s, v_num=t-12, loss/train=2.080]Epoch 0:  36%|███▌      | 2248/6208 [06:22<11:13,  5.88it/s, v_num=t-12, loss/train=2.180]Epoch 0:  36%|███▌      | 2249/6208 [06:22<11:13,  5.88it/s, v_num=t-12, loss/train=2.180]Epoch 0:  36%|███▌      | 2249/6208 [06:22<11:13,  5.88it/s, v_num=t-12, loss/train=2.730]Epoch 0:  36%|███▌      | 2250/6208 [06:22<11:13,  5.88it/s, v_num=t-12, loss/train=2.730]Epoch 0:  36%|███▌      | 2250/6208 [06:22<11:13,  5.88it/s, v_num=t-12, loss/train=2.350]Epoch 0:  36%|███▋      | 2251/6208 [06:22<11:12,  5.88it/s, v_num=t-12, loss/train=2.350]Epoch 0:  36%|███▋      | 2251/6208 [06:22<11:12,  5.88it/s, v_num=t-12, loss/train=1.970]Epoch 0:  36%|███▋      | 2252/6208 [06:22<11:12,  5.88it/s, v_num=t-12, loss/train=1.970]Epoch 0:  36%|███▋      | 2252/6208 [06:22<11:12,  5.88it/s, v_num=t-12, loss/train=1.590]Epoch 0:  36%|███▋      | 2253/6208 [06:23<11:12,  5.88it/s, v_num=t-12, loss/train=1.590]Epoch 0:  36%|███▋      | 2253/6208 [06:23<11:12,  5.88it/s, v_num=t-12, loss/train=2.660]Epoch 0:  36%|███▋      | 2254/6208 [06:23<11:12,  5.88it/s, v_num=t-12, loss/train=2.660]Epoch 0:  36%|███▋      | 2254/6208 [06:23<11:12,  5.88it/s, v_num=t-12, loss/train=2.980]Epoch 0:  36%|███▋      | 2255/6208 [06:23<11:12,  5.88it/s, v_num=t-12, loss/train=2.980]Epoch 0:  36%|███▋      | 2255/6208 [06:23<11:12,  5.88it/s, v_num=t-12, loss/train=2.180]Epoch 0:  36%|███▋      | 2256/6208 [06:23<11:12,  5.88it/s, v_num=t-12, loss/train=2.180]Epoch 0:  36%|███▋      | 2256/6208 [06:23<11:12,  5.88it/s, v_num=t-12, loss/train=2.340]Epoch 0:  36%|███▋      | 2257/6208 [06:23<11:12,  5.88it/s, v_num=t-12, loss/train=2.340]Epoch 0:  36%|███▋      | 2257/6208 [06:23<11:12,  5.88it/s, v_num=t-12, loss/train=1.480]Epoch 0:  36%|███▋      | 2258/6208 [06:24<11:11,  5.88it/s, v_num=t-12, loss/train=1.480]Epoch 0:  36%|███▋      | 2258/6208 [06:24<11:12,  5.88it/s, v_num=t-12, loss/train=1.960]Epoch 0:  36%|███▋      | 2259/6208 [06:24<11:11,  5.88it/s, v_num=t-12, loss/train=1.960]Epoch 0:  36%|███▋      | 2259/6208 [06:24<11:11,  5.88it/s, v_num=t-12, loss/train=2.350]Epoch 0:  36%|███▋      | 2260/6208 [06:24<11:11,  5.88it/s, v_num=t-12, loss/train=2.350]Epoch 0:  36%|███▋      | 2260/6208 [06:24<11:11,  5.88it/s, v_num=t-12, loss/train=3.330]Epoch 0:  36%|███▋      | 2261/6208 [06:24<11:11,  5.88it/s, v_num=t-12, loss/train=3.330]Epoch 0:  36%|███▋      | 2261/6208 [06:24<11:11,  5.88it/s, v_num=t-12, loss/train=3.890]Epoch 0:  36%|███▋      | 2262/6208 [06:24<11:11,  5.88it/s, v_num=t-12, loss/train=3.890]Epoch 0:  36%|███▋      | 2262/6208 [06:24<11:11,  5.88it/s, v_num=t-12, loss/train=2.140]Epoch 0:  36%|███▋      | 2263/6208 [06:24<11:11,  5.88it/s, v_num=t-12, loss/train=2.140]Epoch 0:  36%|███▋      | 2263/6208 [06:24<11:11,  5.88it/s, v_num=t-12, loss/train=4.970]Epoch 0:  36%|███▋      | 2264/6208 [06:25<11:11,  5.88it/s, v_num=t-12, loss/train=4.970]Epoch 0:  36%|███▋      | 2264/6208 [06:25<11:11,  5.87it/s, v_num=t-12, loss/train=3.050]Epoch 0:  36%|███▋      | 2265/6208 [06:25<11:11,  5.88it/s, v_num=t-12, loss/train=3.050]Epoch 0:  36%|███▋      | 2265/6208 [06:25<11:11,  5.88it/s, v_num=t-12, loss/train=2.320]Epoch 0:  37%|███▋      | 2266/6208 [06:25<11:10,  5.88it/s, v_num=t-12, loss/train=2.320]Epoch 0:  37%|███▋      | 2266/6208 [06:25<11:10,  5.88it/s, v_num=t-12, loss/train=2.680]Epoch 0:  37%|███▋      | 2267/6208 [06:25<11:10,  5.88it/s, v_num=t-12, loss/train=2.680]Epoch 0:  37%|███▋      | 2267/6208 [06:25<11:10,  5.88it/s, v_num=t-12, loss/train=3.030]Epoch 0:  37%|███▋      | 2268/6208 [06:25<11:10,  5.88it/s, v_num=t-12, loss/train=3.030]Epoch 0:  37%|███▋      | 2268/6208 [06:25<11:10,  5.88it/s, v_num=t-12, loss/train=3.120]Epoch 0:  37%|███▋      | 2269/6208 [06:26<11:10,  5.88it/s, v_num=t-12, loss/train=3.120]Epoch 0:  37%|███▋      | 2269/6208 [06:26<11:10,  5.88it/s, v_num=t-12, loss/train=2.780]Epoch 0:  37%|███▋      | 2270/6208 [06:26<11:10,  5.88it/s, v_num=t-12, loss/train=2.780]Epoch 0:  37%|███▋      | 2270/6208 [06:26<11:10,  5.88it/s, v_num=t-12, loss/train=2.260]Epoch 0:  37%|███▋      | 2271/6208 [06:26<11:09,  5.88it/s, v_num=t-12, loss/train=2.260]Epoch 0:  37%|███▋      | 2271/6208 [06:26<11:09,  5.88it/s, v_num=t-12, loss/train=2.440]Epoch 0:  37%|███▋      | 2272/6208 [06:26<11:09,  5.88it/s, v_num=t-12, loss/train=2.440]Epoch 0:  37%|███▋      | 2272/6208 [06:26<11:09,  5.88it/s, v_num=t-12, loss/train=1.820]Epoch 0:  37%|███▋      | 2273/6208 [06:26<11:09,  5.88it/s, v_num=t-12, loss/train=1.820]Epoch 0:  37%|███▋      | 2273/6208 [06:26<11:09,  5.88it/s, v_num=t-12, loss/train=2.420]Epoch 0:  37%|███▋      | 2274/6208 [06:26<11:09,  5.88it/s, v_num=t-12, loss/train=2.420]Epoch 0:  37%|███▋      | 2274/6208 [06:26<11:09,  5.88it/s, v_num=t-12, loss/train=2.160]Epoch 0:  37%|███▋      | 2275/6208 [06:27<11:09,  5.88it/s, v_num=t-12, loss/train=2.160]Epoch 0:  37%|███▋      | 2275/6208 [06:27<11:09,  5.88it/s, v_num=t-12, loss/train=3.180]Epoch 0:  37%|███▋      | 2276/6208 [06:27<11:08,  5.88it/s, v_num=t-12, loss/train=3.180]Epoch 0:  37%|███▋      | 2276/6208 [06:27<11:09,  5.88it/s, v_num=t-12, loss/train=2.920]Epoch 0:  37%|███▋      | 2277/6208 [06:27<11:08,  5.88it/s, v_num=t-12, loss/train=2.920]Epoch 0:  37%|███▋      | 2277/6208 [06:27<11:08,  5.88it/s, v_num=t-12, loss/train=3.100]Epoch 0:  37%|███▋      | 2278/6208 [06:27<11:08,  5.88it/s, v_num=t-12, loss/train=3.100]Epoch 0:  37%|███▋      | 2278/6208 [06:27<11:08,  5.88it/s, v_num=t-12, loss/train=2.070]Epoch 0:  37%|███▋      | 2279/6208 [06:27<11:08,  5.88it/s, v_num=t-12, loss/train=2.070]Epoch 0:  37%|███▋      | 2279/6208 [06:27<11:08,  5.88it/s, v_num=t-12, loss/train=3.430]Epoch 0:  37%|███▋      | 2280/6208 [06:27<11:08,  5.88it/s, v_num=t-12, loss/train=3.430]Epoch 0:  37%|███▋      | 2280/6208 [06:27<11:08,  5.88it/s, v_num=t-12, loss/train=2.050]Epoch 0:  37%|███▋      | 2281/6208 [06:28<11:08,  5.88it/s, v_num=t-12, loss/train=2.050]Epoch 0:  37%|███▋      | 2281/6208 [06:28<11:08,  5.88it/s, v_num=t-12, loss/train=2.660]Epoch 0:  37%|███▋      | 2282/6208 [06:28<11:07,  5.88it/s, v_num=t-12, loss/train=2.660]Epoch 0:  37%|███▋      | 2282/6208 [06:28<11:07,  5.88it/s, v_num=t-12, loss/train=1.780]Epoch 0:  37%|███▋      | 2283/6208 [06:28<11:07,  5.88it/s, v_num=t-12, loss/train=1.780]Epoch 0:  37%|███▋      | 2283/6208 [06:28<11:07,  5.88it/s, v_num=t-12, loss/train=2.510]Epoch 0:  37%|███▋      | 2284/6208 [06:28<11:07,  5.88it/s, v_num=t-12, loss/train=2.510]Epoch 0:  37%|███▋      | 2284/6208 [06:28<11:07,  5.88it/s, v_num=t-12, loss/train=2.440]Epoch 0:  37%|███▋      | 2285/6208 [06:28<11:07,  5.88it/s, v_num=t-12, loss/train=2.440]Epoch 0:  37%|███▋      | 2285/6208 [06:28<11:07,  5.88it/s, v_num=t-12, loss/train=2.890]Epoch 0:  37%|███▋      | 2286/6208 [06:28<11:07,  5.88it/s, v_num=t-12, loss/train=2.890]Epoch 0:  37%|███▋      | 2286/6208 [06:28<11:07,  5.88it/s, v_num=t-12, loss/train=1.810]Epoch 0:  37%|███▋      | 2287/6208 [06:29<11:07,  5.88it/s, v_num=t-12, loss/train=1.810]Epoch 0:  37%|███▋      | 2287/6208 [06:29<11:07,  5.88it/s, v_num=t-12, loss/train=2.590]Epoch 0:  37%|███▋      | 2288/6208 [06:29<11:07,  5.88it/s, v_num=t-12, loss/train=2.590]Epoch 0:  37%|███▋      | 2288/6208 [06:29<11:07,  5.88it/s, v_num=t-12, loss/train=2.100]Epoch 0:  37%|███▋      | 2289/6208 [06:29<11:07,  5.87it/s, v_num=t-12, loss/train=2.100]Epoch 0:  37%|███▋      | 2289/6208 [06:29<11:07,  5.87it/s, v_num=t-12, loss/train=1.830]Epoch 0:  37%|███▋      | 2290/6208 [06:29<11:07,  5.87it/s, v_num=t-12, loss/train=1.830]Epoch 0:  37%|███▋      | 2290/6208 [06:29<11:07,  5.87it/s, v_num=t-12, loss/train=1.350]Epoch 0:  37%|███▋      | 2291/6208 [06:30<11:06,  5.87it/s, v_num=t-12, loss/train=1.350]Epoch 0:  37%|███▋      | 2291/6208 [06:30<11:06,  5.87it/s, v_num=t-12, loss/train=1.250]Epoch 0:  37%|███▋      | 2292/6208 [06:30<11:06,  5.87it/s, v_num=t-12, loss/train=1.250]Epoch 0:  37%|███▋      | 2292/6208 [06:30<11:06,  5.87it/s, v_num=t-12, loss/train=1.480]Epoch 0:  37%|███▋      | 2293/6208 [06:30<11:06,  5.87it/s, v_num=t-12, loss/train=1.480]Epoch 0:  37%|███▋      | 2293/6208 [06:30<11:06,  5.87it/s, v_num=t-12, loss/train=2.130]Epoch 0:  37%|███▋      | 2294/6208 [06:30<11:06,  5.87it/s, v_num=t-12, loss/train=2.130]Epoch 0:  37%|███▋      | 2294/6208 [06:30<11:06,  5.87it/s, v_num=t-12, loss/train=1.360]Epoch 0:  37%|███▋      | 2295/6208 [06:30<11:06,  5.87it/s, v_num=t-12, loss/train=1.360]Epoch 0:  37%|███▋      | 2295/6208 [06:30<11:06,  5.87it/s, v_num=t-12, loss/train=3.240]Epoch 0:  37%|███▋      | 2296/6208 [06:30<11:05,  5.87it/s, v_num=t-12, loss/train=3.240]Epoch 0:  37%|███▋      | 2296/6208 [06:30<11:05,  5.87it/s, v_num=t-12, loss/train=2.040]Epoch 0:  37%|███▋      | 2297/6208 [06:31<11:05,  5.87it/s, v_num=t-12, loss/train=2.040]Epoch 0:  37%|███▋      | 2297/6208 [06:31<11:05,  5.87it/s, v_num=t-12, loss/train=1.560]Epoch 0:  37%|███▋      | 2298/6208 [06:31<11:05,  5.87it/s, v_num=t-12, loss/train=1.560]Epoch 0:  37%|███▋      | 2298/6208 [06:31<11:05,  5.87it/s, v_num=t-12, loss/train=1.480]Epoch 0:  37%|███▋      | 2299/6208 [06:31<11:05,  5.88it/s, v_num=t-12, loss/train=1.480]Epoch 0:  37%|███▋      | 2299/6208 [06:31<11:05,  5.87it/s, v_num=t-12, loss/train=1.800]Epoch 0:  37%|███▋      | 2300/6208 [06:31<11:05,  5.88it/s, v_num=t-12, loss/train=1.800]Epoch 0:  37%|███▋      | 2300/6208 [06:31<11:05,  5.87it/s, v_num=t-12, loss/train=2.330]Epoch 0:  37%|███▋      | 2301/6208 [06:31<11:05,  5.87it/s, v_num=t-12, loss/train=2.330]Epoch 0:  37%|███▋      | 2301/6208 [06:31<11:05,  5.87it/s, v_num=t-12, loss/train=2.240]Epoch 0:  37%|███▋      | 2302/6208 [06:31<11:04,  5.87it/s, v_num=t-12, loss/train=2.240]Epoch 0:  37%|███▋      | 2302/6208 [06:31<11:04,  5.87it/s, v_num=t-12, loss/train=2.090]Epoch 0:  37%|███▋      | 2303/6208 [06:32<11:04,  5.87it/s, v_num=t-12, loss/train=2.090]Epoch 0:  37%|███▋      | 2303/6208 [06:32<11:04,  5.87it/s, v_num=t-12, loss/train=2.100]Epoch 0:  37%|███▋      | 2304/6208 [06:32<11:04,  5.88it/s, v_num=t-12, loss/train=2.100]Epoch 0:  37%|███▋      | 2304/6208 [06:32<11:04,  5.88it/s, v_num=t-12, loss/train=1.780]Epoch 0:  37%|███▋      | 2305/6208 [06:32<11:04,  5.88it/s, v_num=t-12, loss/train=1.780]Epoch 0:  37%|███▋      | 2305/6208 [06:32<11:04,  5.88it/s, v_num=t-12, loss/train=2.080]Epoch 0:  37%|███▋      | 2306/6208 [06:32<11:04,  5.88it/s, v_num=t-12, loss/train=2.080]Epoch 0:  37%|███▋      | 2306/6208 [06:32<11:04,  5.88it/s, v_num=t-12, loss/train=2.620]Epoch 0:  37%|███▋      | 2307/6208 [06:32<11:03,  5.88it/s, v_num=t-12, loss/train=2.620]Epoch 0:  37%|███▋      | 2307/6208 [06:32<11:03,  5.88it/s, v_num=t-12, loss/train=2.150]Epoch 0:  37%|███▋      | 2308/6208 [06:32<11:03,  5.88it/s, v_num=t-12, loss/train=2.150]Epoch 0:  37%|███▋      | 2308/6208 [06:32<11:03,  5.88it/s, v_num=t-12, loss/train=1.840]Epoch 0:  37%|███▋      | 2309/6208 [06:32<11:03,  5.88it/s, v_num=t-12, loss/train=1.840]Epoch 0:  37%|███▋      | 2309/6208 [06:32<11:03,  5.88it/s, v_num=t-12, loss/train=1.660]Epoch 0:  37%|███▋      | 2310/6208 [06:33<11:03,  5.88it/s, v_num=t-12, loss/train=1.660]Epoch 0:  37%|███▋      | 2310/6208 [06:33<11:03,  5.88it/s, v_num=t-12, loss/train=2.010]Epoch 0:  37%|███▋      | 2311/6208 [06:33<11:03,  5.88it/s, v_num=t-12, loss/train=2.010]Epoch 0:  37%|███▋      | 2311/6208 [06:33<11:03,  5.88it/s, v_num=t-12, loss/train=1.690]Epoch 0:  37%|███▋      | 2312/6208 [06:33<11:02,  5.88it/s, v_num=t-12, loss/train=1.690]Epoch 0:  37%|███▋      | 2312/6208 [06:33<11:02,  5.88it/s, v_num=t-12, loss/train=2.070]Epoch 0:  37%|███▋      | 2313/6208 [06:33<11:02,  5.88it/s, v_num=t-12, loss/train=2.070]Epoch 0:  37%|███▋      | 2313/6208 [06:33<11:02,  5.88it/s, v_num=t-12, loss/train=2.210]Epoch 0:  37%|███▋      | 2314/6208 [06:33<11:02,  5.88it/s, v_num=t-12, loss/train=2.210]Epoch 0:  37%|███▋      | 2314/6208 [06:33<11:02,  5.88it/s, v_num=t-12, loss/train=2.590]Epoch 0:  37%|███▋      | 2315/6208 [06:33<11:02,  5.88it/s, v_num=t-12, loss/train=2.590]Epoch 0:  37%|███▋      | 2315/6208 [06:33<11:02,  5.88it/s, v_num=t-12, loss/train=1.940]Epoch 0:  37%|███▋      | 2316/6208 [06:34<11:02,  5.88it/s, v_num=t-12, loss/train=1.940]Epoch 0:  37%|███▋      | 2316/6208 [06:34<11:02,  5.88it/s, v_num=t-12, loss/train=1.820]Epoch 0:  37%|███▋      | 2317/6208 [06:34<11:01,  5.88it/s, v_num=t-12, loss/train=1.820]Epoch 0:  37%|███▋      | 2317/6208 [06:34<11:01,  5.88it/s, v_num=t-12, loss/train=1.270]Epoch 0:  37%|███▋      | 2318/6208 [06:34<11:01,  5.88it/s, v_num=t-12, loss/train=1.270]Epoch 0:  37%|███▋      | 2318/6208 [06:34<11:01,  5.88it/s, v_num=t-12, loss/train=1.510]Epoch 0:  37%|███▋      | 2319/6208 [06:34<11:01,  5.88it/s, v_num=t-12, loss/train=1.510]Epoch 0:  37%|███▋      | 2319/6208 [06:34<11:01,  5.88it/s, v_num=t-12, loss/train=2.750]Epoch 0:  37%|███▋      | 2320/6208 [06:34<11:01,  5.88it/s, v_num=t-12, loss/train=2.750]Epoch 0:  37%|███▋      | 2320/6208 [06:34<11:01,  5.88it/s, v_num=t-12, loss/train=2.590]Epoch 0:  37%|███▋      | 2321/6208 [06:34<11:01,  5.88it/s, v_num=t-12, loss/train=2.590]Epoch 0:  37%|███▋      | 2321/6208 [06:34<11:01,  5.88it/s, v_num=t-12, loss/train=2.200]Epoch 0:  37%|███▋      | 2322/6208 [06:35<11:01,  5.88it/s, v_num=t-12, loss/train=2.200]Epoch 0:  37%|███▋      | 2322/6208 [06:35<11:01,  5.88it/s, v_num=t-12, loss/train=2.820]Epoch 0:  37%|███▋      | 2323/6208 [06:35<11:00,  5.88it/s, v_num=t-12, loss/train=2.820]Epoch 0:  37%|███▋      | 2323/6208 [06:35<11:00,  5.88it/s, v_num=t-12, loss/train=2.110]Epoch 0:  37%|███▋      | 2324/6208 [06:35<11:00,  5.88it/s, v_num=t-12, loss/train=2.110]Epoch 0:  37%|███▋      | 2324/6208 [06:35<11:00,  5.88it/s, v_num=t-12, loss/train=1.850]Epoch 0:  37%|███▋      | 2325/6208 [06:35<11:00,  5.88it/s, v_num=t-12, loss/train=1.850]Epoch 0:  37%|███▋      | 2325/6208 [06:35<11:00,  5.88it/s, v_num=t-12, loss/train=2.700]Epoch 0:  37%|███▋      | 2326/6208 [06:35<11:00,  5.88it/s, v_num=t-12, loss/train=2.700]Epoch 0:  37%|███▋      | 2326/6208 [06:35<11:00,  5.88it/s, v_num=t-12, loss/train=3.030]Epoch 0:  37%|███▋      | 2327/6208 [06:35<11:00,  5.88it/s, v_num=t-12, loss/train=3.030]Epoch 0:  37%|███▋      | 2327/6208 [06:35<11:00,  5.88it/s, v_num=t-12, loss/train=2.330]Epoch 0:  38%|███▊      | 2328/6208 [06:35<10:59,  5.88it/s, v_num=t-12, loss/train=2.330]Epoch 0:  38%|███▊      | 2328/6208 [06:35<10:59,  5.88it/s, v_num=t-12, loss/train=1.920]Epoch 0:  38%|███▊      | 2329/6208 [06:36<10:59,  5.88it/s, v_num=t-12, loss/train=1.920]Epoch 0:  38%|███▊      | 2329/6208 [06:36<10:59,  5.88it/s, v_num=t-12, loss/train=2.630]Epoch 0:  38%|███▊      | 2330/6208 [06:36<10:59,  5.88it/s, v_num=t-12, loss/train=2.630]Epoch 0:  38%|███▊      | 2330/6208 [06:36<10:59,  5.88it/s, v_num=t-12, loss/train=2.380]Epoch 0:  38%|███▊      | 2331/6208 [06:36<10:59,  5.88it/s, v_num=t-12, loss/train=2.380]Epoch 0:  38%|███▊      | 2331/6208 [06:36<10:59,  5.88it/s, v_num=t-12, loss/train=2.040]Epoch 0:  38%|███▊      | 2332/6208 [06:36<10:59,  5.88it/s, v_num=t-12, loss/train=2.040]Epoch 0:  38%|███▊      | 2332/6208 [06:36<10:59,  5.88it/s, v_num=t-12, loss/train=2.300]Epoch 0:  38%|███▊      | 2333/6208 [06:36<10:58,  5.88it/s, v_num=t-12, loss/train=2.300]Epoch 0:  38%|███▊      | 2333/6208 [06:36<10:59,  5.88it/s, v_num=t-12, loss/train=2.230]Epoch 0:  38%|███▊      | 2334/6208 [06:36<10:58,  5.88it/s, v_num=t-12, loss/train=2.230]Epoch 0:  38%|███▊      | 2334/6208 [06:36<10:58,  5.88it/s, v_num=t-12, loss/train=1.900]Epoch 0:  38%|███▊      | 2335/6208 [06:37<10:58,  5.88it/s, v_num=t-12, loss/train=1.900]Epoch 0:  38%|███▊      | 2335/6208 [06:37<10:58,  5.88it/s, v_num=t-12, loss/train=2.600]Epoch 0:  38%|███▊      | 2336/6208 [06:37<10:58,  5.88it/s, v_num=t-12, loss/train=2.600]Epoch 0:  38%|███▊      | 2336/6208 [06:37<10:58,  5.88it/s, v_num=t-12, loss/train=1.620]Epoch 0:  38%|███▊      | 2337/6208 [06:37<10:58,  5.88it/s, v_num=t-12, loss/train=1.620]Epoch 0:  38%|███▊      | 2337/6208 [06:37<10:58,  5.88it/s, v_num=t-12, loss/train=1.470]Epoch 0:  38%|███▊      | 2338/6208 [06:37<10:58,  5.88it/s, v_num=t-12, loss/train=1.470]Epoch 0:  38%|███▊      | 2338/6208 [06:37<10:58,  5.88it/s, v_num=t-12, loss/train=2.100]Epoch 0:  38%|███▊      | 2339/6208 [06:37<10:57,  5.88it/s, v_num=t-12, loss/train=2.100]Epoch 0:  38%|███▊      | 2339/6208 [06:37<10:57,  5.88it/s, v_num=t-12, loss/train=1.620]Epoch 0:  38%|███▊      | 2340/6208 [06:37<10:57,  5.88it/s, v_num=t-12, loss/train=1.620]Epoch 0:  38%|███▊      | 2340/6208 [06:37<10:57,  5.88it/s, v_num=t-12, loss/train=1.940]Epoch 0:  38%|███▊      | 2341/6208 [06:38<10:57,  5.88it/s, v_num=t-12, loss/train=1.940]Epoch 0:  38%|███▊      | 2341/6208 [06:38<10:57,  5.88it/s, v_num=t-12, loss/train=1.360]Epoch 0:  38%|███▊      | 2342/6208 [06:38<10:57,  5.88it/s, v_num=t-12, loss/train=1.360]Epoch 0:  38%|███▊      | 2342/6208 [06:38<10:57,  5.88it/s, v_num=t-12, loss/train=1.750]Epoch 0:  38%|███▊      | 2343/6208 [06:38<10:57,  5.88it/s, v_num=t-12, loss/train=1.750]Epoch 0:  38%|███▊      | 2343/6208 [06:38<10:57,  5.88it/s, v_num=t-12, loss/train=2.140]Epoch 0:  38%|███▊      | 2344/6208 [06:38<10:56,  5.88it/s, v_num=t-12, loss/train=2.140]Epoch 0:  38%|███▊      | 2344/6208 [06:38<10:56,  5.88it/s, v_num=t-12, loss/train=2.300]Epoch 0:  38%|███▊      | 2345/6208 [06:38<10:56,  5.88it/s, v_num=t-12, loss/train=2.300]Epoch 0:  38%|███▊      | 2345/6208 [06:38<10:56,  5.88it/s, v_num=t-12, loss/train=3.060]Epoch 0:  38%|███▊      | 2346/6208 [06:38<10:56,  5.88it/s, v_num=t-12, loss/train=3.060]Epoch 0:  38%|███▊      | 2346/6208 [06:38<10:56,  5.88it/s, v_num=t-12, loss/train=1.680]Epoch 0:  38%|███▊      | 2347/6208 [06:38<10:56,  5.88it/s, v_num=t-12, loss/train=1.680]Epoch 0:  38%|███▊      | 2347/6208 [06:39<10:56,  5.88it/s, v_num=t-12, loss/train=2.340]Epoch 0:  38%|███▊      | 2348/6208 [06:39<10:56,  5.88it/s, v_num=t-12, loss/train=2.340]Epoch 0:  38%|███▊      | 2348/6208 [06:39<10:56,  5.88it/s, v_num=t-12, loss/train=2.190]Epoch 0:  38%|███▊      | 2349/6208 [06:39<10:56,  5.88it/s, v_num=t-12, loss/train=2.190]Epoch 0:  38%|███▊      | 2349/6208 [06:39<10:56,  5.88it/s, v_num=t-12, loss/train=1.720]Epoch 0:  38%|███▊      | 2350/6208 [06:39<10:56,  5.88it/s, v_num=t-12, loss/train=1.720]Epoch 0:  38%|███▊      | 2350/6208 [06:39<10:56,  5.88it/s, v_num=t-12, loss/train=2.570]Epoch 0:  38%|███▊      | 2351/6208 [06:39<10:55,  5.88it/s, v_num=t-12, loss/train=2.570]Epoch 0:  38%|███▊      | 2351/6208 [06:39<10:55,  5.88it/s, v_num=t-12, loss/train=1.570]Epoch 0:  38%|███▊      | 2352/6208 [06:39<10:55,  5.88it/s, v_num=t-12, loss/train=1.570]Epoch 0:  38%|███▊      | 2352/6208 [06:39<10:55,  5.88it/s, v_num=t-12, loss/train=2.440]Epoch 0:  38%|███▊      | 2353/6208 [06:40<10:55,  5.88it/s, v_num=t-12, loss/train=2.440]Epoch 0:  38%|███▊      | 2353/6208 [06:40<10:55,  5.88it/s, v_num=t-12, loss/train=1.300]Epoch 0:  38%|███▊      | 2354/6208 [06:40<10:55,  5.88it/s, v_num=t-12, loss/train=1.300]Epoch 0:  38%|███▊      | 2354/6208 [06:40<10:55,  5.88it/s, v_num=t-12, loss/train=2.170]Epoch 0:  38%|███▊      | 2355/6208 [06:40<10:55,  5.88it/s, v_num=t-12, loss/train=2.170]Epoch 0:  38%|███▊      | 2355/6208 [06:40<10:55,  5.88it/s, v_num=t-12, loss/train=2.320]Epoch 0:  38%|███▊      | 2356/6208 [06:40<10:55,  5.88it/s, v_num=t-12, loss/train=2.320]Epoch 0:  38%|███▊      | 2356/6208 [06:40<10:55,  5.88it/s, v_num=t-12, loss/train=3.680]Epoch 0:  38%|███▊      | 2357/6208 [06:41<10:55,  5.88it/s, v_num=t-12, loss/train=3.680]Epoch 0:  38%|███▊      | 2357/6208 [06:41<10:55,  5.88it/s, v_num=t-12, loss/train=2.490]Epoch 0:  38%|███▊      | 2358/6208 [06:41<10:55,  5.88it/s, v_num=t-12, loss/train=2.490]Epoch 0:  38%|███▊      | 2358/6208 [06:41<10:55,  5.88it/s, v_num=t-12, loss/train=1.950]Epoch 0:  38%|███▊      | 2359/6208 [06:41<10:54,  5.88it/s, v_num=t-12, loss/train=1.950]Epoch 0:  38%|███▊      | 2359/6208 [06:41<10:54,  5.88it/s, v_num=t-12, loss/train=2.460]Epoch 0:  38%|███▊      | 2360/6208 [06:41<10:54,  5.88it/s, v_num=t-12, loss/train=2.460]Epoch 0:  38%|███▊      | 2360/6208 [06:41<10:54,  5.88it/s, v_num=t-12, loss/train=1.980]Epoch 0:  38%|███▊      | 2361/6208 [06:41<10:54,  5.88it/s, v_num=t-12, loss/train=1.980]Epoch 0:  38%|███▊      | 2361/6208 [06:41<10:54,  5.88it/s, v_num=t-12, loss/train=3.250]Epoch 0:  38%|███▊      | 2362/6208 [06:41<10:54,  5.88it/s, v_num=t-12, loss/train=3.250]Epoch 0:  38%|███▊      | 2362/6208 [06:41<10:54,  5.88it/s, v_num=t-12, loss/train=1.130]Epoch 0:  38%|███▊      | 2363/6208 [06:42<10:54,  5.88it/s, v_num=t-12, loss/train=1.130]Epoch 0:  38%|███▊      | 2363/6208 [06:42<10:54,  5.88it/s, v_num=t-12, loss/train=2.280]Epoch 0:  38%|███▊      | 2364/6208 [06:42<10:53,  5.88it/s, v_num=t-12, loss/train=2.280]Epoch 0:  38%|███▊      | 2364/6208 [06:42<10:53,  5.88it/s, v_num=t-12, loss/train=2.300]Epoch 0:  38%|███▊      | 2365/6208 [06:42<10:53,  5.88it/s, v_num=t-12, loss/train=2.300]Epoch 0:  38%|███▊      | 2365/6208 [06:42<10:53,  5.88it/s, v_num=t-12, loss/train=1.940]Epoch 0:  38%|███▊      | 2366/6208 [06:42<10:53,  5.88it/s, v_num=t-12, loss/train=1.940]Epoch 0:  38%|███▊      | 2366/6208 [06:42<10:53,  5.88it/s, v_num=t-12, loss/train=2.090]Epoch 0:  38%|███▊      | 2367/6208 [06:42<10:53,  5.88it/s, v_num=t-12, loss/train=2.090]Epoch 0:  38%|███▊      | 2367/6208 [06:42<10:53,  5.88it/s, v_num=t-12, loss/train=2.650]Epoch 0:  38%|███▊      | 2368/6208 [06:42<10:53,  5.88it/s, v_num=t-12, loss/train=2.650]Epoch 0:  38%|███▊      | 2368/6208 [06:42<10:53,  5.88it/s, v_num=t-12, loss/train=1.890]Epoch 0:  38%|███▊      | 2369/6208 [06:43<10:53,  5.88it/s, v_num=t-12, loss/train=1.890]Epoch 0:  38%|███▊      | 2369/6208 [06:43<10:53,  5.88it/s, v_num=t-12, loss/train=2.380]Epoch 0:  38%|███▊      | 2370/6208 [06:43<10:52,  5.88it/s, v_num=t-12, loss/train=2.380]Epoch 0:  38%|███▊      | 2370/6208 [06:43<10:52,  5.88it/s, v_num=t-12, loss/train=2.240]Epoch 0:  38%|███▊      | 2371/6208 [06:43<10:52,  5.88it/s, v_num=t-12, loss/train=2.240]Epoch 0:  38%|███▊      | 2371/6208 [06:43<10:52,  5.88it/s, v_num=t-12, loss/train=1.580]Epoch 0:  38%|███▊      | 2372/6208 [06:43<10:52,  5.88it/s, v_num=t-12, loss/train=1.580]Epoch 0:  38%|███▊      | 2372/6208 [06:43<10:52,  5.88it/s, v_num=t-12, loss/train=1.950]Epoch 0:  38%|███▊      | 2373/6208 [06:43<10:52,  5.88it/s, v_num=t-12, loss/train=1.950]Epoch 0:  38%|███▊      | 2373/6208 [06:43<10:52,  5.88it/s, v_num=t-12, loss/train=2.060]Epoch 0:  38%|███▊      | 2374/6208 [06:43<10:52,  5.88it/s, v_num=t-12, loss/train=2.060]Epoch 0:  38%|███▊      | 2374/6208 [06:43<10:52,  5.88it/s, v_num=t-12, loss/train=1.770]Epoch 0:  38%|███▊      | 2375/6208 [06:43<10:51,  5.88it/s, v_num=t-12, loss/train=1.770]Epoch 0:  38%|███▊      | 2375/6208 [06:43<10:51,  5.88it/s, v_num=t-12, loss/train=1.510]Epoch 0:  38%|███▊      | 2376/6208 [06:44<10:51,  5.88it/s, v_num=t-12, loss/train=1.510]Epoch 0:  38%|███▊      | 2376/6208 [06:44<10:51,  5.88it/s, v_num=t-12, loss/train=1.570]Epoch 0:  38%|███▊      | 2377/6208 [06:44<10:51,  5.88it/s, v_num=t-12, loss/train=1.570]Epoch 0:  38%|███▊      | 2377/6208 [06:44<10:51,  5.88it/s, v_num=t-12, loss/train=2.130]Epoch 0:  38%|███▊      | 2378/6208 [06:44<10:51,  5.88it/s, v_num=t-12, loss/train=2.130]Epoch 0:  38%|███▊      | 2378/6208 [06:44<10:51,  5.88it/s, v_num=t-12, loss/train=2.590]Epoch 0:  38%|███▊      | 2379/6208 [06:44<10:51,  5.88it/s, v_num=t-12, loss/train=2.590]Epoch 0:  38%|███▊      | 2379/6208 [06:44<10:51,  5.88it/s, v_num=t-12, loss/train=2.410]Epoch 0:  38%|███▊      | 2380/6208 [06:44<10:51,  5.88it/s, v_num=t-12, loss/train=2.410]Epoch 0:  38%|███▊      | 2380/6208 [06:44<10:51,  5.88it/s, v_num=t-12, loss/train=2.100]Epoch 0:  38%|███▊      | 2381/6208 [06:44<10:50,  5.88it/s, v_num=t-12, loss/train=2.100]Epoch 0:  38%|███▊      | 2381/6208 [06:44<10:50,  5.88it/s, v_num=t-12, loss/train=1.920]Epoch 0:  38%|███▊      | 2382/6208 [06:45<10:50,  5.88it/s, v_num=t-12, loss/train=1.920]Epoch 0:  38%|███▊      | 2382/6208 [06:45<10:50,  5.88it/s, v_num=t-12, loss/train=1.610]Epoch 0:  38%|███▊      | 2383/6208 [06:45<10:50,  5.88it/s, v_num=t-12, loss/train=1.610]Epoch 0:  38%|███▊      | 2383/6208 [06:45<10:50,  5.88it/s, v_num=t-12, loss/train=1.660]Epoch 0:  38%|███▊      | 2384/6208 [06:45<10:50,  5.88it/s, v_num=t-12, loss/train=1.660]Epoch 0:  38%|███▊      | 2384/6208 [06:45<10:50,  5.88it/s, v_num=t-12, loss/train=1.700]Epoch 0:  38%|███▊      | 2385/6208 [06:45<10:50,  5.88it/s, v_num=t-12, loss/train=1.700]Epoch 0:  38%|███▊      | 2385/6208 [06:45<10:50,  5.88it/s, v_num=t-12, loss/train=1.370]Epoch 0:  38%|███▊      | 2386/6208 [06:45<10:49,  5.88it/s, v_num=t-12, loss/train=1.370]Epoch 0:  38%|███▊      | 2386/6208 [06:45<10:49,  5.88it/s, v_num=t-12, loss/train=2.370]Epoch 0:  38%|███▊      | 2387/6208 [06:45<10:49,  5.88it/s, v_num=t-12, loss/train=2.370]Epoch 0:  38%|███▊      | 2387/6208 [06:45<10:49,  5.88it/s, v_num=t-12, loss/train=1.670]Epoch 0:  38%|███▊      | 2388/6208 [06:46<10:49,  5.88it/s, v_num=t-12, loss/train=1.670]Epoch 0:  38%|███▊      | 2388/6208 [06:46<10:49,  5.88it/s, v_num=t-12, loss/train=1.690]Epoch 0:  38%|███▊      | 2389/6208 [06:46<10:49,  5.88it/s, v_num=t-12, loss/train=1.690]Epoch 0:  38%|███▊      | 2389/6208 [06:46<10:49,  5.88it/s, v_num=t-12, loss/train=2.060]Epoch 0:  38%|███▊      | 2390/6208 [06:46<10:49,  5.88it/s, v_num=t-12, loss/train=2.060]Epoch 0:  38%|███▊      | 2390/6208 [06:46<10:49,  5.88it/s, v_num=t-12, loss/train=2.220]Epoch 0:  39%|███▊      | 2391/6208 [06:46<10:49,  5.88it/s, v_num=t-12, loss/train=2.220]Epoch 0:  39%|███▊      | 2391/6208 [06:46<10:49,  5.88it/s, v_num=t-12, loss/train=1.800]Epoch 0:  39%|███▊      | 2392/6208 [06:46<10:48,  5.88it/s, v_num=t-12, loss/train=1.800]Epoch 0:  39%|███▊      | 2392/6208 [06:46<10:48,  5.88it/s, v_num=t-12, loss/train=1.400]Epoch 0:  39%|███▊      | 2393/6208 [06:46<10:48,  5.88it/s, v_num=t-12, loss/train=1.400]Epoch 0:  39%|███▊      | 2393/6208 [06:46<10:48,  5.88it/s, v_num=t-12, loss/train=2.550]Epoch 0:  39%|███▊      | 2394/6208 [06:47<10:48,  5.88it/s, v_num=t-12, loss/train=2.550]Epoch 0:  39%|███▊      | 2394/6208 [06:47<10:48,  5.88it/s, v_num=t-12, loss/train=1.820]Epoch 0:  39%|███▊      | 2395/6208 [06:47<10:48,  5.88it/s, v_num=t-12, loss/train=1.820]Epoch 0:  39%|███▊      | 2395/6208 [06:47<10:48,  5.88it/s, v_num=t-12, loss/train=3.560]Epoch 0:  39%|███▊      | 2396/6208 [06:47<10:48,  5.88it/s, v_num=t-12, loss/train=3.560]Epoch 0:  39%|███▊      | 2396/6208 [06:47<10:48,  5.88it/s, v_num=t-12, loss/train=2.010]Epoch 0:  39%|███▊      | 2397/6208 [06:47<10:47,  5.88it/s, v_num=t-12, loss/train=2.010]Epoch 0:  39%|███▊      | 2397/6208 [06:47<10:47,  5.88it/s, v_num=t-12, loss/train=2.050]Epoch 0:  39%|███▊      | 2398/6208 [06:47<10:47,  5.88it/s, v_num=t-12, loss/train=2.050]Epoch 0:  39%|███▊      | 2398/6208 [06:47<10:47,  5.88it/s, v_num=t-12, loss/train=1.680]Epoch 0:  39%|███▊      | 2399/6208 [06:47<10:47,  5.88it/s, v_num=t-12, loss/train=1.680]Epoch 0:  39%|███▊      | 2399/6208 [06:47<10:47,  5.88it/s, v_num=t-12, loss/train=2.110]Epoch 0:  39%|███▊      | 2400/6208 [06:47<10:47,  5.88it/s, v_num=t-12, loss/train=2.110]Epoch 0:  39%|███▊      | 2400/6208 [06:47<10:47,  5.88it/s, v_num=t-12, loss/train=2.340]Epoch 0:  39%|███▊      | 2401/6208 [06:48<10:47,  5.88it/s, v_num=t-12, loss/train=2.340]Epoch 0:  39%|███▊      | 2401/6208 [06:48<10:47,  5.88it/s, v_num=t-12, loss/train=1.730]Epoch 0:  39%|███▊      | 2402/6208 [06:48<10:47,  5.88it/s, v_num=t-12, loss/train=1.730]Epoch 0:  39%|███▊      | 2402/6208 [06:48<10:47,  5.88it/s, v_num=t-12, loss/train=2.340]Epoch 0:  39%|███▊      | 2403/6208 [06:48<10:46,  5.88it/s, v_num=t-12, loss/train=2.340]Epoch 0:  39%|███▊      | 2403/6208 [06:48<10:46,  5.88it/s, v_num=t-12, loss/train=2.270]Epoch 0:  39%|███▊      | 2404/6208 [06:48<10:46,  5.88it/s, v_num=t-12, loss/train=2.270]Epoch 0:  39%|███▊      | 2404/6208 [06:48<10:46,  5.88it/s, v_num=t-12, loss/train=1.750]Epoch 0:  39%|███▊      | 2405/6208 [06:48<10:46,  5.88it/s, v_num=t-12, loss/train=1.750]Epoch 0:  39%|███▊      | 2405/6208 [06:48<10:46,  5.88it/s, v_num=t-12, loss/train=2.060]Epoch 0:  39%|███▉      | 2406/6208 [06:48<10:46,  5.88it/s, v_num=t-12, loss/train=2.060]Epoch 0:  39%|███▉      | 2406/6208 [06:48<10:46,  5.88it/s, v_num=t-12, loss/train=1.050]Epoch 0:  39%|███▉      | 2407/6208 [06:49<10:46,  5.88it/s, v_num=t-12, loss/train=1.050]Epoch 0:  39%|███▉      | 2407/6208 [06:49<10:46,  5.88it/s, v_num=t-12, loss/train=1.440]Epoch 0:  39%|███▉      | 2408/6208 [06:49<10:45,  5.88it/s, v_num=t-12, loss/train=1.440]Epoch 0:  39%|███▉      | 2408/6208 [06:49<10:45,  5.88it/s, v_num=t-12, loss/train=2.070]Epoch 0:  39%|███▉      | 2409/6208 [06:49<10:45,  5.88it/s, v_num=t-12, loss/train=2.070]Epoch 0:  39%|███▉      | 2409/6208 [06:49<10:45,  5.88it/s, v_num=t-12, loss/train=2.330]Epoch 0:  39%|███▉      | 2410/6208 [06:49<10:45,  5.88it/s, v_num=t-12, loss/train=2.330]Epoch 0:  39%|███▉      | 2410/6208 [06:49<10:45,  5.88it/s, v_num=t-12, loss/train=2.260]Epoch 0:  39%|███▉      | 2411/6208 [06:49<10:45,  5.88it/s, v_num=t-12, loss/train=2.260]Epoch 0:  39%|███▉      | 2411/6208 [06:49<10:45,  5.88it/s, v_num=t-12, loss/train=1.580]Epoch 0:  39%|███▉      | 2412/6208 [06:49<10:45,  5.88it/s, v_num=t-12, loss/train=1.580]Epoch 0:  39%|███▉      | 2412/6208 [06:49<10:45,  5.88it/s, v_num=t-12, loss/train=2.310]Epoch 0:  39%|███▉      | 2413/6208 [06:50<10:44,  5.88it/s, v_num=t-12, loss/train=2.310]Epoch 0:  39%|███▉      | 2413/6208 [06:50<10:44,  5.88it/s, v_num=t-12, loss/train=1.560]Epoch 0:  39%|███▉      | 2414/6208 [06:50<10:44,  5.88it/s, v_num=t-12, loss/train=1.560]Epoch 0:  39%|███▉      | 2414/6208 [06:50<10:44,  5.88it/s, v_num=t-12, loss/train=1.700]Epoch 0:  39%|███▉      | 2415/6208 [06:50<10:44,  5.88it/s, v_num=t-12, loss/train=1.700]Epoch 0:  39%|███▉      | 2415/6208 [06:50<10:44,  5.88it/s, v_num=t-12, loss/train=1.890]Epoch 0:  39%|███▉      | 2416/6208 [06:50<10:44,  5.88it/s, v_num=t-12, loss/train=1.890]Epoch 0:  39%|███▉      | 2416/6208 [06:50<10:44,  5.88it/s, v_num=t-12, loss/train=1.880]Epoch 0:  39%|███▉      | 2417/6208 [06:50<10:44,  5.88it/s, v_num=t-12, loss/train=1.880]Epoch 0:  39%|███▉      | 2417/6208 [06:50<10:44,  5.88it/s, v_num=t-12, loss/train=2.470]Epoch 0:  39%|███▉      | 2418/6208 [06:50<10:44,  5.88it/s, v_num=t-12, loss/train=2.470]Epoch 0:  39%|███▉      | 2418/6208 [06:50<10:44,  5.88it/s, v_num=t-12, loss/train=1.880]Epoch 0:  39%|███▉      | 2419/6208 [06:51<10:43,  5.89it/s, v_num=t-12, loss/train=1.880]Epoch 0:  39%|███▉      | 2419/6208 [06:51<10:43,  5.88it/s, v_num=t-12, loss/train=1.730]Epoch 0:  39%|███▉      | 2420/6208 [06:51<10:43,  5.88it/s, v_num=t-12, loss/train=1.730]Epoch 0:  39%|███▉      | 2420/6208 [06:51<10:43,  5.88it/s, v_num=t-12, loss/train=2.250]Epoch 0:  39%|███▉      | 2421/6208 [06:51<10:43,  5.88it/s, v_num=t-12, loss/train=2.250]Epoch 0:  39%|███▉      | 2421/6208 [06:51<10:43,  5.88it/s, v_num=t-12, loss/train=2.370]Epoch 0:  39%|███▉      | 2422/6208 [06:51<10:43,  5.89it/s, v_num=t-12, loss/train=2.370]Epoch 0:  39%|███▉      | 2422/6208 [06:51<10:43,  5.88it/s, v_num=t-12, loss/train=1.210]Epoch 0:  39%|███▉      | 2423/6208 [06:51<10:43,  5.89it/s, v_num=t-12, loss/train=1.210]Epoch 0:  39%|███▉      | 2423/6208 [06:51<10:43,  5.89it/s, v_num=t-12, loss/train=1.450]Epoch 0:  39%|███▉      | 2424/6208 [06:51<10:42,  5.89it/s, v_num=t-12, loss/train=1.450]Epoch 0:  39%|███▉      | 2424/6208 [06:51<10:42,  5.88it/s, v_num=t-12, loss/train=3.270]Epoch 0:  39%|███▉      | 2425/6208 [06:52<10:42,  5.89it/s, v_num=t-12, loss/train=3.270]Epoch 0:  39%|███▉      | 2425/6208 [06:52<10:42,  5.89it/s, v_num=t-12, loss/train=1.940]Epoch 0:  39%|███▉      | 2426/6208 [06:52<10:42,  5.89it/s, v_num=t-12, loss/train=1.940]Epoch 0:  39%|███▉      | 2426/6208 [06:52<10:42,  5.89it/s, v_num=t-12, loss/train=1.440]Epoch 0:  39%|███▉      | 2427/6208 [06:52<10:42,  5.89it/s, v_num=t-12, loss/train=1.440]Epoch 0:  39%|███▉      | 2427/6208 [06:52<10:42,  5.89it/s, v_num=t-12, loss/train=2.020]Epoch 0:  39%|███▉      | 2428/6208 [06:52<10:42,  5.89it/s, v_num=t-12, loss/train=2.020]Epoch 0:  39%|███▉      | 2428/6208 [06:52<10:42,  5.89it/s, v_num=t-12, loss/train=1.980]Epoch 0:  39%|███▉      | 2429/6208 [06:52<10:42,  5.89it/s, v_num=t-12, loss/train=1.980]Epoch 0:  39%|███▉      | 2429/6208 [06:52<10:42,  5.89it/s, v_num=t-12, loss/train=2.470]Epoch 0:  39%|███▉      | 2430/6208 [06:53<10:42,  5.88it/s, v_num=t-12, loss/train=2.470]Epoch 0:  39%|███▉      | 2430/6208 [06:53<10:42,  5.88it/s, v_num=t-12, loss/train=2.920]Epoch 0:  39%|███▉      | 2431/6208 [06:53<10:41,  5.88it/s, v_num=t-12, loss/train=2.920]Epoch 0:  39%|███▉      | 2431/6208 [06:53<10:41,  5.88it/s, v_num=t-12, loss/train=1.620]Epoch 0:  39%|███▉      | 2432/6208 [06:53<10:41,  5.88it/s, v_num=t-12, loss/train=1.620]Epoch 0:  39%|███▉      | 2432/6208 [06:53<10:41,  5.88it/s, v_num=t-12, loss/train=2.060]Epoch 0:  39%|███▉      | 2433/6208 [06:53<10:41,  5.88it/s, v_num=t-12, loss/train=2.060]Epoch 0:  39%|███▉      | 2433/6208 [06:53<10:41,  5.88it/s, v_num=t-12, loss/train=2.590]Epoch 0:  39%|███▉      | 2434/6208 [06:53<10:41,  5.88it/s, v_num=t-12, loss/train=2.590]Epoch 0:  39%|███▉      | 2434/6208 [06:53<10:41,  5.88it/s, v_num=t-12, loss/train=3.520]Epoch 0:  39%|███▉      | 2435/6208 [06:53<10:41,  5.88it/s, v_num=t-12, loss/train=3.520]Epoch 0:  39%|███▉      | 2435/6208 [06:53<10:41,  5.88it/s, v_num=t-12, loss/train=2.260]Epoch 0:  39%|███▉      | 2436/6208 [06:53<10:40,  5.88it/s, v_num=t-12, loss/train=2.260]Epoch 0:  39%|███▉      | 2436/6208 [06:53<10:40,  5.88it/s, v_num=t-12, loss/train=1.840]Epoch 0:  39%|███▉      | 2437/6208 [06:54<10:40,  5.89it/s, v_num=t-12, loss/train=1.840]Epoch 0:  39%|███▉      | 2437/6208 [06:54<10:40,  5.88it/s, v_num=t-12, loss/train=2.390]Epoch 0:  39%|███▉      | 2438/6208 [06:54<10:40,  5.89it/s, v_num=t-12, loss/train=2.390]Epoch 0:  39%|███▉      | 2438/6208 [06:54<10:40,  5.89it/s, v_num=t-12, loss/train=2.360]Epoch 0:  39%|███▉      | 2439/6208 [06:54<10:40,  5.89it/s, v_num=t-12, loss/train=2.360]Epoch 0:  39%|███▉      | 2439/6208 [06:54<10:40,  5.89it/s, v_num=t-12, loss/train=2.330]Epoch 0:  39%|███▉      | 2440/6208 [06:54<10:40,  5.89it/s, v_num=t-12, loss/train=2.330]Epoch 0:  39%|███▉      | 2440/6208 [06:54<10:40,  5.89it/s, v_num=t-12, loss/train=2.080]Epoch 0:  39%|███▉      | 2441/6208 [06:54<10:39,  5.89it/s, v_num=t-12, loss/train=2.080]Epoch 0:  39%|███▉      | 2441/6208 [06:54<10:40,  5.89it/s, v_num=t-12, loss/train=1.600]Epoch 0:  39%|███▉      | 2442/6208 [06:54<10:39,  5.89it/s, v_num=t-12, loss/train=1.600]Epoch 0:  39%|███▉      | 2442/6208 [06:54<10:39,  5.89it/s, v_num=t-12, loss/train=2.080]Epoch 0:  39%|███▉      | 2443/6208 [06:55<10:39,  5.89it/s, v_num=t-12, loss/train=2.080]Epoch 0:  39%|███▉      | 2443/6208 [06:55<10:39,  5.89it/s, v_num=t-12, loss/train=2.670]Epoch 0:  39%|███▉      | 2444/6208 [06:55<10:39,  5.89it/s, v_num=t-12, loss/train=2.670]Epoch 0:  39%|███▉      | 2444/6208 [06:55<10:39,  5.89it/s, v_num=t-12, loss/train=3.450]Epoch 0:  39%|███▉      | 2445/6208 [06:55<10:39,  5.89it/s, v_num=t-12, loss/train=3.450]Epoch 0:  39%|███▉      | 2445/6208 [06:55<10:39,  5.89it/s, v_num=t-12, loss/train=1.500]Epoch 0:  39%|███▉      | 2446/6208 [06:55<10:39,  5.89it/s, v_num=t-12, loss/train=1.500]Epoch 0:  39%|███▉      | 2446/6208 [06:55<10:39,  5.89it/s, v_num=t-12, loss/train=2.470]Epoch 0:  39%|███▉      | 2447/6208 [06:55<10:38,  5.89it/s, v_num=t-12, loss/train=2.470]Epoch 0:  39%|███▉      | 2447/6208 [06:55<10:38,  5.89it/s, v_num=t-12, loss/train=3.220]Epoch 0:  39%|███▉      | 2448/6208 [06:55<10:38,  5.89it/s, v_num=t-12, loss/train=3.220]Epoch 0:  39%|███▉      | 2448/6208 [06:55<10:38,  5.89it/s, v_num=t-12, loss/train=2.680]Epoch 0:  39%|███▉      | 2449/6208 [06:56<10:38,  5.89it/s, v_num=t-12, loss/train=2.680]Epoch 0:  39%|███▉      | 2449/6208 [06:56<10:38,  5.89it/s, v_num=t-12, loss/train=2.460]Epoch 0:  39%|███▉      | 2450/6208 [06:56<10:38,  5.89it/s, v_num=t-12, loss/train=2.460]Epoch 0:  39%|███▉      | 2450/6208 [06:56<10:38,  5.89it/s, v_num=t-12, loss/train=2.490]Epoch 0:  39%|███▉      | 2451/6208 [06:56<10:38,  5.89it/s, v_num=t-12, loss/train=2.490]Epoch 0:  39%|███▉      | 2451/6208 [06:56<10:38,  5.89it/s, v_num=t-12, loss/train=1.610]Epoch 0:  39%|███▉      | 2452/6208 [06:56<10:38,  5.89it/s, v_num=t-12, loss/train=1.610]Epoch 0:  39%|███▉      | 2452/6208 [06:56<10:38,  5.89it/s, v_num=t-12, loss/train=2.270]Epoch 0:  40%|███▉      | 2453/6208 [06:56<10:37,  5.89it/s, v_num=t-12, loss/train=2.270]Epoch 0:  40%|███▉      | 2453/6208 [06:56<10:37,  5.89it/s, v_num=t-12, loss/train=1.850]Epoch 0:  40%|███▉      | 2454/6208 [06:56<10:37,  5.89it/s, v_num=t-12, loss/train=1.850]Epoch 0:  40%|███▉      | 2454/6208 [06:56<10:37,  5.89it/s, v_num=t-12, loss/train=2.290]Epoch 0:  40%|███▉      | 2455/6208 [06:56<10:37,  5.89it/s, v_num=t-12, loss/train=2.290]Epoch 0:  40%|███▉      | 2455/6208 [06:56<10:37,  5.89it/s, v_num=t-12, loss/train=2.160]Epoch 0:  40%|███▉      | 2456/6208 [06:57<10:37,  5.89it/s, v_num=t-12, loss/train=2.160]Epoch 0:  40%|███▉      | 2456/6208 [06:57<10:37,  5.89it/s, v_num=t-12, loss/train=2.100]Epoch 0:  40%|███▉      | 2457/6208 [06:57<10:37,  5.89it/s, v_num=t-12, loss/train=2.100]Epoch 0:  40%|███▉      | 2457/6208 [06:57<10:37,  5.89it/s, v_num=t-12, loss/train=2.750]Epoch 0:  40%|███▉      | 2458/6208 [06:57<10:36,  5.89it/s, v_num=t-12, loss/train=2.750]Epoch 0:  40%|███▉      | 2458/6208 [06:57<10:36,  5.89it/s, v_num=t-12, loss/train=1.760]Epoch 0:  40%|███▉      | 2459/6208 [06:57<10:36,  5.89it/s, v_num=t-12, loss/train=1.760]Epoch 0:  40%|███▉      | 2459/6208 [06:57<10:36,  5.89it/s, v_num=t-12, loss/train=2.740]Epoch 0:  40%|███▉      | 2460/6208 [06:57<10:36,  5.89it/s, v_num=t-12, loss/train=2.740]Epoch 0:  40%|███▉      | 2460/6208 [06:57<10:36,  5.89it/s, v_num=t-12, loss/train=2.300]Epoch 0:  40%|███▉      | 2461/6208 [06:57<10:36,  5.89it/s, v_num=t-12, loss/train=2.300]Epoch 0:  40%|███▉      | 2461/6208 [06:57<10:36,  5.89it/s, v_num=t-12, loss/train=2.670]Epoch 0:  40%|███▉      | 2462/6208 [06:58<10:36,  5.89it/s, v_num=t-12, loss/train=2.670]Epoch 0:  40%|███▉      | 2462/6208 [06:58<10:36,  5.89it/s, v_num=t-12, loss/train=2.230]Epoch 0:  40%|███▉      | 2463/6208 [06:58<10:35,  5.89it/s, v_num=t-12, loss/train=2.230]Epoch 0:  40%|███▉      | 2463/6208 [06:58<10:35,  5.89it/s, v_num=t-12, loss/train=2.030]Epoch 0:  40%|███▉      | 2464/6208 [06:58<10:35,  5.89it/s, v_num=t-12, loss/train=2.030]Epoch 0:  40%|███▉      | 2464/6208 [06:58<10:35,  5.89it/s, v_num=t-12, loss/train=1.870]Epoch 0:  40%|███▉      | 2465/6208 [06:58<10:35,  5.89it/s, v_num=t-12, loss/train=1.870]Epoch 0:  40%|███▉      | 2465/6208 [06:58<10:35,  5.89it/s, v_num=t-12, loss/train=1.930]Epoch 0:  40%|███▉      | 2466/6208 [06:58<10:35,  5.89it/s, v_num=t-12, loss/train=1.930]Epoch 0:  40%|███▉      | 2466/6208 [06:58<10:35,  5.89it/s, v_num=t-12, loss/train=2.710]Epoch 0:  40%|███▉      | 2467/6208 [06:58<10:35,  5.89it/s, v_num=t-12, loss/train=2.710]Epoch 0:  40%|███▉      | 2467/6208 [06:58<10:35,  5.89it/s, v_num=t-12, loss/train=1.760]Epoch 0:  40%|███▉      | 2468/6208 [06:59<10:35,  5.89it/s, v_num=t-12, loss/train=1.760]Epoch 0:  40%|███▉      | 2468/6208 [06:59<10:35,  5.89it/s, v_num=t-12, loss/train=1.420]Epoch 0:  40%|███▉      | 2469/6208 [06:59<10:35,  5.89it/s, v_num=t-12, loss/train=1.420]Epoch 0:  40%|███▉      | 2469/6208 [06:59<10:35,  5.89it/s, v_num=t-12, loss/train=1.470]Epoch 0:  40%|███▉      | 2470/6208 [06:59<10:34,  5.89it/s, v_num=t-12, loss/train=1.470]Epoch 0:  40%|███▉      | 2470/6208 [06:59<10:34,  5.89it/s, v_num=t-12, loss/train=1.410]Epoch 0:  40%|███▉      | 2471/6208 [06:59<10:34,  5.89it/s, v_num=t-12, loss/train=1.410]Epoch 0:  40%|███▉      | 2471/6208 [06:59<10:34,  5.89it/s, v_num=t-12, loss/train=3.090]Epoch 0:  40%|███▉      | 2472/6208 [06:59<10:34,  5.89it/s, v_num=t-12, loss/train=3.090]Epoch 0:  40%|███▉      | 2472/6208 [06:59<10:34,  5.89it/s, v_num=t-12, loss/train=2.130]Epoch 0:  40%|███▉      | 2473/6208 [06:59<10:34,  5.89it/s, v_num=t-12, loss/train=2.130]Epoch 0:  40%|███▉      | 2473/6208 [06:59<10:34,  5.89it/s, v_num=t-12, loss/train=1.370]Epoch 0:  40%|███▉      | 2474/6208 [07:00<10:34,  5.89it/s, v_num=t-12, loss/train=1.370]Epoch 0:  40%|███▉      | 2474/6208 [07:00<10:34,  5.89it/s, v_num=t-12, loss/train=1.570]Epoch 0:  40%|███▉      | 2475/6208 [07:00<10:34,  5.89it/s, v_num=t-12, loss/train=1.570]Epoch 0:  40%|███▉      | 2475/6208 [07:00<10:34,  5.89it/s, v_num=t-12, loss/train=1.790]Epoch 0:  40%|███▉      | 2476/6208 [07:00<10:33,  5.89it/s, v_num=t-12, loss/train=1.790]Epoch 0:  40%|███▉      | 2476/6208 [07:00<10:33,  5.89it/s, v_num=t-12, loss/train=3.500]Epoch 0:  40%|███▉      | 2477/6208 [07:00<10:33,  5.89it/s, v_num=t-12, loss/train=3.500]Epoch 0:  40%|███▉      | 2477/6208 [07:00<10:33,  5.89it/s, v_num=t-12, loss/train=2.270]Epoch 0:  40%|███▉      | 2478/6208 [07:00<10:33,  5.89it/s, v_num=t-12, loss/train=2.270]Epoch 0:  40%|███▉      | 2478/6208 [07:00<10:33,  5.89it/s, v_num=t-12, loss/train=1.840]Epoch 0:  40%|███▉      | 2479/6208 [07:01<10:33,  5.89it/s, v_num=t-12, loss/train=1.840]Epoch 0:  40%|███▉      | 2479/6208 [07:01<10:33,  5.89it/s, v_num=t-12, loss/train=3.200]Epoch 0:  40%|███▉      | 2480/6208 [07:01<10:33,  5.89it/s, v_num=t-12, loss/train=3.200]Epoch 0:  40%|███▉      | 2480/6208 [07:01<10:33,  5.89it/s, v_num=t-12, loss/train=2.730]Epoch 0:  40%|███▉      | 2481/6208 [07:01<10:33,  5.89it/s, v_num=t-12, loss/train=2.730]Epoch 0:  40%|███▉      | 2481/6208 [07:01<10:33,  5.89it/s, v_num=t-12, loss/train=2.630]Epoch 0:  40%|███▉      | 2482/6208 [07:01<10:32,  5.89it/s, v_num=t-12, loss/train=2.630]Epoch 0:  40%|███▉      | 2482/6208 [07:01<10:32,  5.89it/s, v_num=t-12, loss/train=2.350]Epoch 0:  40%|███▉      | 2483/6208 [07:01<10:32,  5.89it/s, v_num=t-12, loss/train=2.350]Epoch 0:  40%|███▉      | 2483/6208 [07:01<10:32,  5.89it/s, v_num=t-12, loss/train=2.760]Epoch 0:  40%|████      | 2484/6208 [07:01<10:32,  5.89it/s, v_num=t-12, loss/train=2.760]Epoch 0:  40%|████      | 2484/6208 [07:01<10:32,  5.89it/s, v_num=t-12, loss/train=1.920]Epoch 0:  40%|████      | 2485/6208 [07:02<10:32,  5.89it/s, v_num=t-12, loss/train=1.920]Epoch 0:  40%|████      | 2485/6208 [07:02<10:32,  5.89it/s, v_num=t-12, loss/train=2.320]Epoch 0:  40%|████      | 2486/6208 [07:02<10:32,  5.89it/s, v_num=t-12, loss/train=2.320]Epoch 0:  40%|████      | 2486/6208 [07:02<10:32,  5.89it/s, v_num=t-12, loss/train=2.420]Epoch 0:  40%|████      | 2487/6208 [07:02<10:31,  5.89it/s, v_num=t-12, loss/train=2.420]Epoch 0:  40%|████      | 2487/6208 [07:02<10:31,  5.89it/s, v_num=t-12, loss/train=2.560]Epoch 0:  40%|████      | 2488/6208 [07:02<10:32,  5.89it/s, v_num=t-12, loss/train=2.560]Epoch 0:  40%|████      | 2488/6208 [07:02<10:32,  5.89it/s, v_num=t-12, loss/train=2.270]Epoch 0:  40%|████      | 2489/6208 [07:02<10:31,  5.89it/s, v_num=t-12, loss/train=2.270]Epoch 0:  40%|████      | 2489/6208 [07:02<10:31,  5.89it/s, v_num=t-12, loss/train=1.260]Epoch 0:  40%|████      | 2490/6208 [07:03<10:31,  5.89it/s, v_num=t-12, loss/train=1.260]Epoch 0:  40%|████      | 2490/6208 [07:03<10:31,  5.89it/s, v_num=t-12, loss/train=1.570]Epoch 0:  40%|████      | 2491/6208 [07:03<10:31,  5.89it/s, v_num=t-12, loss/train=1.570]Epoch 0:  40%|████      | 2491/6208 [07:03<10:31,  5.89it/s, v_num=t-12, loss/train=1.030]Epoch 0:  40%|████      | 2492/6208 [07:03<10:31,  5.89it/s, v_num=t-12, loss/train=1.030]Epoch 0:  40%|████      | 2492/6208 [07:03<10:31,  5.89it/s, v_num=t-12, loss/train=2.230]Epoch 0:  40%|████      | 2493/6208 [07:03<10:31,  5.89it/s, v_num=t-12, loss/train=2.230]Epoch 0:  40%|████      | 2493/6208 [07:03<10:31,  5.89it/s, v_num=t-12, loss/train=1.140]Epoch 0:  40%|████      | 2494/6208 [07:03<10:30,  5.89it/s, v_num=t-12, loss/train=1.140]Epoch 0:  40%|████      | 2494/6208 [07:03<10:30,  5.89it/s, v_num=t-12, loss/train=2.510]Epoch 0:  40%|████      | 2495/6208 [07:03<10:30,  5.89it/s, v_num=t-12, loss/train=2.510]Epoch 0:  40%|████      | 2495/6208 [07:03<10:30,  5.89it/s, v_num=t-12, loss/train=1.830]Epoch 0:  40%|████      | 2496/6208 [07:03<10:30,  5.89it/s, v_num=t-12, loss/train=1.830]Epoch 0:  40%|████      | 2496/6208 [07:03<10:30,  5.89it/s, v_num=t-12, loss/train=1.960]Epoch 0:  40%|████      | 2497/6208 [07:04<10:30,  5.89it/s, v_num=t-12, loss/train=1.960]Epoch 0:  40%|████      | 2497/6208 [07:04<10:30,  5.88it/s, v_num=t-12, loss/train=1.990]Epoch 0:  40%|████      | 2498/6208 [07:04<10:30,  5.89it/s, v_num=t-12, loss/train=1.990]Epoch 0:  40%|████      | 2498/6208 [07:04<10:30,  5.89it/s, v_num=t-12, loss/train=1.400]Epoch 0:  40%|████      | 2499/6208 [07:04<10:30,  5.89it/s, v_num=t-12, loss/train=1.400]Epoch 0:  40%|████      | 2499/6208 [07:04<10:30,  5.89it/s, v_num=t-12, loss/train=2.500]Epoch 0:  40%|████      | 2500/6208 [07:04<10:29,  5.89it/s, v_num=t-12, loss/train=2.500]Epoch 0:  40%|████      | 2500/6208 [07:04<10:29,  5.89it/s, v_num=t-12, loss/train=1.600]Epoch 0:  40%|████      | 2501/6208 [07:04<10:29,  5.89it/s, v_num=t-12, loss/train=1.600]Epoch 0:  40%|████      | 2501/6208 [07:04<10:29,  5.89it/s, v_num=t-12, loss/train=1.990]Epoch 0:  40%|████      | 2502/6208 [07:05<10:29,  5.89it/s, v_num=t-12, loss/train=1.990]Epoch 0:  40%|████      | 2502/6208 [07:05<10:29,  5.89it/s, v_num=t-12, loss/train=1.100]Epoch 0:  40%|████      | 2503/6208 [07:05<10:29,  5.89it/s, v_num=t-12, loss/train=1.100]Epoch 0:  40%|████      | 2503/6208 [07:05<10:29,  5.89it/s, v_num=t-12, loss/train=2.220]Epoch 0:  40%|████      | 2504/6208 [07:05<10:29,  5.89it/s, v_num=t-12, loss/train=2.220]Epoch 0:  40%|████      | 2504/6208 [07:05<10:29,  5.89it/s, v_num=t-12, loss/train=1.980]Epoch 0:  40%|████      | 2505/6208 [07:05<10:29,  5.89it/s, v_num=t-12, loss/train=1.980]Epoch 0:  40%|████      | 2505/6208 [07:05<10:29,  5.89it/s, v_num=t-12, loss/train=2.490]Epoch 0:  40%|████      | 2506/6208 [07:05<10:28,  5.89it/s, v_num=t-12, loss/train=2.490]Epoch 0:  40%|████      | 2506/6208 [07:05<10:28,  5.89it/s, v_num=t-12, loss/train=2.130]Epoch 0:  40%|████      | 2507/6208 [07:05<10:28,  5.89it/s, v_num=t-12, loss/train=2.130]Epoch 0:  40%|████      | 2507/6208 [07:05<10:28,  5.89it/s, v_num=t-12, loss/train=2.240]Epoch 0:  40%|████      | 2508/6208 [07:06<10:28,  5.89it/s, v_num=t-12, loss/train=2.240]Epoch 0:  40%|████      | 2508/6208 [07:06<10:28,  5.89it/s, v_num=t-12, loss/train=2.020]Epoch 0:  40%|████      | 2509/6208 [07:06<10:28,  5.89it/s, v_num=t-12, loss/train=2.020]Epoch 0:  40%|████      | 2509/6208 [07:06<10:28,  5.89it/s, v_num=t-12, loss/train=2.750]Epoch 0:  40%|████      | 2510/6208 [07:06<10:28,  5.89it/s, v_num=t-12, loss/train=2.750]Epoch 0:  40%|████      | 2510/6208 [07:06<10:28,  5.89it/s, v_num=t-12, loss/train=2.100]Epoch 0:  40%|████      | 2511/6208 [07:06<10:27,  5.89it/s, v_num=t-12, loss/train=2.100]Epoch 0:  40%|████      | 2511/6208 [07:06<10:28,  5.89it/s, v_num=t-12, loss/train=2.170]Epoch 0:  40%|████      | 2512/6208 [07:06<10:27,  5.89it/s, v_num=t-12, loss/train=2.170]Epoch 0:  40%|████      | 2512/6208 [07:06<10:27,  5.89it/s, v_num=t-12, loss/train=1.850]Epoch 0:  40%|████      | 2513/6208 [07:06<10:27,  5.89it/s, v_num=t-12, loss/train=1.850]Epoch 0:  40%|████      | 2513/6208 [07:06<10:27,  5.89it/s, v_num=t-12, loss/train=3.500]Epoch 0:  40%|████      | 2514/6208 [07:06<10:27,  5.89it/s, v_num=t-12, loss/train=3.500]Epoch 0:  40%|████      | 2514/6208 [07:06<10:27,  5.89it/s, v_num=t-12, loss/train=2.420]Epoch 0:  41%|████      | 2515/6208 [07:07<10:27,  5.88it/s, v_num=t-12, loss/train=2.420]Epoch 0:  41%|████      | 2515/6208 [07:07<10:27,  5.88it/s, v_num=t-12, loss/train=1.640]Epoch 0:  41%|████      | 2516/6208 [07:07<10:27,  5.89it/s, v_num=t-12, loss/train=1.640]Epoch 0:  41%|████      | 2516/6208 [07:07<10:27,  5.88it/s, v_num=t-12, loss/train=1.780]Epoch 0:  41%|████      | 2517/6208 [07:07<10:27,  5.89it/s, v_num=t-12, loss/train=1.780]Epoch 0:  41%|████      | 2517/6208 [07:07<10:27,  5.88it/s, v_num=t-12, loss/train=2.080]Epoch 0:  41%|████      | 2518/6208 [07:07<10:26,  5.89it/s, v_num=t-12, loss/train=2.080]Epoch 0:  41%|████      | 2518/6208 [07:07<10:27,  5.89it/s, v_num=t-12, loss/train=1.830]Epoch 0:  41%|████      | 2519/6208 [07:08<10:26,  5.89it/s, v_num=t-12, loss/train=1.830]Epoch 0:  41%|████      | 2519/6208 [07:08<10:26,  5.89it/s, v_num=t-12, loss/train=2.750]Epoch 0:  41%|████      | 2520/6208 [07:08<10:26,  5.89it/s, v_num=t-12, loss/train=2.750]Epoch 0:  41%|████      | 2520/6208 [07:08<10:26,  5.89it/s, v_num=t-12, loss/train=2.510]Epoch 0:  41%|████      | 2521/6208 [07:08<10:26,  5.89it/s, v_num=t-12, loss/train=2.510]Epoch 0:  41%|████      | 2521/6208 [07:08<10:26,  5.89it/s, v_num=t-12, loss/train=1.680]Epoch 0:  41%|████      | 2522/6208 [07:08<10:26,  5.89it/s, v_num=t-12, loss/train=1.680]Epoch 0:  41%|████      | 2522/6208 [07:08<10:26,  5.89it/s, v_num=t-12, loss/train=1.880]Epoch 0:  41%|████      | 2523/6208 [07:08<10:26,  5.89it/s, v_num=t-12, loss/train=1.880]Epoch 0:  41%|████      | 2523/6208 [07:08<10:26,  5.89it/s, v_num=t-12, loss/train=1.650]Epoch 0:  41%|████      | 2524/6208 [07:08<10:25,  5.89it/s, v_num=t-12, loss/train=1.650]Epoch 0:  41%|████      | 2524/6208 [07:08<10:25,  5.89it/s, v_num=t-12, loss/train=1.380]Epoch 0:  41%|████      | 2525/6208 [07:08<10:25,  5.89it/s, v_num=t-12, loss/train=1.380]Epoch 0:  41%|████      | 2525/6208 [07:08<10:25,  5.89it/s, v_num=t-12, loss/train=2.550]Epoch 0:  41%|████      | 2526/6208 [07:09<10:25,  5.89it/s, v_num=t-12, loss/train=2.550]Epoch 0:  41%|████      | 2526/6208 [07:09<10:25,  5.89it/s, v_num=t-12, loss/train=1.730]Epoch 0:  41%|████      | 2527/6208 [07:09<10:25,  5.89it/s, v_num=t-12, loss/train=1.730]Epoch 0:  41%|████      | 2527/6208 [07:09<10:25,  5.89it/s, v_num=t-12, loss/train=1.770]Epoch 0:  41%|████      | 2528/6208 [07:09<10:25,  5.88it/s, v_num=t-12, loss/train=1.770]Epoch 0:  41%|████      | 2528/6208 [07:09<10:25,  5.88it/s, v_num=t-12, loss/train=1.640]Epoch 0:  41%|████      | 2529/6208 [07:09<10:25,  5.88it/s, v_num=t-12, loss/train=1.640]Epoch 0:  41%|████      | 2529/6208 [07:09<10:25,  5.88it/s, v_num=t-12, loss/train=2.090]Epoch 0:  41%|████      | 2530/6208 [07:09<10:25,  5.88it/s, v_num=t-12, loss/train=2.090]Epoch 0:  41%|████      | 2530/6208 [07:09<10:25,  5.88it/s, v_num=t-12, loss/train=1.270]Epoch 0:  41%|████      | 2531/6208 [07:10<10:24,  5.88it/s, v_num=t-12, loss/train=1.270]Epoch 0:  41%|████      | 2531/6208 [07:10<10:24,  5.88it/s, v_num=t-12, loss/train=1.900]Epoch 0:  41%|████      | 2532/6208 [07:10<10:24,  5.88it/s, v_num=t-12, loss/train=1.900]Epoch 0:  41%|████      | 2532/6208 [07:10<10:24,  5.88it/s, v_num=t-12, loss/train=1.890]Epoch 0:  41%|████      | 2533/6208 [07:10<10:24,  5.88it/s, v_num=t-12, loss/train=1.890]Epoch 0:  41%|████      | 2533/6208 [07:10<10:24,  5.88it/s, v_num=t-12, loss/train=1.620]Epoch 0:  41%|████      | 2534/6208 [07:10<10:24,  5.88it/s, v_num=t-12, loss/train=1.620]Epoch 0:  41%|████      | 2534/6208 [07:10<10:24,  5.88it/s, v_num=t-12, loss/train=2.110]Epoch 0:  41%|████      | 2535/6208 [07:10<10:24,  5.88it/s, v_num=t-12, loss/train=2.110]Epoch 0:  41%|████      | 2535/6208 [07:10<10:24,  5.88it/s, v_num=t-12, loss/train=1.710]Epoch 0:  41%|████      | 2536/6208 [07:10<10:23,  5.89it/s, v_num=t-12, loss/train=1.710]Epoch 0:  41%|████      | 2536/6208 [07:10<10:23,  5.88it/s, v_num=t-12, loss/train=2.920]Epoch 0:  41%|████      | 2537/6208 [07:11<10:23,  5.88it/s, v_num=t-12, loss/train=2.920]Epoch 0:  41%|████      | 2537/6208 [07:11<10:23,  5.88it/s, v_num=t-12, loss/train=2.180]Epoch 0:  41%|████      | 2538/6208 [07:11<10:23,  5.89it/s, v_num=t-12, loss/train=2.180]Epoch 0:  41%|████      | 2538/6208 [07:11<10:23,  5.89it/s, v_num=t-12, loss/train=1.590]Epoch 0:  41%|████      | 2539/6208 [07:11<10:23,  5.88it/s, v_num=t-12, loss/train=1.590]Epoch 0:  41%|████      | 2539/6208 [07:11<10:23,  5.88it/s, v_num=t-12, loss/train=2.440]Epoch 0:  41%|████      | 2540/6208 [07:11<10:23,  5.89it/s, v_num=t-12, loss/train=2.440]Epoch 0:  41%|████      | 2540/6208 [07:11<10:23,  5.89it/s, v_num=t-12, loss/train=1.590]Epoch 0:  41%|████      | 2541/6208 [07:11<10:23,  5.89it/s, v_num=t-12, loss/train=1.590]Epoch 0:  41%|████      | 2541/6208 [07:11<10:23,  5.89it/s, v_num=t-12, loss/train=1.680]Epoch 0:  41%|████      | 2542/6208 [07:11<10:22,  5.89it/s, v_num=t-12, loss/train=1.680]Epoch 0:  41%|████      | 2542/6208 [07:11<10:22,  5.89it/s, v_num=t-12, loss/train=2.060]Epoch 0:  41%|████      | 2543/6208 [07:12<10:22,  5.89it/s, v_num=t-12, loss/train=2.060]Epoch 0:  41%|████      | 2543/6208 [07:12<10:22,  5.89it/s, v_num=t-12, loss/train=1.460]Epoch 0:  41%|████      | 2544/6208 [07:12<10:22,  5.89it/s, v_num=t-12, loss/train=1.460]Epoch 0:  41%|████      | 2544/6208 [07:12<10:22,  5.89it/s, v_num=t-12, loss/train=1.830]Epoch 0:  41%|████      | 2545/6208 [07:12<10:22,  5.89it/s, v_num=t-12, loss/train=1.830]Epoch 0:  41%|████      | 2545/6208 [07:12<10:22,  5.89it/s, v_num=t-12, loss/train=1.800]Epoch 0:  41%|████      | 2546/6208 [07:12<10:22,  5.89it/s, v_num=t-12, loss/train=1.800]Epoch 0:  41%|████      | 2546/6208 [07:12<10:22,  5.89it/s, v_num=t-12, loss/train=1.550]Epoch 0:  41%|████      | 2547/6208 [07:12<10:21,  5.89it/s, v_num=t-12, loss/train=1.550]Epoch 0:  41%|████      | 2547/6208 [07:12<10:21,  5.89it/s, v_num=t-12, loss/train=2.020]Epoch 0:  41%|████      | 2548/6208 [07:12<10:21,  5.89it/s, v_num=t-12, loss/train=2.020]Epoch 0:  41%|████      | 2548/6208 [07:12<10:21,  5.89it/s, v_num=t-12, loss/train=2.410]Epoch 0:  41%|████      | 2549/6208 [07:12<10:21,  5.89it/s, v_num=t-12, loss/train=2.410]Epoch 0:  41%|████      | 2549/6208 [07:13<10:21,  5.89it/s, v_num=t-12, loss/train=1.580]Epoch 0:  41%|████      | 2550/6208 [07:13<10:21,  5.89it/s, v_num=t-12, loss/train=1.580]Epoch 0:  41%|████      | 2550/6208 [07:13<10:21,  5.89it/s, v_num=t-12, loss/train=1.540]Epoch 0:  41%|████      | 2551/6208 [07:13<10:21,  5.89it/s, v_num=t-12, loss/train=1.540]Epoch 0:  41%|████      | 2551/6208 [07:13<10:21,  5.89it/s, v_num=t-12, loss/train=1.350]Epoch 0:  41%|████      | 2552/6208 [07:13<10:21,  5.89it/s, v_num=t-12, loss/train=1.350]Epoch 0:  41%|████      | 2552/6208 [07:13<10:21,  5.89it/s, v_num=t-12, loss/train=2.110]Epoch 0:  41%|████      | 2553/6208 [07:13<10:20,  5.89it/s, v_num=t-12, loss/train=2.110]Epoch 0:  41%|████      | 2553/6208 [07:13<10:20,  5.89it/s, v_num=t-12, loss/train=1.390]Epoch 0:  41%|████      | 2554/6208 [07:13<10:20,  5.89it/s, v_num=t-12, loss/train=1.390]Epoch 0:  41%|████      | 2554/6208 [07:13<10:20,  5.89it/s, v_num=t-12, loss/train=1.810]Epoch 0:  41%|████      | 2555/6208 [07:14<10:20,  5.89it/s, v_num=t-12, loss/train=1.810]Epoch 0:  41%|████      | 2555/6208 [07:14<10:20,  5.89it/s, v_num=t-12, loss/train=2.140]Epoch 0:  41%|████      | 2556/6208 [07:14<10:20,  5.89it/s, v_num=t-12, loss/train=2.140]Epoch 0:  41%|████      | 2556/6208 [07:14<10:20,  5.89it/s, v_num=t-12, loss/train=3.040]Epoch 0:  41%|████      | 2557/6208 [07:14<10:20,  5.89it/s, v_num=t-12, loss/train=3.040]Epoch 0:  41%|████      | 2557/6208 [07:14<10:20,  5.89it/s, v_num=t-12, loss/train=1.510]Epoch 0:  41%|████      | 2558/6208 [07:14<10:20,  5.89it/s, v_num=t-12, loss/train=1.510]Epoch 0:  41%|████      | 2558/6208 [07:14<10:20,  5.89it/s, v_num=t-12, loss/train=2.350]Epoch 0:  41%|████      | 2559/6208 [07:14<10:19,  5.89it/s, v_num=t-12, loss/train=2.350]Epoch 0:  41%|████      | 2559/6208 [07:14<10:19,  5.89it/s, v_num=t-12, loss/train=2.160]Epoch 0:  41%|████      | 2560/6208 [07:14<10:19,  5.89it/s, v_num=t-12, loss/train=2.160]Epoch 0:  41%|████      | 2560/6208 [07:14<10:19,  5.89it/s, v_num=t-12, loss/train=1.840]Epoch 0:  41%|████▏     | 2561/6208 [07:15<10:19,  5.89it/s, v_num=t-12, loss/train=1.840]Epoch 0:  41%|████▏     | 2561/6208 [07:15<10:19,  5.89it/s, v_num=t-12, loss/train=1.800]Epoch 0:  41%|████▏     | 2562/6208 [07:15<10:19,  5.89it/s, v_num=t-12, loss/train=1.800]Epoch 0:  41%|████▏     | 2562/6208 [07:15<10:19,  5.89it/s, v_num=t-12, loss/train=2.050]Epoch 0:  41%|████▏     | 2563/6208 [07:15<10:19,  5.89it/s, v_num=t-12, loss/train=2.050]Epoch 0:  41%|████▏     | 2563/6208 [07:15<10:19,  5.89it/s, v_num=t-12, loss/train=1.600]Epoch 0:  41%|████▏     | 2564/6208 [07:15<10:18,  5.89it/s, v_num=t-12, loss/train=1.600]Epoch 0:  41%|████▏     | 2564/6208 [07:15<10:18,  5.89it/s, v_num=t-12, loss/train=1.700]Epoch 0:  41%|████▏     | 2565/6208 [07:15<10:18,  5.89it/s, v_num=t-12, loss/train=1.700]Epoch 0:  41%|████▏     | 2565/6208 [07:15<10:18,  5.89it/s, v_num=t-12, loss/train=2.560]Epoch 0:  41%|████▏     | 2566/6208 [07:15<10:18,  5.89it/s, v_num=t-12, loss/train=2.560]Epoch 0:  41%|████▏     | 2566/6208 [07:15<10:18,  5.89it/s, v_num=t-12, loss/train=2.570]Epoch 0:  41%|████▏     | 2567/6208 [07:15<10:18,  5.89it/s, v_num=t-12, loss/train=2.570]Epoch 0:  41%|████▏     | 2567/6208 [07:15<10:18,  5.89it/s, v_num=t-12, loss/train=2.100]Epoch 0:  41%|████▏     | 2568/6208 [07:16<10:18,  5.89it/s, v_num=t-12, loss/train=2.100]Epoch 0:  41%|████▏     | 2568/6208 [07:16<10:18,  5.89it/s, v_num=t-12, loss/train=1.900]Epoch 0:  41%|████▏     | 2569/6208 [07:16<10:18,  5.89it/s, v_num=t-12, loss/train=1.900]Epoch 0:  41%|████▏     | 2569/6208 [07:16<10:18,  5.89it/s, v_num=t-12, loss/train=1.940]Epoch 0:  41%|████▏     | 2570/6208 [07:16<10:17,  5.89it/s, v_num=t-12, loss/train=1.940]Epoch 0:  41%|████▏     | 2570/6208 [07:16<10:17,  5.89it/s, v_num=t-12, loss/train=1.910]Epoch 0:  41%|████▏     | 2571/6208 [07:16<10:17,  5.89it/s, v_num=t-12, loss/train=1.910]Epoch 0:  41%|████▏     | 2571/6208 [07:16<10:17,  5.89it/s, v_num=t-12, loss/train=2.550]Epoch 0:  41%|████▏     | 2572/6208 [07:16<10:17,  5.89it/s, v_num=t-12, loss/train=2.550]Epoch 0:  41%|████▏     | 2572/6208 [07:16<10:17,  5.89it/s, v_num=t-12, loss/train=2.250]Epoch 0:  41%|████▏     | 2573/6208 [07:16<10:17,  5.89it/s, v_num=t-12, loss/train=2.250]Epoch 0:  41%|████▏     | 2573/6208 [07:16<10:17,  5.89it/s, v_num=t-12, loss/train=1.870]Epoch 0:  41%|████▏     | 2574/6208 [07:17<10:17,  5.89it/s, v_num=t-12, loss/train=1.870]Epoch 0:  41%|████▏     | 2574/6208 [07:17<10:17,  5.89it/s, v_num=t-12, loss/train=3.220]Epoch 0:  41%|████▏     | 2575/6208 [07:17<10:16,  5.89it/s, v_num=t-12, loss/train=3.220]Epoch 0:  41%|████▏     | 2575/6208 [07:17<10:16,  5.89it/s, v_num=t-12, loss/train=3.330]Epoch 0:  41%|████▏     | 2576/6208 [07:17<10:16,  5.89it/s, v_num=t-12, loss/train=3.330]Epoch 0:  41%|████▏     | 2576/6208 [07:17<10:16,  5.89it/s, v_num=t-12, loss/train=1.950]Epoch 0:  42%|████▏     | 2577/6208 [07:17<10:16,  5.89it/s, v_num=t-12, loss/train=1.950]Epoch 0:  42%|████▏     | 2577/6208 [07:17<10:16,  5.89it/s, v_num=t-12, loss/train=1.400]Epoch 0:  42%|████▏     | 2578/6208 [07:17<10:16,  5.89it/s, v_num=t-12, loss/train=1.400]Epoch 0:  42%|████▏     | 2578/6208 [07:17<10:16,  5.89it/s, v_num=t-12, loss/train=1.870]Epoch 0:  42%|████▏     | 2579/6208 [07:17<10:16,  5.89it/s, v_num=t-12, loss/train=1.870]Epoch 0:  42%|████▏     | 2579/6208 [07:17<10:16,  5.89it/s, v_num=t-12, loss/train=2.780]Epoch 0:  42%|████▏     | 2580/6208 [07:18<10:15,  5.89it/s, v_num=t-12, loss/train=2.780]Epoch 0:  42%|████▏     | 2580/6208 [07:18<10:15,  5.89it/s, v_num=t-12, loss/train=2.900]Epoch 0:  42%|████▏     | 2581/6208 [07:18<10:15,  5.89it/s, v_num=t-12, loss/train=2.900]Epoch 0:  42%|████▏     | 2581/6208 [07:18<10:15,  5.89it/s, v_num=t-12, loss/train=3.130]Epoch 0:  42%|████▏     | 2582/6208 [07:18<10:15,  5.89it/s, v_num=t-12, loss/train=3.130]Epoch 0:  42%|████▏     | 2582/6208 [07:18<10:15,  5.89it/s, v_num=t-12, loss/train=2.370]Epoch 0:  42%|████▏     | 2583/6208 [07:18<10:15,  5.89it/s, v_num=t-12, loss/train=2.370]Epoch 0:  42%|████▏     | 2583/6208 [07:18<10:15,  5.89it/s, v_num=t-12, loss/train=2.960]Epoch 0:  42%|████▏     | 2584/6208 [07:18<10:15,  5.89it/s, v_num=t-12, loss/train=2.960]Epoch 0:  42%|████▏     | 2584/6208 [07:18<10:15,  5.89it/s, v_num=t-12, loss/train=1.730]Epoch 0:  42%|████▏     | 2585/6208 [07:18<10:15,  5.89it/s, v_num=t-12, loss/train=1.730]Epoch 0:  42%|████▏     | 2585/6208 [07:18<10:15,  5.89it/s, v_num=t-12, loss/train=1.840]Epoch 0:  42%|████▏     | 2586/6208 [07:18<10:14,  5.89it/s, v_num=t-12, loss/train=1.840]Epoch 0:  42%|████▏     | 2586/6208 [07:18<10:14,  5.89it/s, v_num=t-12, loss/train=2.350]Epoch 0:  42%|████▏     | 2587/6208 [07:19<10:14,  5.89it/s, v_num=t-12, loss/train=2.350]Epoch 0:  42%|████▏     | 2587/6208 [07:19<10:14,  5.89it/s, v_num=t-12, loss/train=2.750]Epoch 0:  42%|████▏     | 2588/6208 [07:19<10:14,  5.89it/s, v_num=t-12, loss/train=2.750]Epoch 0:  42%|████▏     | 2588/6208 [07:19<10:14,  5.89it/s, v_num=t-12, loss/train=2.380]Epoch 0:  42%|████▏     | 2589/6208 [07:19<10:14,  5.89it/s, v_num=t-12, loss/train=2.380]Epoch 0:  42%|████▏     | 2589/6208 [07:19<10:14,  5.89it/s, v_num=t-12, loss/train=2.400]Epoch 0:  42%|████▏     | 2590/6208 [07:19<10:14,  5.89it/s, v_num=t-12, loss/train=2.400]Epoch 0:  42%|████▏     | 2590/6208 [07:19<10:14,  5.89it/s, v_num=t-12, loss/train=2.590]Epoch 0:  42%|████▏     | 2591/6208 [07:19<10:13,  5.89it/s, v_num=t-12, loss/train=2.590]Epoch 0:  42%|████▏     | 2591/6208 [07:19<10:13,  5.89it/s, v_num=t-12, loss/train=2.490]Epoch 0:  42%|████▏     | 2592/6208 [07:20<10:14,  5.89it/s, v_num=t-12, loss/train=2.490]Epoch 0:  42%|████▏     | 2592/6208 [07:20<10:14,  5.89it/s, v_num=t-12, loss/train=1.830]Epoch 0:  42%|████▏     | 2593/6208 [07:20<10:13,  5.89it/s, v_num=t-12, loss/train=1.830]Epoch 0:  42%|████▏     | 2593/6208 [07:20<10:13,  5.89it/s, v_num=t-12, loss/train=1.840]Epoch 0:  42%|████▏     | 2594/6208 [07:20<10:13,  5.89it/s, v_num=t-12, loss/train=1.840]Epoch 0:  42%|████▏     | 2594/6208 [07:20<10:13,  5.89it/s, v_num=t-12, loss/train=1.310]Epoch 0:  42%|████▏     | 2595/6208 [07:20<10:13,  5.89it/s, v_num=t-12, loss/train=1.310]Epoch 0:  42%|████▏     | 2595/6208 [07:20<10:13,  5.89it/s, v_num=t-12, loss/train=1.940]Epoch 0:  42%|████▏     | 2596/6208 [07:20<10:13,  5.89it/s, v_num=t-12, loss/train=1.940]Epoch 0:  42%|████▏     | 2596/6208 [07:20<10:13,  5.89it/s, v_num=t-12, loss/train=2.320]Epoch 0:  42%|████▏     | 2597/6208 [07:20<10:13,  5.89it/s, v_num=t-12, loss/train=2.320]Epoch 0:  42%|████▏     | 2597/6208 [07:20<10:13,  5.89it/s, v_num=t-12, loss/train=2.410]Epoch 0:  42%|████▏     | 2598/6208 [07:21<10:12,  5.89it/s, v_num=t-12, loss/train=2.410]Epoch 0:  42%|████▏     | 2598/6208 [07:21<10:12,  5.89it/s, v_num=t-12, loss/train=1.510]Epoch 0:  42%|████▏     | 2599/6208 [07:21<10:12,  5.89it/s, v_num=t-12, loss/train=1.510]Epoch 0:  42%|████▏     | 2599/6208 [07:21<10:12,  5.89it/s, v_num=t-12, loss/train=2.350]Epoch 0:  42%|████▏     | 2600/6208 [07:21<10:12,  5.89it/s, v_num=t-12, loss/train=2.350]Epoch 0:  42%|████▏     | 2600/6208 [07:21<10:12,  5.89it/s, v_num=t-12, loss/train=1.320]Epoch 0:  42%|████▏     | 2601/6208 [07:21<10:12,  5.89it/s, v_num=t-12, loss/train=1.320]Epoch 0:  42%|████▏     | 2601/6208 [07:21<10:12,  5.89it/s, v_num=t-12, loss/train=2.210]Epoch 0:  42%|████▏     | 2602/6208 [07:21<10:12,  5.89it/s, v_num=t-12, loss/train=2.210]Epoch 0:  42%|████▏     | 2602/6208 [07:21<10:12,  5.89it/s, v_num=t-12, loss/train=2.080]Epoch 0:  42%|████▏     | 2603/6208 [07:21<10:12,  5.89it/s, v_num=t-12, loss/train=2.080]Epoch 0:  42%|████▏     | 2603/6208 [07:21<10:12,  5.89it/s, v_num=t-12, loss/train=2.700]Epoch 0:  42%|████▏     | 2604/6208 [07:22<10:12,  5.89it/s, v_num=t-12, loss/train=2.700]Epoch 0:  42%|████▏     | 2604/6208 [07:22<10:12,  5.89it/s, v_num=t-12, loss/train=1.550]Epoch 0:  42%|████▏     | 2605/6208 [07:22<10:12,  5.89it/s, v_num=t-12, loss/train=1.550]Epoch 0:  42%|████▏     | 2605/6208 [07:22<10:12,  5.89it/s, v_num=t-12, loss/train=1.740]Epoch 0:  42%|████▏     | 2606/6208 [07:22<10:11,  5.89it/s, v_num=t-12, loss/train=1.740]Epoch 0:  42%|████▏     | 2606/6208 [07:22<10:11,  5.89it/s, v_num=t-12, loss/train=3.190]Epoch 0:  42%|████▏     | 2607/6208 [07:22<10:11,  5.89it/s, v_num=t-12, loss/train=3.190]Epoch 0:  42%|████▏     | 2607/6208 [07:22<10:11,  5.89it/s, v_num=t-12, loss/train=2.190]Epoch 0:  42%|████▏     | 2608/6208 [07:22<10:11,  5.89it/s, v_num=t-12, loss/train=2.190]Epoch 0:  42%|████▏     | 2608/6208 [07:22<10:11,  5.89it/s, v_num=t-12, loss/train=2.020]Epoch 0:  42%|████▏     | 2609/6208 [07:23<10:11,  5.89it/s, v_num=t-12, loss/train=2.020]Epoch 0:  42%|████▏     | 2609/6208 [07:23<10:11,  5.89it/s, v_num=t-12, loss/train=2.130]Epoch 0:  42%|████▏     | 2610/6208 [07:23<10:11,  5.89it/s, v_num=t-12, loss/train=2.130]Epoch 0:  42%|████▏     | 2610/6208 [07:23<10:11,  5.89it/s, v_num=t-12, loss/train=1.900]Epoch 0:  42%|████▏     | 2611/6208 [07:23<10:10,  5.89it/s, v_num=t-12, loss/train=1.900]Epoch 0:  42%|████▏     | 2611/6208 [07:23<10:10,  5.89it/s, v_num=t-12, loss/train=2.700]Epoch 0:  42%|████▏     | 2612/6208 [07:23<10:10,  5.89it/s, v_num=t-12, loss/train=2.700]Epoch 0:  42%|████▏     | 2612/6208 [07:23<10:10,  5.89it/s, v_num=t-12, loss/train=1.480]Epoch 0:  42%|████▏     | 2613/6208 [07:23<10:10,  5.89it/s, v_num=t-12, loss/train=1.480]Epoch 0:  42%|████▏     | 2613/6208 [07:23<10:10,  5.89it/s, v_num=t-12, loss/train=2.790]Epoch 0:  42%|████▏     | 2614/6208 [07:23<10:10,  5.89it/s, v_num=t-12, loss/train=2.790]Epoch 0:  42%|████▏     | 2614/6208 [07:23<10:10,  5.89it/s, v_num=t-12, loss/train=2.520]Epoch 0:  42%|████▏     | 2615/6208 [07:24<10:10,  5.89it/s, v_num=t-12, loss/train=2.520]Epoch 0:  42%|████▏     | 2615/6208 [07:24<10:10,  5.89it/s, v_num=t-12, loss/train=2.170]Epoch 0:  42%|████▏     | 2616/6208 [07:24<10:09,  5.89it/s, v_num=t-12, loss/train=2.170]Epoch 0:  42%|████▏     | 2616/6208 [07:24<10:09,  5.89it/s, v_num=t-12, loss/train=2.070]Epoch 0:  42%|████▏     | 2617/6208 [07:24<10:09,  5.89it/s, v_num=t-12, loss/train=2.070]Epoch 0:  42%|████▏     | 2617/6208 [07:24<10:09,  5.89it/s, v_num=t-12, loss/train=2.540]Epoch 0:  42%|████▏     | 2618/6208 [07:24<10:09,  5.89it/s, v_num=t-12, loss/train=2.540]Epoch 0:  42%|████▏     | 2618/6208 [07:24<10:09,  5.89it/s, v_num=t-12, loss/train=1.870]Epoch 0:  42%|████▏     | 2619/6208 [07:24<10:09,  5.89it/s, v_num=t-12, loss/train=1.870]Epoch 0:  42%|████▏     | 2619/6208 [07:24<10:09,  5.89it/s, v_num=t-12, loss/train=2.780]Epoch 0:  42%|████▏     | 2620/6208 [07:24<10:09,  5.89it/s, v_num=t-12, loss/train=2.780]Epoch 0:  42%|████▏     | 2620/6208 [07:24<10:09,  5.89it/s, v_num=t-12, loss/train=1.930]Epoch 0:  42%|████▏     | 2621/6208 [07:25<10:09,  5.89it/s, v_num=t-12, loss/train=1.930]Epoch 0:  42%|████▏     | 2621/6208 [07:25<10:09,  5.89it/s, v_num=t-12, loss/train=2.280]Epoch 0:  42%|████▏     | 2622/6208 [07:25<10:08,  5.89it/s, v_num=t-12, loss/train=2.280]Epoch 0:  42%|████▏     | 2622/6208 [07:25<10:08,  5.89it/s, v_num=t-12, loss/train=3.050]Epoch 0:  42%|████▏     | 2623/6208 [07:25<10:08,  5.89it/s, v_num=t-12, loss/train=3.050]Epoch 0:  42%|████▏     | 2623/6208 [07:25<10:08,  5.89it/s, v_num=t-12, loss/train=2.170]Epoch 0:  42%|████▏     | 2624/6208 [07:25<10:08,  5.89it/s, v_num=t-12, loss/train=2.170]Epoch 0:  42%|████▏     | 2624/6208 [07:25<10:08,  5.89it/s, v_num=t-12, loss/train=1.880]Epoch 0:  42%|████▏     | 2625/6208 [07:25<10:08,  5.89it/s, v_num=t-12, loss/train=1.880]Epoch 0:  42%|████▏     | 2625/6208 [07:25<10:08,  5.89it/s, v_num=t-12, loss/train=2.200]Epoch 0:  42%|████▏     | 2626/6208 [07:25<10:08,  5.89it/s, v_num=t-12, loss/train=2.200]Epoch 0:  42%|████▏     | 2626/6208 [07:25<10:08,  5.89it/s, v_num=t-12, loss/train=0.951]Epoch 0:  42%|████▏     | 2627/6208 [07:25<10:07,  5.89it/s, v_num=t-12, loss/train=0.951]Epoch 0:  42%|████▏     | 2627/6208 [07:25<10:07,  5.89it/s, v_num=t-12, loss/train=1.550]Epoch 0:  42%|████▏     | 2628/6208 [07:26<10:07,  5.89it/s, v_num=t-12, loss/train=1.550]Epoch 0:  42%|████▏     | 2628/6208 [07:26<10:07,  5.89it/s, v_num=t-12, loss/train=2.660]Epoch 0:  42%|████▏     | 2629/6208 [07:26<10:07,  5.89it/s, v_num=t-12, loss/train=2.660]Epoch 0:  42%|████▏     | 2629/6208 [07:26<10:07,  5.89it/s, v_num=t-12, loss/train=1.980]Epoch 0:  42%|████▏     | 2630/6208 [07:26<10:07,  5.89it/s, v_num=t-12, loss/train=1.980]Epoch 0:  42%|████▏     | 2630/6208 [07:26<10:07,  5.89it/s, v_num=t-12, loss/train=1.930]Epoch 0:  42%|████▏     | 2631/6208 [07:26<10:07,  5.89it/s, v_num=t-12, loss/train=1.930]Epoch 0:  42%|████▏     | 2631/6208 [07:26<10:07,  5.89it/s, v_num=t-12, loss/train=2.470]Epoch 0:  42%|████▏     | 2632/6208 [07:26<10:07,  5.89it/s, v_num=t-12, loss/train=2.470]Epoch 0:  42%|████▏     | 2632/6208 [07:26<10:07,  5.89it/s, v_num=t-12, loss/train=2.040]Epoch 0:  42%|████▏     | 2633/6208 [07:26<10:06,  5.89it/s, v_num=t-12, loss/train=2.040]Epoch 0:  42%|████▏     | 2633/6208 [07:26<10:06,  5.89it/s, v_num=t-12, loss/train=0.991]Epoch 0:  42%|████▏     | 2634/6208 [07:27<10:06,  5.89it/s, v_num=t-12, loss/train=0.991]Epoch 0:  42%|████▏     | 2634/6208 [07:27<10:06,  5.89it/s, v_num=t-12, loss/train=2.350]Epoch 0:  42%|████▏     | 2635/6208 [07:27<10:06,  5.89it/s, v_num=t-12, loss/train=2.350]Epoch 0:  42%|████▏     | 2635/6208 [07:27<10:06,  5.89it/s, v_num=t-12, loss/train=1.460]Epoch 0:  42%|████▏     | 2636/6208 [07:27<10:06,  5.89it/s, v_num=t-12, loss/train=1.460]Epoch 0:  42%|████▏     | 2636/6208 [07:27<10:06,  5.89it/s, v_num=t-12, loss/train=1.720]Epoch 0:  42%|████▏     | 2637/6208 [07:27<10:06,  5.89it/s, v_num=t-12, loss/train=1.720]Epoch 0:  42%|████▏     | 2637/6208 [07:27<10:06,  5.89it/s, v_num=t-12, loss/train=1.820]Epoch 0:  42%|████▏     | 2638/6208 [07:27<10:06,  5.89it/s, v_num=t-12, loss/train=1.820]Epoch 0:  42%|████▏     | 2638/6208 [07:27<10:06,  5.89it/s, v_num=t-12, loss/train=1.520]Epoch 0:  43%|████▎     | 2639/6208 [07:28<10:05,  5.89it/s, v_num=t-12, loss/train=1.520]Epoch 0:  43%|████▎     | 2639/6208 [07:28<10:05,  5.89it/s, v_num=t-12, loss/train=2.360]Epoch 0:  43%|████▎     | 2640/6208 [07:28<10:05,  5.89it/s, v_num=t-12, loss/train=2.360]Epoch 0:  43%|████▎     | 2640/6208 [07:28<10:05,  5.89it/s, v_num=t-12, loss/train=1.830]Epoch 0:  43%|████▎     | 2641/6208 [07:28<10:05,  5.89it/s, v_num=t-12, loss/train=1.830]Epoch 0:  43%|████▎     | 2641/6208 [07:28<10:05,  5.89it/s, v_num=t-12, loss/train=1.450]Epoch 0:  43%|████▎     | 2642/6208 [07:28<10:05,  5.89it/s, v_num=t-12, loss/train=1.450]Epoch 0:  43%|████▎     | 2642/6208 [07:28<10:05,  5.89it/s, v_num=t-12, loss/train=2.460]Epoch 0:  43%|████▎     | 2643/6208 [07:28<10:05,  5.89it/s, v_num=t-12, loss/train=2.460]Epoch 0:  43%|████▎     | 2643/6208 [07:28<10:05,  5.89it/s, v_num=t-12, loss/train=2.790]Epoch 0:  43%|████▎     | 2644/6208 [07:28<10:04,  5.89it/s, v_num=t-12, loss/train=2.790]Epoch 0:  43%|████▎     | 2644/6208 [07:28<10:04,  5.89it/s, v_num=t-12, loss/train=2.270]Epoch 0:  43%|████▎     | 2645/6208 [07:28<10:04,  5.89it/s, v_num=t-12, loss/train=2.270]Epoch 0:  43%|████▎     | 2645/6208 [07:28<10:04,  5.89it/s, v_num=t-12, loss/train=2.190]Epoch 0:  43%|████▎     | 2646/6208 [07:29<10:04,  5.89it/s, v_num=t-12, loss/train=2.190]Epoch 0:  43%|████▎     | 2646/6208 [07:29<10:04,  5.89it/s, v_num=t-12, loss/train=1.150]Epoch 0:  43%|████▎     | 2647/6208 [07:29<10:04,  5.89it/s, v_num=t-12, loss/train=1.150]Epoch 0:  43%|████▎     | 2647/6208 [07:29<10:04,  5.89it/s, v_num=t-12, loss/train=2.330]Epoch 0:  43%|████▎     | 2648/6208 [07:29<10:04,  5.89it/s, v_num=t-12, loss/train=2.330]Epoch 0:  43%|████▎     | 2648/6208 [07:29<10:04,  5.89it/s, v_num=t-12, loss/train=2.770]Epoch 0:  43%|████▎     | 2649/6208 [07:29<10:03,  5.89it/s, v_num=t-12, loss/train=2.770]Epoch 0:  43%|████▎     | 2649/6208 [07:29<10:03,  5.89it/s, v_num=t-12, loss/train=1.700]Epoch 0:  43%|████▎     | 2650/6208 [07:29<10:03,  5.89it/s, v_num=t-12, loss/train=1.700]Epoch 0:  43%|████▎     | 2650/6208 [07:29<10:03,  5.89it/s, v_num=t-12, loss/train=1.890]Epoch 0:  43%|████▎     | 2651/6208 [07:29<10:03,  5.89it/s, v_num=t-12, loss/train=1.890]Epoch 0:  43%|████▎     | 2651/6208 [07:29<10:03,  5.89it/s, v_num=t-12, loss/train=2.300]Epoch 0:  43%|████▎     | 2652/6208 [07:30<10:03,  5.89it/s, v_num=t-12, loss/train=2.300]Epoch 0:  43%|████▎     | 2652/6208 [07:30<10:03,  5.89it/s, v_num=t-12, loss/train=2.990]Epoch 0:  43%|████▎     | 2653/6208 [07:30<10:03,  5.89it/s, v_num=t-12, loss/train=2.990]Epoch 0:  43%|████▎     | 2653/6208 [07:30<10:03,  5.89it/s, v_num=t-12, loss/train=1.900]Epoch 0:  43%|████▎     | 2654/6208 [07:30<10:03,  5.89it/s, v_num=t-12, loss/train=1.900]Epoch 0:  43%|████▎     | 2654/6208 [07:30<10:03,  5.89it/s, v_num=t-12, loss/train=2.300]Epoch 0:  43%|████▎     | 2655/6208 [07:30<10:02,  5.89it/s, v_num=t-12, loss/train=2.300]Epoch 0:  43%|████▎     | 2655/6208 [07:30<10:02,  5.89it/s, v_num=t-12, loss/train=2.560]Epoch 0:  43%|████▎     | 2656/6208 [07:30<10:02,  5.89it/s, v_num=t-12, loss/train=2.560]Epoch 0:  43%|████▎     | 2656/6208 [07:30<10:02,  5.89it/s, v_num=t-12, loss/train=2.440]Epoch 0:  43%|████▎     | 2657/6208 [07:30<10:02,  5.89it/s, v_num=t-12, loss/train=2.440]Epoch 0:  43%|████▎     | 2657/6208 [07:30<10:02,  5.89it/s, v_num=t-12, loss/train=1.950]Epoch 0:  43%|████▎     | 2658/6208 [07:30<10:02,  5.89it/s, v_num=t-12, loss/train=1.950]Epoch 0:  43%|████▎     | 2658/6208 [07:31<10:02,  5.89it/s, v_num=t-12, loss/train=2.960]Epoch 0:  43%|████▎     | 2659/6208 [07:31<10:02,  5.89it/s, v_num=t-12, loss/train=2.960]Epoch 0:  43%|████▎     | 2659/6208 [07:31<10:02,  5.89it/s, v_num=t-12, loss/train=2.240]Epoch 0:  43%|████▎     | 2660/6208 [07:31<10:01,  5.89it/s, v_num=t-12, loss/train=2.240]Epoch 0:  43%|████▎     | 2660/6208 [07:31<10:01,  5.89it/s, v_num=t-12, loss/train=1.230]Epoch 0:  43%|████▎     | 2661/6208 [07:31<10:01,  5.89it/s, v_num=t-12, loss/train=1.230]Epoch 0:  43%|████▎     | 2661/6208 [07:31<10:01,  5.89it/s, v_num=t-12, loss/train=2.870]Epoch 0:  43%|████▎     | 2662/6208 [07:31<10:01,  5.89it/s, v_num=t-12, loss/train=2.870]Epoch 0:  43%|████▎     | 2662/6208 [07:31<10:01,  5.89it/s, v_num=t-12, loss/train=2.160]Epoch 0:  43%|████▎     | 2663/6208 [07:31<10:01,  5.89it/s, v_num=t-12, loss/train=2.160]Epoch 0:  43%|████▎     | 2663/6208 [07:31<10:01,  5.89it/s, v_num=t-12, loss/train=1.440]Epoch 0:  43%|████▎     | 2664/6208 [07:31<10:01,  5.89it/s, v_num=t-12, loss/train=1.440]Epoch 0:  43%|████▎     | 2664/6208 [07:31<10:01,  5.89it/s, v_num=t-12, loss/train=2.510]Epoch 0:  43%|████▎     | 2665/6208 [07:32<10:01,  5.89it/s, v_num=t-12, loss/train=2.510]Epoch 0:  43%|████▎     | 2665/6208 [07:32<10:01,  5.89it/s, v_num=t-12, loss/train=1.910]Epoch 0:  43%|████▎     | 2666/6208 [07:32<10:00,  5.89it/s, v_num=t-12, loss/train=1.910]Epoch 0:  43%|████▎     | 2666/6208 [07:32<10:00,  5.89it/s, v_num=t-12, loss/train=1.890]Epoch 0:  43%|████▎     | 2667/6208 [07:32<10:00,  5.89it/s, v_num=t-12, loss/train=1.890]Epoch 0:  43%|████▎     | 2667/6208 [07:32<10:00,  5.89it/s, v_num=t-12, loss/train=1.530]Epoch 0:  43%|████▎     | 2668/6208 [07:32<10:00,  5.89it/s, v_num=t-12, loss/train=1.530]Epoch 0:  43%|████▎     | 2668/6208 [07:32<10:00,  5.89it/s, v_num=t-12, loss/train=1.560]Epoch 0:  43%|████▎     | 2669/6208 [07:32<10:00,  5.90it/s, v_num=t-12, loss/train=1.560]Epoch 0:  43%|████▎     | 2669/6208 [07:32<10:00,  5.89it/s, v_num=t-12, loss/train=1.680]Epoch 0:  43%|████▎     | 2670/6208 [07:32<10:00,  5.90it/s, v_num=t-12, loss/train=1.680]Epoch 0:  43%|████▎     | 2670/6208 [07:32<10:00,  5.89it/s, v_num=t-12, loss/train=3.160]Epoch 0:  43%|████▎     | 2671/6208 [07:33<09:59,  5.90it/s, v_num=t-12, loss/train=3.160]Epoch 0:  43%|████▎     | 2671/6208 [07:33<10:00,  5.89it/s, v_num=t-12, loss/train=2.450]Epoch 0:  43%|████▎     | 2672/6208 [07:33<09:59,  5.90it/s, v_num=t-12, loss/train=2.450]Epoch 0:  43%|████▎     | 2672/6208 [07:33<09:59,  5.89it/s, v_num=t-12, loss/train=1.390]Epoch 0:  43%|████▎     | 2673/6208 [07:33<09:59,  5.90it/s, v_num=t-12, loss/train=1.390]Epoch 0:  43%|████▎     | 2673/6208 [07:33<09:59,  5.89it/s, v_num=t-12, loss/train=1.650]Epoch 0:  43%|████▎     | 2674/6208 [07:33<09:59,  5.90it/s, v_num=t-12, loss/train=1.650]Epoch 0:  43%|████▎     | 2674/6208 [07:33<09:59,  5.90it/s, v_num=t-12, loss/train=1.720]Epoch 0:  43%|████▎     | 2675/6208 [07:33<09:59,  5.90it/s, v_num=t-12, loss/train=1.720]Epoch 0:  43%|████▎     | 2675/6208 [07:33<09:59,  5.90it/s, v_num=t-12, loss/train=2.150]Epoch 0:  43%|████▎     | 2676/6208 [07:33<09:59,  5.90it/s, v_num=t-12, loss/train=2.150]Epoch 0:  43%|████▎     | 2676/6208 [07:33<09:59,  5.90it/s, v_num=t-12, loss/train=1.590]Epoch 0:  43%|████▎     | 2677/6208 [07:34<09:58,  5.90it/s, v_num=t-12, loss/train=1.590]Epoch 0:  43%|████▎     | 2677/6208 [07:34<09:58,  5.90it/s, v_num=t-12, loss/train=1.390]Epoch 0:  43%|████▎     | 2678/6208 [07:34<09:58,  5.90it/s, v_num=t-12, loss/train=1.390]Epoch 0:  43%|████▎     | 2678/6208 [07:34<09:58,  5.90it/s, v_num=t-12, loss/train=2.180]Epoch 0:  43%|████▎     | 2679/6208 [07:34<09:58,  5.90it/s, v_num=t-12, loss/train=2.180]Epoch 0:  43%|████▎     | 2679/6208 [07:34<09:58,  5.90it/s, v_num=t-12, loss/train=2.530]Epoch 0:  43%|████▎     | 2680/6208 [07:34<09:58,  5.90it/s, v_num=t-12, loss/train=2.530]Epoch 0:  43%|████▎     | 2680/6208 [07:34<09:58,  5.90it/s, v_num=t-12, loss/train=1.070]Epoch 0:  43%|████▎     | 2681/6208 [07:34<09:58,  5.90it/s, v_num=t-12, loss/train=1.070]Epoch 0:  43%|████▎     | 2681/6208 [07:34<09:58,  5.90it/s, v_num=t-12, loss/train=1.820]Epoch 0:  43%|████▎     | 2682/6208 [07:34<09:57,  5.90it/s, v_num=t-12, loss/train=1.820]Epoch 0:  43%|████▎     | 2682/6208 [07:34<09:57,  5.90it/s, v_num=t-12, loss/train=2.280]Epoch 0:  43%|████▎     | 2683/6208 [07:34<09:57,  5.90it/s, v_num=t-12, loss/train=2.280]Epoch 0:  43%|████▎     | 2683/6208 [07:35<09:57,  5.90it/s, v_num=t-12, loss/train=2.190]Epoch 0:  43%|████▎     | 2684/6208 [07:35<09:57,  5.90it/s, v_num=t-12, loss/train=2.190]Epoch 0:  43%|████▎     | 2684/6208 [07:35<09:57,  5.90it/s, v_num=t-12, loss/train=1.480]Epoch 0:  43%|████▎     | 2685/6208 [07:35<09:57,  5.90it/s, v_num=t-12, loss/train=1.480]Epoch 0:  43%|████▎     | 2685/6208 [07:35<09:57,  5.90it/s, v_num=t-12, loss/train=1.600]Epoch 0:  43%|████▎     | 2686/6208 [07:35<09:57,  5.90it/s, v_num=t-12, loss/train=1.600]Epoch 0:  43%|████▎     | 2686/6208 [07:35<09:57,  5.90it/s, v_num=t-12, loss/train=2.200]Epoch 0:  43%|████▎     | 2687/6208 [07:35<09:57,  5.90it/s, v_num=t-12, loss/train=2.200]Epoch 0:  43%|████▎     | 2687/6208 [07:35<09:57,  5.90it/s, v_num=t-12, loss/train=0.952]Epoch 0:  43%|████▎     | 2688/6208 [07:35<09:56,  5.90it/s, v_num=t-12, loss/train=0.952]Epoch 0:  43%|████▎     | 2688/6208 [07:35<09:56,  5.90it/s, v_num=t-12, loss/train=1.380]Epoch 0:  43%|████▎     | 2689/6208 [07:35<09:56,  5.90it/s, v_num=t-12, loss/train=1.380]Epoch 0:  43%|████▎     | 2689/6208 [07:35<09:56,  5.90it/s, v_num=t-12, loss/train=2.710]Epoch 0:  43%|████▎     | 2690/6208 [07:36<09:56,  5.90it/s, v_num=t-12, loss/train=2.710]Epoch 0:  43%|████▎     | 2690/6208 [07:36<09:56,  5.90it/s, v_num=t-12, loss/train=1.150]Epoch 0:  43%|████▎     | 2691/6208 [07:36<09:56,  5.90it/s, v_num=t-12, loss/train=1.150]Epoch 0:  43%|████▎     | 2691/6208 [07:36<09:56,  5.90it/s, v_num=t-12, loss/train=2.010]Epoch 0:  43%|████▎     | 2692/6208 [07:36<09:56,  5.90it/s, v_num=t-12, loss/train=2.010]Epoch 0:  43%|████▎     | 2692/6208 [07:36<09:56,  5.90it/s, v_num=t-12, loss/train=1.890]Epoch 0:  43%|████▎     | 2693/6208 [07:36<09:55,  5.90it/s, v_num=t-12, loss/train=1.890]Epoch 0:  43%|████▎     | 2693/6208 [07:36<09:55,  5.90it/s, v_num=t-12, loss/train=1.910]Epoch 0:  43%|████▎     | 2694/6208 [07:36<09:55,  5.90it/s, v_num=t-12, loss/train=1.910]Epoch 0:  43%|████▎     | 2694/6208 [07:36<09:55,  5.90it/s, v_num=t-12, loss/train=1.750]Epoch 0:  43%|████▎     | 2695/6208 [07:36<09:55,  5.90it/s, v_num=t-12, loss/train=1.750]Epoch 0:  43%|████▎     | 2695/6208 [07:36<09:55,  5.90it/s, v_num=t-12, loss/train=1.730]Epoch 0:  43%|████▎     | 2696/6208 [07:36<09:55,  5.90it/s, v_num=t-12, loss/train=1.730]Epoch 0:  43%|████▎     | 2696/6208 [07:36<09:55,  5.90it/s, v_num=t-12, loss/train=1.110]Epoch 0:  43%|████▎     | 2697/6208 [07:37<09:55,  5.90it/s, v_num=t-12, loss/train=1.110]Epoch 0:  43%|████▎     | 2697/6208 [07:37<09:55,  5.90it/s, v_num=t-12, loss/train=2.680]Epoch 0:  43%|████▎     | 2698/6208 [07:37<09:54,  5.90it/s, v_num=t-12, loss/train=2.680]Epoch 0:  43%|████▎     | 2698/6208 [07:37<09:54,  5.90it/s, v_num=t-12, loss/train=2.260]Epoch 0:  43%|████▎     | 2699/6208 [07:37<09:54,  5.90it/s, v_num=t-12, loss/train=2.260]Epoch 0:  43%|████▎     | 2699/6208 [07:37<09:54,  5.90it/s, v_num=t-12, loss/train=2.210]Epoch 0:  43%|████▎     | 2700/6208 [07:37<09:54,  5.90it/s, v_num=t-12, loss/train=2.210]Epoch 0:  43%|████▎     | 2700/6208 [07:37<09:54,  5.90it/s, v_num=t-12, loss/train=2.140]Epoch 0:  44%|████▎     | 2701/6208 [07:38<09:54,  5.90it/s, v_num=t-12, loss/train=2.140]Epoch 0:  44%|████▎     | 2701/6208 [07:38<09:54,  5.90it/s, v_num=t-12, loss/train=1.910]Epoch 0:  44%|████▎     | 2702/6208 [07:38<09:54,  5.90it/s, v_num=t-12, loss/train=1.910]Epoch 0:  44%|████▎     | 2702/6208 [07:38<09:54,  5.90it/s, v_num=t-12, loss/train=2.020]Epoch 0:  44%|████▎     | 2703/6208 [07:38<09:54,  5.90it/s, v_num=t-12, loss/train=2.020]Epoch 0:  44%|████▎     | 2703/6208 [07:38<09:54,  5.90it/s, v_num=t-12, loss/train=2.740]Epoch 0:  44%|████▎     | 2704/6208 [07:38<09:54,  5.90it/s, v_num=t-12, loss/train=2.740]Epoch 0:  44%|████▎     | 2704/6208 [07:38<09:54,  5.90it/s, v_num=t-12, loss/train=1.920]Epoch 0:  44%|████▎     | 2705/6208 [07:38<09:53,  5.90it/s, v_num=t-12, loss/train=1.920]Epoch 0:  44%|████▎     | 2705/6208 [07:38<09:53,  5.90it/s, v_num=t-12, loss/train=2.520]Epoch 0:  44%|████▎     | 2706/6208 [07:38<09:53,  5.90it/s, v_num=t-12, loss/train=2.520]Epoch 0:  44%|████▎     | 2706/6208 [07:38<09:53,  5.90it/s, v_num=t-12, loss/train=1.730]Epoch 0:  44%|████▎     | 2707/6208 [07:39<09:53,  5.90it/s, v_num=t-12, loss/train=1.730]Epoch 0:  44%|████▎     | 2707/6208 [07:39<09:53,  5.90it/s, v_num=t-12, loss/train=2.850]Epoch 0:  44%|████▎     | 2708/6208 [07:39<09:53,  5.90it/s, v_num=t-12, loss/train=2.850]Epoch 0:  44%|████▎     | 2708/6208 [07:39<09:53,  5.90it/s, v_num=t-12, loss/train=2.450]Epoch 0:  44%|████▎     | 2709/6208 [07:39<09:53,  5.90it/s, v_num=t-12, loss/train=2.450]Epoch 0:  44%|████▎     | 2709/6208 [07:39<09:53,  5.90it/s, v_num=t-12, loss/train=1.690]Epoch 0:  44%|████▎     | 2710/6208 [07:39<09:53,  5.90it/s, v_num=t-12, loss/train=1.690]Epoch 0:  44%|████▎     | 2710/6208 [07:39<09:53,  5.90it/s, v_num=t-12, loss/train=1.680]Epoch 0:  44%|████▎     | 2711/6208 [07:39<09:53,  5.90it/s, v_num=t-12, loss/train=1.680]Epoch 0:  44%|████▎     | 2711/6208 [07:39<09:53,  5.90it/s, v_num=t-12, loss/train=1.950]Epoch 0:  44%|████▎     | 2712/6208 [07:39<09:52,  5.90it/s, v_num=t-12, loss/train=1.950]Epoch 0:  44%|████▎     | 2712/6208 [07:39<09:52,  5.90it/s, v_num=t-12, loss/train=2.210]Epoch 0:  44%|████▎     | 2713/6208 [07:40<09:52,  5.90it/s, v_num=t-12, loss/train=2.210]Epoch 0:  44%|████▎     | 2713/6208 [07:40<09:52,  5.90it/s, v_num=t-12, loss/train=2.100]Epoch 0:  44%|████▎     | 2714/6208 [07:40<09:52,  5.90it/s, v_num=t-12, loss/train=2.100]Epoch 0:  44%|████▎     | 2714/6208 [07:40<09:52,  5.90it/s, v_num=t-12, loss/train=1.890]Epoch 0:  44%|████▎     | 2715/6208 [07:40<09:52,  5.90it/s, v_num=t-12, loss/train=1.890]Epoch 0:  44%|████▎     | 2715/6208 [07:40<09:52,  5.90it/s, v_num=t-12, loss/train=2.480]Epoch 0:  44%|████▍     | 2716/6208 [07:40<09:52,  5.90it/s, v_num=t-12, loss/train=2.480]Epoch 0:  44%|████▍     | 2716/6208 [07:40<09:52,  5.90it/s, v_num=t-12, loss/train=3.150]Epoch 0:  44%|████▍     | 2717/6208 [07:40<09:51,  5.90it/s, v_num=t-12, loss/train=3.150]Epoch 0:  44%|████▍     | 2717/6208 [07:40<09:52,  5.90it/s, v_num=t-12, loss/train=1.480]Epoch 0:  44%|████▍     | 2718/6208 [07:40<09:51,  5.90it/s, v_num=t-12, loss/train=1.480]Epoch 0:  44%|████▍     | 2718/6208 [07:40<09:51,  5.90it/s, v_num=t-12, loss/train=2.320]Epoch 0:  44%|████▍     | 2719/6208 [07:41<09:51,  5.90it/s, v_num=t-12, loss/train=2.320]Epoch 0:  44%|████▍     | 2719/6208 [07:41<09:51,  5.90it/s, v_num=t-12, loss/train=2.400]Epoch 0:  44%|████▍     | 2720/6208 [07:41<09:51,  5.90it/s, v_num=t-12, loss/train=2.400]Epoch 0:  44%|████▍     | 2720/6208 [07:41<09:51,  5.90it/s, v_num=t-12, loss/train=2.210]Epoch 0:  44%|████▍     | 2721/6208 [07:41<09:51,  5.90it/s, v_num=t-12, loss/train=2.210]Epoch 0:  44%|████▍     | 2721/6208 [07:41<09:51,  5.90it/s, v_num=t-12, loss/train=1.770]Epoch 0:  44%|████▍     | 2722/6208 [07:41<09:51,  5.90it/s, v_num=t-12, loss/train=1.770]Epoch 0:  44%|████▍     | 2722/6208 [07:41<09:51,  5.90it/s, v_num=t-12, loss/train=2.570]Epoch 0:  44%|████▍     | 2723/6208 [07:41<09:50,  5.90it/s, v_num=t-12, loss/train=2.570]Epoch 0:  44%|████▍     | 2723/6208 [07:41<09:50,  5.90it/s, v_num=t-12, loss/train=1.450]Epoch 0:  44%|████▍     | 2724/6208 [07:41<09:50,  5.90it/s, v_num=t-12, loss/train=1.450]Epoch 0:  44%|████▍     | 2724/6208 [07:41<09:50,  5.90it/s, v_num=t-12, loss/train=3.170]Epoch 0:  44%|████▍     | 2725/6208 [07:41<09:50,  5.90it/s, v_num=t-12, loss/train=3.170]Epoch 0:  44%|████▍     | 2725/6208 [07:41<09:50,  5.90it/s, v_num=t-12, loss/train=1.930]Epoch 0:  44%|████▍     | 2726/6208 [07:42<09:50,  5.90it/s, v_num=t-12, loss/train=1.930]Epoch 0:  44%|████▍     | 2726/6208 [07:42<09:50,  5.90it/s, v_num=t-12, loss/train=1.840]Epoch 0:  44%|████▍     | 2727/6208 [07:42<09:50,  5.90it/s, v_num=t-12, loss/train=1.840]Epoch 0:  44%|████▍     | 2727/6208 [07:42<09:50,  5.90it/s, v_num=t-12, loss/train=2.100]Epoch 0:  44%|████▍     | 2728/6208 [07:42<09:49,  5.90it/s, v_num=t-12, loss/train=2.100]Epoch 0:  44%|████▍     | 2728/6208 [07:42<09:49,  5.90it/s, v_num=t-12, loss/train=2.550]Epoch 0:  44%|████▍     | 2729/6208 [07:42<09:49,  5.90it/s, v_num=t-12, loss/train=2.550]Epoch 0:  44%|████▍     | 2729/6208 [07:42<09:49,  5.90it/s, v_num=t-12, loss/train=1.620]Epoch 0:  44%|████▍     | 2730/6208 [07:42<09:49,  5.90it/s, v_num=t-12, loss/train=1.620]Epoch 0:  44%|████▍     | 2730/6208 [07:42<09:49,  5.90it/s, v_num=t-12, loss/train=2.370]Epoch 0:  44%|████▍     | 2731/6208 [07:42<09:49,  5.90it/s, v_num=t-12, loss/train=2.370]Epoch 0:  44%|████▍     | 2731/6208 [07:42<09:49,  5.90it/s, v_num=t-12, loss/train=2.160]Epoch 0:  44%|████▍     | 2732/6208 [07:43<09:49,  5.90it/s, v_num=t-12, loss/train=2.160]Epoch 0:  44%|████▍     | 2732/6208 [07:43<09:49,  5.90it/s, v_num=t-12, loss/train=1.640]Epoch 0:  44%|████▍     | 2733/6208 [07:43<09:49,  5.90it/s, v_num=t-12, loss/train=1.640]Epoch 0:  44%|████▍     | 2733/6208 [07:43<09:49,  5.90it/s, v_num=t-12, loss/train=3.060]Epoch 0:  44%|████▍     | 2734/6208 [07:43<09:49,  5.90it/s, v_num=t-12, loss/train=3.060]Epoch 0:  44%|████▍     | 2734/6208 [07:43<09:49,  5.90it/s, v_num=t-12, loss/train=2.730]Epoch 0:  44%|████▍     | 2735/6208 [07:43<09:48,  5.90it/s, v_num=t-12, loss/train=2.730]Epoch 0:  44%|████▍     | 2735/6208 [07:43<09:49,  5.90it/s, v_num=t-12, loss/train=1.200]Epoch 0:  44%|████▍     | 2736/6208 [07:43<09:48,  5.90it/s, v_num=t-12, loss/train=1.200]Epoch 0:  44%|████▍     | 2736/6208 [07:44<09:48,  5.90it/s, v_num=t-12, loss/train=2.260]Epoch 0:  44%|████▍     | 2737/6208 [07:44<09:48,  5.90it/s, v_num=t-12, loss/train=2.260]Epoch 0:  44%|████▍     | 2737/6208 [07:44<09:48,  5.90it/s, v_num=t-12, loss/train=2.120]Epoch 0:  44%|████▍     | 2738/6208 [07:44<09:48,  5.90it/s, v_num=t-12, loss/train=2.120]Epoch 0:  44%|████▍     | 2738/6208 [07:44<09:48,  5.90it/s, v_num=t-12, loss/train=2.060]Epoch 0:  44%|████▍     | 2739/6208 [07:44<09:48,  5.90it/s, v_num=t-12, loss/train=2.060]Epoch 0:  44%|████▍     | 2739/6208 [07:44<09:48,  5.90it/s, v_num=t-12, loss/train=1.810]Epoch 0:  44%|████▍     | 2740/6208 [07:44<09:48,  5.90it/s, v_num=t-12, loss/train=1.810]Epoch 0:  44%|████▍     | 2740/6208 [07:44<09:48,  5.90it/s, v_num=t-12, loss/train=1.810]Epoch 0:  44%|████▍     | 2741/6208 [07:44<09:47,  5.90it/s, v_num=t-12, loss/train=1.810]Epoch 0:  44%|████▍     | 2741/6208 [07:44<09:47,  5.90it/s, v_num=t-12, loss/train=2.310]Epoch 0:  44%|████▍     | 2742/6208 [07:44<09:47,  5.90it/s, v_num=t-12, loss/train=2.310]Epoch 0:  44%|████▍     | 2742/6208 [07:44<09:47,  5.90it/s, v_num=t-12, loss/train=1.670]Epoch 0:  44%|████▍     | 2743/6208 [07:45<09:47,  5.90it/s, v_num=t-12, loss/train=1.670]Epoch 0:  44%|████▍     | 2743/6208 [07:45<09:47,  5.90it/s, v_num=t-12, loss/train=1.210]Epoch 0:  44%|████▍     | 2744/6208 [07:45<09:47,  5.90it/s, v_num=t-12, loss/train=1.210]Epoch 0:  44%|████▍     | 2744/6208 [07:45<09:47,  5.90it/s, v_num=t-12, loss/train=2.720]Epoch 0:  44%|████▍     | 2745/6208 [07:45<09:47,  5.90it/s, v_num=t-12, loss/train=2.720]Epoch 0:  44%|████▍     | 2745/6208 [07:45<09:47,  5.90it/s, v_num=t-12, loss/train=2.400]Epoch 0:  44%|████▍     | 2746/6208 [07:45<09:47,  5.90it/s, v_num=t-12, loss/train=2.400]Epoch 0:  44%|████▍     | 2746/6208 [07:45<09:47,  5.90it/s, v_num=t-12, loss/train=2.350]Epoch 0:  44%|████▍     | 2747/6208 [07:45<09:46,  5.90it/s, v_num=t-12, loss/train=2.350]Epoch 0:  44%|████▍     | 2747/6208 [07:45<09:46,  5.90it/s, v_num=t-12, loss/train=1.900]Epoch 0:  44%|████▍     | 2748/6208 [07:45<09:46,  5.90it/s, v_num=t-12, loss/train=1.900]Epoch 0:  44%|████▍     | 2748/6208 [07:45<09:46,  5.90it/s, v_num=t-12, loss/train=2.600]Epoch 0:  44%|████▍     | 2749/6208 [07:46<09:46,  5.90it/s, v_num=t-12, loss/train=2.600]Epoch 0:  44%|████▍     | 2749/6208 [07:46<09:46,  5.90it/s, v_num=t-12, loss/train=1.690]Epoch 0:  44%|████▍     | 2750/6208 [07:46<09:46,  5.90it/s, v_num=t-12, loss/train=1.690]Epoch 0:  44%|████▍     | 2750/6208 [07:46<09:46,  5.90it/s, v_num=t-12, loss/train=1.790]Epoch 0:  44%|████▍     | 2751/6208 [07:46<09:46,  5.90it/s, v_num=t-12, loss/train=1.790]Epoch 0:  44%|████▍     | 2751/6208 [07:46<09:46,  5.90it/s, v_num=t-12, loss/train=1.700]Epoch 0:  44%|████▍     | 2752/6208 [07:46<09:46,  5.90it/s, v_num=t-12, loss/train=1.700]Epoch 0:  44%|████▍     | 2752/6208 [07:46<09:46,  5.90it/s, v_num=t-12, loss/train=2.000]Epoch 0:  44%|████▍     | 2753/6208 [07:46<09:45,  5.90it/s, v_num=t-12, loss/train=2.000]Epoch 0:  44%|████▍     | 2753/6208 [07:46<09:46,  5.90it/s, v_num=t-12, loss/train=1.610]Epoch 0:  44%|████▍     | 2754/6208 [07:47<09:45,  5.90it/s, v_num=t-12, loss/train=1.610]Epoch 0:  44%|████▍     | 2754/6208 [07:47<09:45,  5.90it/s, v_num=t-12, loss/train=1.580]Epoch 0:  44%|████▍     | 2755/6208 [07:47<09:45,  5.90it/s, v_num=t-12, loss/train=1.580]Epoch 0:  44%|████▍     | 2755/6208 [07:47<09:45,  5.90it/s, v_num=t-12, loss/train=1.860]Epoch 0:  44%|████▍     | 2756/6208 [07:47<09:45,  5.90it/s, v_num=t-12, loss/train=1.860]Epoch 0:  44%|████▍     | 2756/6208 [07:47<09:45,  5.90it/s, v_num=t-12, loss/train=2.910]Epoch 0:  44%|████▍     | 2757/6208 [07:47<09:45,  5.90it/s, v_num=t-12, loss/train=2.910]Epoch 0:  44%|████▍     | 2757/6208 [07:47<09:45,  5.90it/s, v_num=t-12, loss/train=1.560]Epoch 0:  44%|████▍     | 2758/6208 [07:47<09:45,  5.90it/s, v_num=t-12, loss/train=1.560]Epoch 0:  44%|████▍     | 2758/6208 [07:47<09:45,  5.90it/s, v_num=t-12, loss/train=1.630]Epoch 0:  44%|████▍     | 2759/6208 [07:47<09:44,  5.90it/s, v_num=t-12, loss/train=1.630]Epoch 0:  44%|████▍     | 2759/6208 [07:47<09:44,  5.90it/s, v_num=t-12, loss/train=2.770]Epoch 0:  44%|████▍     | 2760/6208 [07:48<09:44,  5.89it/s, v_num=t-12, loss/train=2.770]Epoch 0:  44%|████▍     | 2760/6208 [07:48<09:44,  5.89it/s, v_num=t-12, loss/train=1.680]Epoch 0:  44%|████▍     | 2761/6208 [07:48<09:44,  5.89it/s, v_num=t-12, loss/train=1.680]Epoch 0:  44%|████▍     | 2761/6208 [07:48<09:44,  5.89it/s, v_num=t-12, loss/train=1.200]Epoch 0:  44%|████▍     | 2762/6208 [07:48<09:44,  5.89it/s, v_num=t-12, loss/train=1.200]Epoch 0:  44%|████▍     | 2762/6208 [07:48<09:44,  5.89it/s, v_num=t-12, loss/train=1.590]Epoch 0:  45%|████▍     | 2763/6208 [07:48<09:44,  5.89it/s, v_num=t-12, loss/train=1.590]Epoch 0:  45%|████▍     | 2763/6208 [07:48<09:44,  5.89it/s, v_num=t-12, loss/train=1.290]Epoch 0:  45%|████▍     | 2764/6208 [07:48<09:44,  5.90it/s, v_num=t-12, loss/train=1.290]Epoch 0:  45%|████▍     | 2764/6208 [07:48<09:44,  5.89it/s, v_num=t-12, loss/train=2.300]Epoch 0:  45%|████▍     | 2765/6208 [07:49<09:44,  5.90it/s, v_num=t-12, loss/train=2.300]Epoch 0:  45%|████▍     | 2765/6208 [07:49<09:44,  5.89it/s, v_num=t-12, loss/train=1.970]Epoch 0:  45%|████▍     | 2766/6208 [07:49<09:43,  5.90it/s, v_num=t-12, loss/train=1.970]Epoch 0:  45%|████▍     | 2766/6208 [07:49<09:43,  5.90it/s, v_num=t-12, loss/train=1.440]Epoch 0:  45%|████▍     | 2767/6208 [07:49<09:43,  5.90it/s, v_num=t-12, loss/train=1.440]Epoch 0:  45%|████▍     | 2767/6208 [07:49<09:43,  5.90it/s, v_num=t-12, loss/train=1.030]Epoch 0:  45%|████▍     | 2768/6208 [07:49<09:43,  5.90it/s, v_num=t-12, loss/train=1.030]Epoch 0:  45%|████▍     | 2768/6208 [07:49<09:43,  5.90it/s, v_num=t-12, loss/train=1.510]Epoch 0:  45%|████▍     | 2769/6208 [07:49<09:43,  5.90it/s, v_num=t-12, loss/train=1.510]Epoch 0:  45%|████▍     | 2769/6208 [07:49<09:43,  5.90it/s, v_num=t-12, loss/train=1.290]Epoch 0:  45%|████▍     | 2770/6208 [07:49<09:43,  5.90it/s, v_num=t-12, loss/train=1.290]Epoch 0:  45%|████▍     | 2770/6208 [07:49<09:43,  5.90it/s, v_num=t-12, loss/train=1.360]Epoch 0:  45%|████▍     | 2771/6208 [07:49<09:42,  5.90it/s, v_num=t-12, loss/train=1.360]Epoch 0:  45%|████▍     | 2771/6208 [07:49<09:42,  5.90it/s, v_num=t-12, loss/train=0.937]Epoch 0:  45%|████▍     | 2772/6208 [07:50<09:42,  5.90it/s, v_num=t-12, loss/train=0.937]Epoch 0:  45%|████▍     | 2772/6208 [07:50<09:42,  5.90it/s, v_num=t-12, loss/train=2.140]Epoch 0:  45%|████▍     | 2773/6208 [07:50<09:42,  5.90it/s, v_num=t-12, loss/train=2.140]Epoch 0:  45%|████▍     | 2773/6208 [07:50<09:42,  5.90it/s, v_num=t-12, loss/train=1.490]Epoch 0:  45%|████▍     | 2774/6208 [07:50<09:42,  5.90it/s, v_num=t-12, loss/train=1.490]Epoch 0:  45%|████▍     | 2774/6208 [07:50<09:42,  5.90it/s, v_num=t-12, loss/train=2.290]Epoch 0:  45%|████▍     | 2775/6208 [07:50<09:42,  5.90it/s, v_num=t-12, loss/train=2.290]Epoch 0:  45%|████▍     | 2775/6208 [07:50<09:42,  5.90it/s, v_num=t-12, loss/train=1.800]Epoch 0:  45%|████▍     | 2776/6208 [07:50<09:42,  5.90it/s, v_num=t-12, loss/train=1.800]Epoch 0:  45%|████▍     | 2776/6208 [07:50<09:42,  5.90it/s, v_num=t-12, loss/train=1.930]Epoch 0:  45%|████▍     | 2777/6208 [07:50<09:41,  5.90it/s, v_num=t-12, loss/train=1.930]Epoch 0:  45%|████▍     | 2777/6208 [07:50<09:41,  5.90it/s, v_num=t-12, loss/train=2.190]Epoch 0:  45%|████▍     | 2778/6208 [07:51<09:41,  5.90it/s, v_num=t-12, loss/train=2.190]Epoch 0:  45%|████▍     | 2778/6208 [07:51<09:41,  5.90it/s, v_num=t-12, loss/train=1.910]Epoch 0:  45%|████▍     | 2779/6208 [07:51<09:41,  5.90it/s, v_num=t-12, loss/train=1.910]Epoch 0:  45%|████▍     | 2779/6208 [07:51<09:41,  5.90it/s, v_num=t-12, loss/train=1.860]Epoch 0:  45%|████▍     | 2780/6208 [07:51<09:41,  5.90it/s, v_num=t-12, loss/train=1.860]Epoch 0:  45%|████▍     | 2780/6208 [07:51<09:41,  5.90it/s, v_num=t-12, loss/train=2.050]Epoch 0:  45%|████▍     | 2781/6208 [07:51<09:41,  5.90it/s, v_num=t-12, loss/train=2.050]Epoch 0:  45%|████▍     | 2781/6208 [07:51<09:41,  5.90it/s, v_num=t-12, loss/train=0.593]Epoch 0:  45%|████▍     | 2782/6208 [07:51<09:40,  5.90it/s, v_num=t-12, loss/train=0.593]Epoch 0:  45%|████▍     | 2782/6208 [07:51<09:40,  5.90it/s, v_num=t-12, loss/train=1.960]Epoch 0:  45%|████▍     | 2783/6208 [07:51<09:40,  5.90it/s, v_num=t-12, loss/train=1.960]Epoch 0:  45%|████▍     | 2783/6208 [07:51<09:40,  5.90it/s, v_num=t-12, loss/train=1.280]Epoch 0:  45%|████▍     | 2784/6208 [07:52<09:40,  5.90it/s, v_num=t-12, loss/train=1.280]Epoch 0:  45%|████▍     | 2784/6208 [07:52<09:40,  5.90it/s, v_num=t-12, loss/train=2.920]Epoch 0:  45%|████▍     | 2785/6208 [07:52<09:40,  5.90it/s, v_num=t-12, loss/train=2.920]Epoch 0:  45%|████▍     | 2785/6208 [07:52<09:40,  5.90it/s, v_num=t-12, loss/train=2.390]Epoch 0:  45%|████▍     | 2786/6208 [07:52<09:40,  5.90it/s, v_num=t-12, loss/train=2.390]Epoch 0:  45%|████▍     | 2786/6208 [07:52<09:40,  5.90it/s, v_num=t-12, loss/train=1.670]Epoch 0:  45%|████▍     | 2787/6208 [07:52<09:39,  5.90it/s, v_num=t-12, loss/train=1.670]Epoch 0:  45%|████▍     | 2787/6208 [07:52<09:40,  5.90it/s, v_num=t-12, loss/train=1.880]Epoch 0:  45%|████▍     | 2788/6208 [07:52<09:39,  5.90it/s, v_num=t-12, loss/train=1.880]Epoch 0:  45%|████▍     | 2788/6208 [07:52<09:39,  5.90it/s, v_num=t-12, loss/train=1.240]Epoch 0:  45%|████▍     | 2789/6208 [07:52<09:39,  5.90it/s, v_num=t-12, loss/train=1.240]Epoch 0:  45%|████▍     | 2789/6208 [07:52<09:39,  5.90it/s, v_num=t-12, loss/train=2.950]Epoch 0:  45%|████▍     | 2790/6208 [07:52<09:39,  5.90it/s, v_num=t-12, loss/train=2.950]Epoch 0:  45%|████▍     | 2790/6208 [07:53<09:39,  5.90it/s, v_num=t-12, loss/train=1.890]Epoch 0:  45%|████▍     | 2791/6208 [07:53<09:39,  5.90it/s, v_num=t-12, loss/train=1.890]Epoch 0:  45%|████▍     | 2791/6208 [07:53<09:39,  5.90it/s, v_num=t-12, loss/train=2.340]Epoch 0:  45%|████▍     | 2792/6208 [07:53<09:39,  5.90it/s, v_num=t-12, loss/train=2.340]Epoch 0:  45%|████▍     | 2792/6208 [07:53<09:39,  5.90it/s, v_num=t-12, loss/train=3.370]Epoch 0:  45%|████▍     | 2793/6208 [07:53<09:38,  5.90it/s, v_num=t-12, loss/train=3.370]Epoch 0:  45%|████▍     | 2793/6208 [07:53<09:38,  5.90it/s, v_num=t-12, loss/train=1.580]Epoch 0:  45%|████▌     | 2794/6208 [07:53<09:38,  5.90it/s, v_num=t-12, loss/train=1.580]Epoch 0:  45%|████▌     | 2794/6208 [07:53<09:38,  5.90it/s, v_num=t-12, loss/train=2.450]Epoch 0:  45%|████▌     | 2795/6208 [07:53<09:38,  5.90it/s, v_num=t-12, loss/train=2.450]Epoch 0:  45%|████▌     | 2795/6208 [07:53<09:38,  5.90it/s, v_num=t-12, loss/train=2.320]Epoch 0:  45%|████▌     | 2796/6208 [07:53<09:38,  5.90it/s, v_num=t-12, loss/train=2.320]Epoch 0:  45%|████▌     | 2796/6208 [07:53<09:38,  5.90it/s, v_num=t-12, loss/train=2.480]Epoch 0:  45%|████▌     | 2797/6208 [07:54<09:38,  5.90it/s, v_num=t-12, loss/train=2.480]Epoch 0:  45%|████▌     | 2797/6208 [07:54<09:38,  5.90it/s, v_num=t-12, loss/train=1.430]Epoch 0:  45%|████▌     | 2798/6208 [07:54<09:37,  5.90it/s, v_num=t-12, loss/train=1.430]Epoch 0:  45%|████▌     | 2798/6208 [07:54<09:37,  5.90it/s, v_num=t-12, loss/train=1.860]Epoch 0:  45%|████▌     | 2799/6208 [07:54<09:37,  5.90it/s, v_num=t-12, loss/train=1.860]Epoch 0:  45%|████▌     | 2799/6208 [07:54<09:37,  5.90it/s, v_num=t-12, loss/train=2.310]Epoch 0:  45%|████▌     | 2800/6208 [07:54<09:37,  5.90it/s, v_num=t-12, loss/train=2.310]Epoch 0:  45%|████▌     | 2800/6208 [07:54<09:37,  5.90it/s, v_num=t-12, loss/train=1.850]Epoch 0:  45%|████▌     | 2801/6208 [07:54<09:37,  5.90it/s, v_num=t-12, loss/train=1.850]Epoch 0:  45%|████▌     | 2801/6208 [07:54<09:37,  5.90it/s, v_num=t-12, loss/train=1.440]Epoch 0:  45%|████▌     | 2802/6208 [07:55<09:37,  5.90it/s, v_num=t-12, loss/train=1.440]Epoch 0:  45%|████▌     | 2802/6208 [07:55<09:37,  5.90it/s, v_num=t-12, loss/train=1.180]Epoch 0:  45%|████▌     | 2803/6208 [07:55<09:37,  5.90it/s, v_num=t-12, loss/train=1.180]Epoch 0:  45%|████▌     | 2803/6208 [07:55<09:37,  5.90it/s, v_num=t-12, loss/train=2.850]Epoch 0:  45%|████▌     | 2804/6208 [07:55<09:37,  5.90it/s, v_num=t-12, loss/train=2.850]Epoch 0:  45%|████▌     | 2804/6208 [07:55<09:37,  5.90it/s, v_num=t-12, loss/train=2.290]Epoch 0:  45%|████▌     | 2805/6208 [07:55<09:36,  5.90it/s, v_num=t-12, loss/train=2.290]Epoch 0:  45%|████▌     | 2805/6208 [07:55<09:36,  5.90it/s, v_num=t-12, loss/train=1.500]Epoch 0:  45%|████▌     | 2806/6208 [07:55<09:36,  5.90it/s, v_num=t-12, loss/train=1.500]Epoch 0:  45%|████▌     | 2806/6208 [07:55<09:36,  5.90it/s, v_num=t-12, loss/train=2.310]Epoch 0:  45%|████▌     | 2807/6208 [07:55<09:36,  5.90it/s, v_num=t-12, loss/train=2.310]Epoch 0:  45%|████▌     | 2807/6208 [07:55<09:36,  5.90it/s, v_num=t-12, loss/train=1.460]Epoch 0:  45%|████▌     | 2808/6208 [07:55<09:36,  5.90it/s, v_num=t-12, loss/train=1.460]Epoch 0:  45%|████▌     | 2808/6208 [07:56<09:36,  5.90it/s, v_num=t-12, loss/train=1.530]Epoch 0:  45%|████▌     | 2809/6208 [07:56<09:36,  5.90it/s, v_num=t-12, loss/train=1.530]Epoch 0:  45%|████▌     | 2809/6208 [07:56<09:36,  5.90it/s, v_num=t-12, loss/train=1.610]Epoch 0:  45%|████▌     | 2810/6208 [07:56<09:36,  5.90it/s, v_num=t-12, loss/train=1.610]Epoch 0:  45%|████▌     | 2810/6208 [07:56<09:36,  5.90it/s, v_num=t-12, loss/train=1.760]Epoch 0:  45%|████▌     | 2811/6208 [07:56<09:35,  5.90it/s, v_num=t-12, loss/train=1.760]Epoch 0:  45%|████▌     | 2811/6208 [07:56<09:35,  5.90it/s, v_num=t-12, loss/train=1.870]Epoch 0:  45%|████▌     | 2812/6208 [07:56<09:35,  5.90it/s, v_num=t-12, loss/train=1.870]Epoch 0:  45%|████▌     | 2812/6208 [07:56<09:35,  5.90it/s, v_num=t-12, loss/train=2.010]Epoch 0:  45%|████▌     | 2813/6208 [07:56<09:35,  5.90it/s, v_num=t-12, loss/train=2.010]Epoch 0:  45%|████▌     | 2813/6208 [07:56<09:35,  5.90it/s, v_num=t-12, loss/train=1.160]Epoch 0:  45%|████▌     | 2814/6208 [07:56<09:35,  5.90it/s, v_num=t-12, loss/train=1.160]Epoch 0:  45%|████▌     | 2814/6208 [07:56<09:35,  5.90it/s, v_num=t-12, loss/train=1.500]Epoch 0:  45%|████▌     | 2815/6208 [07:57<09:35,  5.90it/s, v_num=t-12, loss/train=1.500]Epoch 0:  45%|████▌     | 2815/6208 [07:57<09:35,  5.90it/s, v_num=t-12, loss/train=2.220]Epoch 0:  45%|████▌     | 2816/6208 [07:57<09:34,  5.90it/s, v_num=t-12, loss/train=2.220]Epoch 0:  45%|████▌     | 2816/6208 [07:57<09:34,  5.90it/s, v_num=t-12, loss/train=1.580]Epoch 0:  45%|████▌     | 2817/6208 [07:57<09:34,  5.90it/s, v_num=t-12, loss/train=1.580]Epoch 0:  45%|████▌     | 2817/6208 [07:57<09:34,  5.90it/s, v_num=t-12, loss/train=2.490]Epoch 0:  45%|████▌     | 2818/6208 [07:57<09:34,  5.90it/s, v_num=t-12, loss/train=2.490]Epoch 0:  45%|████▌     | 2818/6208 [07:57<09:34,  5.90it/s, v_num=t-12, loss/train=1.780]Epoch 0:  45%|████▌     | 2819/6208 [07:57<09:34,  5.90it/s, v_num=t-12, loss/train=1.780]Epoch 0:  45%|████▌     | 2819/6208 [07:57<09:34,  5.90it/s, v_num=t-12, loss/train=1.840]Epoch 0:  45%|████▌     | 2820/6208 [07:57<09:34,  5.90it/s, v_num=t-12, loss/train=1.840]Epoch 0:  45%|████▌     | 2820/6208 [07:57<09:34,  5.90it/s, v_num=t-12, loss/train=1.670]Epoch 0:  45%|████▌     | 2821/6208 [07:58<09:34,  5.90it/s, v_num=t-12, loss/train=1.670]Epoch 0:  45%|████▌     | 2821/6208 [07:58<09:34,  5.90it/s, v_num=t-12, loss/train=1.370]Epoch 0:  45%|████▌     | 2822/6208 [07:58<09:33,  5.90it/s, v_num=t-12, loss/train=1.370]Epoch 0:  45%|████▌     | 2822/6208 [07:58<09:33,  5.90it/s, v_num=t-12, loss/train=1.270]Epoch 0:  45%|████▌     | 2823/6208 [07:58<09:33,  5.90it/s, v_num=t-12, loss/train=1.270]Epoch 0:  45%|████▌     | 2823/6208 [07:58<09:33,  5.90it/s, v_num=t-12, loss/train=1.310]Epoch 0:  45%|████▌     | 2824/6208 [07:58<09:33,  5.90it/s, v_num=t-12, loss/train=1.310]Epoch 0:  45%|████▌     | 2824/6208 [07:58<09:33,  5.90it/s, v_num=t-12, loss/train=1.770]Epoch 0:  46%|████▌     | 2825/6208 [07:58<09:33,  5.90it/s, v_num=t-12, loss/train=1.770]Epoch 0:  46%|████▌     | 2825/6208 [07:58<09:33,  5.90it/s, v_num=t-12, loss/train=1.630]Epoch 0:  46%|████▌     | 2826/6208 [07:58<09:33,  5.90it/s, v_num=t-12, loss/train=1.630]Epoch 0:  46%|████▌     | 2826/6208 [07:58<09:33,  5.90it/s, v_num=t-12, loss/train=1.240]Epoch 0:  46%|████▌     | 2827/6208 [07:59<09:32,  5.90it/s, v_num=t-12, loss/train=1.240]Epoch 0:  46%|████▌     | 2827/6208 [07:59<09:32,  5.90it/s, v_num=t-12, loss/train=1.500]Epoch 0:  46%|████▌     | 2828/6208 [07:59<09:32,  5.90it/s, v_num=t-12, loss/train=1.500]Epoch 0:  46%|████▌     | 2828/6208 [07:59<09:32,  5.90it/s, v_num=t-12, loss/train=1.220]Epoch 0:  46%|████▌     | 2829/6208 [07:59<09:32,  5.90it/s, v_num=t-12, loss/train=1.220]Epoch 0:  46%|████▌     | 2829/6208 [07:59<09:32,  5.90it/s, v_num=t-12, loss/train=1.560]Epoch 0:  46%|████▌     | 2830/6208 [07:59<09:32,  5.90it/s, v_num=t-12, loss/train=1.560]Epoch 0:  46%|████▌     | 2830/6208 [07:59<09:32,  5.90it/s, v_num=t-12, loss/train=1.710]Epoch 0:  46%|████▌     | 2831/6208 [07:59<09:32,  5.90it/s, v_num=t-12, loss/train=1.710]Epoch 0:  46%|████▌     | 2831/6208 [07:59<09:32,  5.90it/s, v_num=t-12, loss/train=2.150]Epoch 0:  46%|████▌     | 2832/6208 [07:59<09:31,  5.90it/s, v_num=t-12, loss/train=2.150]Epoch 0:  46%|████▌     | 2832/6208 [07:59<09:32,  5.90it/s, v_num=t-12, loss/train=1.250]Epoch 0:  46%|████▌     | 2833/6208 [08:00<09:31,  5.90it/s, v_num=t-12, loss/train=1.250]Epoch 0:  46%|████▌     | 2833/6208 [08:00<09:31,  5.90it/s, v_num=t-12, loss/train=2.190]Epoch 0:  46%|████▌     | 2834/6208 [08:00<09:31,  5.90it/s, v_num=t-12, loss/train=2.190]Epoch 0:  46%|████▌     | 2834/6208 [08:00<09:31,  5.90it/s, v_num=t-12, loss/train=0.730]Epoch 0:  46%|████▌     | 2835/6208 [08:00<09:31,  5.90it/s, v_num=t-12, loss/train=0.730]Epoch 0:  46%|████▌     | 2835/6208 [08:00<09:31,  5.90it/s, v_num=t-12, loss/train=1.100]Epoch 0:  46%|████▌     | 2836/6208 [08:00<09:31,  5.90it/s, v_num=t-12, loss/train=1.100]Epoch 0:  46%|████▌     | 2836/6208 [08:00<09:31,  5.90it/s, v_num=t-12, loss/train=1.260]Epoch 0:  46%|████▌     | 2837/6208 [08:00<09:31,  5.90it/s, v_num=t-12, loss/train=1.260]Epoch 0:  46%|████▌     | 2837/6208 [08:00<09:31,  5.90it/s, v_num=t-12, loss/train=1.230]Epoch 0:  46%|████▌     | 2838/6208 [08:01<09:31,  5.90it/s, v_num=t-12, loss/train=1.230]Epoch 0:  46%|████▌     | 2838/6208 [08:01<09:31,  5.90it/s, v_num=t-12, loss/train=1.940]Epoch 0:  46%|████▌     | 2839/6208 [08:01<09:31,  5.90it/s, v_num=t-12, loss/train=1.940]Epoch 0:  46%|████▌     | 2839/6208 [08:01<09:31,  5.90it/s, v_num=t-12, loss/train=2.760]Epoch 0:  46%|████▌     | 2840/6208 [08:01<09:30,  5.90it/s, v_num=t-12, loss/train=2.760]Epoch 0:  46%|████▌     | 2840/6208 [08:01<09:30,  5.90it/s, v_num=t-12, loss/train=1.880]Epoch 0:  46%|████▌     | 2841/6208 [08:01<09:30,  5.90it/s, v_num=t-12, loss/train=1.880]Epoch 0:  46%|████▌     | 2841/6208 [08:01<09:30,  5.90it/s, v_num=t-12, loss/train=2.700]Epoch 0:  46%|████▌     | 2842/6208 [08:01<09:30,  5.90it/s, v_num=t-12, loss/train=2.700]Epoch 0:  46%|████▌     | 2842/6208 [08:01<09:30,  5.90it/s, v_num=t-12, loss/train=1.280]Epoch 0:  46%|████▌     | 2843/6208 [08:01<09:30,  5.90it/s, v_num=t-12, loss/train=1.280]Epoch 0:  46%|████▌     | 2843/6208 [08:01<09:30,  5.90it/s, v_num=t-12, loss/train=1.360]Epoch 0:  46%|████▌     | 2844/6208 [08:02<09:30,  5.90it/s, v_num=t-12, loss/train=1.360]Epoch 0:  46%|████▌     | 2844/6208 [08:02<09:30,  5.90it/s, v_num=t-12, loss/train=2.030]Epoch 0:  46%|████▌     | 2845/6208 [08:02<09:29,  5.90it/s, v_num=t-12, loss/train=2.030]Epoch 0:  46%|████▌     | 2845/6208 [08:02<09:29,  5.90it/s, v_num=t-12, loss/train=2.680]Epoch 0:  46%|████▌     | 2846/6208 [08:02<09:29,  5.90it/s, v_num=t-12, loss/train=2.680]Epoch 0:  46%|████▌     | 2846/6208 [08:02<09:29,  5.90it/s, v_num=t-12, loss/train=1.150]Epoch 0:  46%|████▌     | 2847/6208 [08:02<09:29,  5.90it/s, v_num=t-12, loss/train=1.150]Epoch 0:  46%|████▌     | 2847/6208 [08:02<09:29,  5.90it/s, v_num=t-12, loss/train=2.920]Epoch 0:  46%|████▌     | 2848/6208 [08:02<09:29,  5.90it/s, v_num=t-12, loss/train=2.920]Epoch 0:  46%|████▌     | 2848/6208 [08:02<09:29,  5.90it/s, v_num=t-12, loss/train=1.220]Epoch 0:  46%|████▌     | 2849/6208 [08:02<09:29,  5.90it/s, v_num=t-12, loss/train=1.220]Epoch 0:  46%|████▌     | 2849/6208 [08:02<09:29,  5.90it/s, v_num=t-12, loss/train=1.990]Epoch 0:  46%|████▌     | 2850/6208 [08:02<09:29,  5.90it/s, v_num=t-12, loss/train=1.990]Epoch 0:  46%|████▌     | 2850/6208 [08:02<09:29,  5.90it/s, v_num=t-12, loss/train=0.963]Epoch 0:  46%|████▌     | 2851/6208 [08:03<09:28,  5.90it/s, v_num=t-12, loss/train=0.963]Epoch 0:  46%|████▌     | 2851/6208 [08:03<09:28,  5.90it/s, v_num=t-12, loss/train=2.600]Epoch 0:  46%|████▌     | 2852/6208 [08:03<09:28,  5.90it/s, v_num=t-12, loss/train=2.600]Epoch 0:  46%|████▌     | 2852/6208 [08:03<09:28,  5.90it/s, v_num=t-12, loss/train=1.760]Epoch 0:  46%|████▌     | 2853/6208 [08:03<09:28,  5.90it/s, v_num=t-12, loss/train=1.760]Epoch 0:  46%|████▌     | 2853/6208 [08:03<09:28,  5.90it/s, v_num=t-12, loss/train=1.520]Epoch 0:  46%|████▌     | 2854/6208 [08:03<09:28,  5.90it/s, v_num=t-12, loss/train=1.520]Epoch 0:  46%|████▌     | 2854/6208 [08:03<09:28,  5.90it/s, v_num=t-12, loss/train=1.720]Epoch 0:  46%|████▌     | 2855/6208 [08:03<09:28,  5.90it/s, v_num=t-12, loss/train=1.720]Epoch 0:  46%|████▌     | 2855/6208 [08:03<09:28,  5.90it/s, v_num=t-12, loss/train=2.460]Epoch 0:  46%|████▌     | 2856/6208 [08:03<09:27,  5.90it/s, v_num=t-12, loss/train=2.460]Epoch 0:  46%|████▌     | 2856/6208 [08:03<09:27,  5.90it/s, v_num=t-12, loss/train=3.310]Epoch 0:  46%|████▌     | 2857/6208 [08:04<09:27,  5.90it/s, v_num=t-12, loss/train=3.310]Epoch 0:  46%|████▌     | 2857/6208 [08:04<09:27,  5.90it/s, v_num=t-12, loss/train=2.370]Epoch 0:  46%|████▌     | 2858/6208 [08:04<09:27,  5.90it/s, v_num=t-12, loss/train=2.370]Epoch 0:  46%|████▌     | 2858/6208 [08:04<09:27,  5.90it/s, v_num=t-12, loss/train=0.775]Epoch 0:  46%|████▌     | 2859/6208 [08:04<09:27,  5.90it/s, v_num=t-12, loss/train=0.775]Epoch 0:  46%|████▌     | 2859/6208 [08:04<09:27,  5.90it/s, v_num=t-12, loss/train=1.850]Epoch 0:  46%|████▌     | 2860/6208 [08:04<09:27,  5.90it/s, v_num=t-12, loss/train=1.850]Epoch 0:  46%|████▌     | 2860/6208 [08:04<09:27,  5.90it/s, v_num=t-12, loss/train=2.010]Epoch 0:  46%|████▌     | 2861/6208 [08:04<09:27,  5.90it/s, v_num=t-12, loss/train=2.010]Epoch 0:  46%|████▌     | 2861/6208 [08:04<09:27,  5.90it/s, v_num=t-12, loss/train=2.310]Epoch 0:  46%|████▌     | 2862/6208 [08:04<09:26,  5.90it/s, v_num=t-12, loss/train=2.310]Epoch 0:  46%|████▌     | 2862/6208 [08:04<09:26,  5.90it/s, v_num=t-12, loss/train=2.460]Epoch 0:  46%|████▌     | 2863/6208 [08:05<09:26,  5.90it/s, v_num=t-12, loss/train=2.460]Epoch 0:  46%|████▌     | 2863/6208 [08:05<09:26,  5.90it/s, v_num=t-12, loss/train=2.680]Epoch 0:  46%|████▌     | 2864/6208 [08:05<09:26,  5.90it/s, v_num=t-12, loss/train=2.680]Epoch 0:  46%|████▌     | 2864/6208 [08:05<09:26,  5.90it/s, v_num=t-12, loss/train=1.860]Epoch 0:  46%|████▌     | 2865/6208 [08:05<09:26,  5.90it/s, v_num=t-12, loss/train=1.860]Epoch 0:  46%|████▌     | 2865/6208 [08:05<09:26,  5.90it/s, v_num=t-12, loss/train=1.420]Epoch 0:  46%|████▌     | 2866/6208 [08:05<09:26,  5.90it/s, v_num=t-12, loss/train=1.420]Epoch 0:  46%|████▌     | 2866/6208 [08:05<09:26,  5.90it/s, v_num=t-12, loss/train=1.590]Epoch 0:  46%|████▌     | 2867/6208 [08:05<09:25,  5.90it/s, v_num=t-12, loss/train=1.590]Epoch 0:  46%|████▌     | 2867/6208 [08:05<09:25,  5.90it/s, v_num=t-12, loss/train=2.180]Epoch 0:  46%|████▌     | 2868/6208 [08:05<09:25,  5.90it/s, v_num=t-12, loss/train=2.180]Epoch 0:  46%|████▌     | 2868/6208 [08:05<09:25,  5.90it/s, v_num=t-12, loss/train=2.730]Epoch 0:  46%|████▌     | 2869/6208 [08:05<09:25,  5.90it/s, v_num=t-12, loss/train=2.730]Epoch 0:  46%|████▌     | 2869/6208 [08:06<09:25,  5.90it/s, v_num=t-12, loss/train=2.450]Epoch 0:  46%|████▌     | 2870/6208 [08:06<09:25,  5.90it/s, v_num=t-12, loss/train=2.450]Epoch 0:  46%|████▌     | 2870/6208 [08:06<09:25,  5.90it/s, v_num=t-12, loss/train=1.230]Epoch 0:  46%|████▌     | 2871/6208 [08:06<09:25,  5.90it/s, v_num=t-12, loss/train=1.230]Epoch 0:  46%|████▌     | 2871/6208 [08:06<09:25,  5.90it/s, v_num=t-12, loss/train=2.710]Epoch 0:  46%|████▋     | 2872/6208 [08:06<09:25,  5.90it/s, v_num=t-12, loss/train=2.710]Epoch 0:  46%|████▋     | 2872/6208 [08:06<09:25,  5.90it/s, v_num=t-12, loss/train=2.960]Epoch 0:  46%|████▋     | 2873/6208 [08:06<09:24,  5.90it/s, v_num=t-12, loss/train=2.960]Epoch 0:  46%|████▋     | 2873/6208 [08:06<09:24,  5.90it/s, v_num=t-12, loss/train=1.950]Epoch 0:  46%|████▋     | 2874/6208 [08:06<09:24,  5.90it/s, v_num=t-12, loss/train=1.950]Epoch 0:  46%|████▋     | 2874/6208 [08:06<09:24,  5.90it/s, v_num=t-12, loss/train=2.410]Epoch 0:  46%|████▋     | 2875/6208 [08:06<09:24,  5.90it/s, v_num=t-12, loss/train=2.410]Epoch 0:  46%|████▋     | 2875/6208 [08:07<09:24,  5.90it/s, v_num=t-12, loss/train=2.920]Epoch 0:  46%|████▋     | 2876/6208 [08:07<09:24,  5.90it/s, v_num=t-12, loss/train=2.920]Epoch 0:  46%|████▋     | 2876/6208 [08:07<09:24,  5.90it/s, v_num=t-12, loss/train=2.570]Epoch 0:  46%|████▋     | 2877/6208 [08:07<09:24,  5.90it/s, v_num=t-12, loss/train=2.570]Epoch 0:  46%|████▋     | 2877/6208 [08:07<09:24,  5.90it/s, v_num=t-12, loss/train=0.869]Epoch 0:  46%|████▋     | 2878/6208 [08:07<09:24,  5.90it/s, v_num=t-12, loss/train=0.869]Epoch 0:  46%|████▋     | 2878/6208 [08:07<09:24,  5.90it/s, v_num=t-12, loss/train=1.310]Epoch 0:  46%|████▋     | 2879/6208 [08:07<09:23,  5.90it/s, v_num=t-12, loss/train=1.310]Epoch 0:  46%|████▋     | 2879/6208 [08:07<09:23,  5.90it/s, v_num=t-12, loss/train=2.390]Epoch 0:  46%|████▋     | 2880/6208 [08:07<09:23,  5.90it/s, v_num=t-12, loss/train=2.390]Epoch 0:  46%|████▋     | 2880/6208 [08:07<09:23,  5.90it/s, v_num=t-12, loss/train=1.910]Epoch 0:  46%|████▋     | 2881/6208 [08:07<09:23,  5.90it/s, v_num=t-12, loss/train=1.910]Epoch 0:  46%|████▋     | 2881/6208 [08:07<09:23,  5.90it/s, v_num=t-12, loss/train=2.060]Epoch 0:  46%|████▋     | 2882/6208 [08:08<09:23,  5.90it/s, v_num=t-12, loss/train=2.060]Epoch 0:  46%|████▋     | 2882/6208 [08:08<09:23,  5.90it/s, v_num=t-12, loss/train=2.380]Epoch 0:  46%|████▋     | 2883/6208 [08:08<09:23,  5.90it/s, v_num=t-12, loss/train=2.380]Epoch 0:  46%|████▋     | 2883/6208 [08:08<09:23,  5.90it/s, v_num=t-12, loss/train=2.440]Epoch 0:  46%|████▋     | 2884/6208 [08:08<09:22,  5.90it/s, v_num=t-12, loss/train=2.440]Epoch 0:  46%|████▋     | 2884/6208 [08:08<09:22,  5.90it/s, v_num=t-12, loss/train=2.230]Epoch 0:  46%|████▋     | 2885/6208 [08:08<09:22,  5.90it/s, v_num=t-12, loss/train=2.230]Epoch 0:  46%|████▋     | 2885/6208 [08:08<09:22,  5.90it/s, v_num=t-12, loss/train=1.780]Epoch 0:  46%|████▋     | 2886/6208 [08:08<09:22,  5.90it/s, v_num=t-12, loss/train=1.780]Epoch 0:  46%|████▋     | 2886/6208 [08:08<09:22,  5.90it/s, v_num=t-12, loss/train=1.550]Epoch 0:  47%|████▋     | 2887/6208 [08:09<09:22,  5.90it/s, v_num=t-12, loss/train=1.550]Epoch 0:  47%|████▋     | 2887/6208 [08:09<09:22,  5.90it/s, v_num=t-12, loss/train=1.340]Epoch 0:  47%|████▋     | 2888/6208 [08:09<09:22,  5.90it/s, v_num=t-12, loss/train=1.340]Epoch 0:  47%|████▋     | 2888/6208 [08:09<09:22,  5.90it/s, v_num=t-12, loss/train=2.220]Epoch 0:  47%|████▋     | 2889/6208 [08:09<09:22,  5.90it/s, v_num=t-12, loss/train=2.220]Epoch 0:  47%|████▋     | 2889/6208 [08:09<09:22,  5.90it/s, v_num=t-12, loss/train=2.780]Epoch 0:  47%|████▋     | 2890/6208 [08:09<09:22,  5.90it/s, v_num=t-12, loss/train=2.780]Epoch 0:  47%|████▋     | 2890/6208 [08:09<09:22,  5.90it/s, v_num=t-12, loss/train=0.952]Epoch 0:  47%|████▋     | 2891/6208 [08:09<09:21,  5.90it/s, v_num=t-12, loss/train=0.952]Epoch 0:  47%|████▋     | 2891/6208 [08:09<09:21,  5.90it/s, v_num=t-12, loss/train=1.220]Epoch 0:  47%|████▋     | 2892/6208 [08:09<09:21,  5.90it/s, v_num=t-12, loss/train=1.220]Epoch 0:  47%|████▋     | 2892/6208 [08:09<09:21,  5.90it/s, v_num=t-12, loss/train=0.974]Epoch 0:  47%|████▋     | 2893/6208 [08:10<09:21,  5.90it/s, v_num=t-12, loss/train=0.974]Epoch 0:  47%|████▋     | 2893/6208 [08:10<09:21,  5.90it/s, v_num=t-12, loss/train=2.040]Epoch 0:  47%|████▋     | 2894/6208 [08:10<09:21,  5.90it/s, v_num=t-12, loss/train=2.040]Epoch 0:  47%|████▋     | 2894/6208 [08:10<09:21,  5.90it/s, v_num=t-12, loss/train=3.250]Epoch 0:  47%|████▋     | 2895/6208 [08:10<09:21,  5.90it/s, v_num=t-12, loss/train=3.250]Epoch 0:  47%|████▋     | 2895/6208 [08:10<09:21,  5.90it/s, v_num=t-12, loss/train=1.530]Epoch 0:  47%|████▋     | 2896/6208 [08:10<09:21,  5.90it/s, v_num=t-12, loss/train=1.530]Epoch 0:  47%|████▋     | 2896/6208 [08:10<09:21,  5.90it/s, v_num=t-12, loss/train=2.650]Epoch 0:  47%|████▋     | 2897/6208 [08:10<09:21,  5.90it/s, v_num=t-12, loss/train=2.650]Epoch 0:  47%|████▋     | 2897/6208 [08:10<09:21,  5.90it/s, v_num=t-12, loss/train=2.080]Epoch 0:  47%|████▋     | 2898/6208 [08:11<09:20,  5.90it/s, v_num=t-12, loss/train=2.080]Epoch 0:  47%|████▋     | 2898/6208 [08:11<09:20,  5.90it/s, v_num=t-12, loss/train=2.170]Epoch 0:  47%|████▋     | 2899/6208 [08:11<09:20,  5.90it/s, v_num=t-12, loss/train=2.170]Epoch 0:  47%|████▋     | 2899/6208 [08:11<09:20,  5.90it/s, v_num=t-12, loss/train=1.930]Epoch 0:  47%|████▋     | 2900/6208 [08:11<09:20,  5.90it/s, v_num=t-12, loss/train=1.930]Epoch 0:  47%|████▋     | 2900/6208 [08:11<09:20,  5.90it/s, v_num=t-12, loss/train=2.190]Epoch 0:  47%|████▋     | 2901/6208 [08:11<09:20,  5.90it/s, v_num=t-12, loss/train=2.190]Epoch 0:  47%|████▋     | 2901/6208 [08:11<09:20,  5.90it/s, v_num=t-12, loss/train=1.690]Epoch 0:  47%|████▋     | 2902/6208 [08:11<09:20,  5.90it/s, v_num=t-12, loss/train=1.690]Epoch 0:  47%|████▋     | 2902/6208 [08:11<09:20,  5.90it/s, v_num=t-12, loss/train=1.970]Epoch 0:  47%|████▋     | 2903/6208 [08:11<09:19,  5.90it/s, v_num=t-12, loss/train=1.970]Epoch 0:  47%|████▋     | 2903/6208 [08:11<09:19,  5.90it/s, v_num=t-12, loss/train=2.100]Epoch 0:  47%|████▋     | 2904/6208 [08:11<09:19,  5.90it/s, v_num=t-12, loss/train=2.100]Epoch 0:  47%|████▋     | 2904/6208 [08:12<09:19,  5.90it/s, v_num=t-12, loss/train=2.200]Epoch 0:  47%|████▋     | 2905/6208 [08:12<09:19,  5.90it/s, v_num=t-12, loss/train=2.200]Epoch 0:  47%|████▋     | 2905/6208 [08:12<09:19,  5.90it/s, v_num=t-12, loss/train=1.720]Epoch 0:  47%|████▋     | 2906/6208 [08:12<09:19,  5.90it/s, v_num=t-12, loss/train=1.720]Epoch 0:  47%|████▋     | 2906/6208 [08:12<09:19,  5.90it/s, v_num=t-12, loss/train=1.560]Epoch 0:  47%|████▋     | 2907/6208 [08:12<09:19,  5.90it/s, v_num=t-12, loss/train=1.560]Epoch 0:  47%|████▋     | 2907/6208 [08:12<09:19,  5.90it/s, v_num=t-12, loss/train=1.030]Epoch 0:  47%|████▋     | 2908/6208 [08:12<09:19,  5.90it/s, v_num=t-12, loss/train=1.030]Epoch 0:  47%|████▋     | 2908/6208 [08:12<09:19,  5.90it/s, v_num=t-12, loss/train=1.240]Epoch 0:  47%|████▋     | 2909/6208 [08:12<09:18,  5.90it/s, v_num=t-12, loss/train=1.240]Epoch 0:  47%|████▋     | 2909/6208 [08:12<09:18,  5.90it/s, v_num=t-12, loss/train=2.180]Epoch 0:  47%|████▋     | 2910/6208 [08:12<09:18,  5.90it/s, v_num=t-12, loss/train=2.180]Epoch 0:  47%|████▋     | 2910/6208 [08:12<09:18,  5.90it/s, v_num=t-12, loss/train=1.470]Epoch 0:  47%|████▋     | 2911/6208 [08:13<09:18,  5.90it/s, v_num=t-12, loss/train=1.470]Epoch 0:  47%|████▋     | 2911/6208 [08:13<09:18,  5.90it/s, v_num=t-12, loss/train=1.540]Epoch 0:  47%|████▋     | 2912/6208 [08:13<09:18,  5.90it/s, v_num=t-12, loss/train=1.540]Epoch 0:  47%|████▋     | 2912/6208 [08:13<09:18,  5.90it/s, v_num=t-12, loss/train=1.350]Epoch 0:  47%|████▋     | 2913/6208 [08:13<09:18,  5.90it/s, v_num=t-12, loss/train=1.350]Epoch 0:  47%|████▋     | 2913/6208 [08:13<09:18,  5.90it/s, v_num=t-12, loss/train=1.700]Epoch 0:  47%|████▋     | 2914/6208 [08:13<09:17,  5.90it/s, v_num=t-12, loss/train=1.700]Epoch 0:  47%|████▋     | 2914/6208 [08:13<09:17,  5.90it/s, v_num=t-12, loss/train=1.540]Epoch 0:  47%|████▋     | 2915/6208 [08:13<09:17,  5.90it/s, v_num=t-12, loss/train=1.540]Epoch 0:  47%|████▋     | 2915/6208 [08:13<09:17,  5.90it/s, v_num=t-12, loss/train=1.220]Epoch 0:  47%|████▋     | 2916/6208 [08:13<09:17,  5.90it/s, v_num=t-12, loss/train=1.220]Epoch 0:  47%|████▋     | 2916/6208 [08:13<09:17,  5.90it/s, v_num=t-12, loss/train=1.240]Epoch 0:  47%|████▋     | 2917/6208 [08:14<09:17,  5.90it/s, v_num=t-12, loss/train=1.240]Epoch 0:  47%|████▋     | 2917/6208 [08:14<09:17,  5.90it/s, v_num=t-12, loss/train=2.160]Epoch 0:  47%|████▋     | 2918/6208 [08:14<09:17,  5.90it/s, v_num=t-12, loss/train=2.160]Epoch 0:  47%|████▋     | 2918/6208 [08:14<09:17,  5.90it/s, v_num=t-12, loss/train=1.670]Epoch 0:  47%|████▋     | 2919/6208 [08:14<09:17,  5.90it/s, v_num=t-12, loss/train=1.670]Epoch 0:  47%|████▋     | 2919/6208 [08:14<09:17,  5.90it/s, v_num=t-12, loss/train=1.990]Epoch 0:  47%|████▋     | 2920/6208 [08:14<09:16,  5.90it/s, v_num=t-12, loss/train=1.990]Epoch 0:  47%|████▋     | 2920/6208 [08:14<09:16,  5.90it/s, v_num=t-12, loss/train=1.580]Epoch 0:  47%|████▋     | 2921/6208 [08:14<09:16,  5.90it/s, v_num=t-12, loss/train=1.580]Epoch 0:  47%|████▋     | 2921/6208 [08:14<09:16,  5.90it/s, v_num=t-12, loss/train=1.140]Epoch 0:  47%|████▋     | 2922/6208 [08:14<09:16,  5.90it/s, v_num=t-12, loss/train=1.140]Epoch 0:  47%|████▋     | 2922/6208 [08:14<09:16,  5.90it/s, v_num=t-12, loss/train=1.470]Epoch 0:  47%|████▋     | 2923/6208 [08:15<09:16,  5.90it/s, v_num=t-12, loss/train=1.470]Epoch 0:  47%|████▋     | 2923/6208 [08:15<09:16,  5.90it/s, v_num=t-12, loss/train=1.540]Epoch 0:  47%|████▋     | 2924/6208 [08:15<09:16,  5.90it/s, v_num=t-12, loss/train=1.540]Epoch 0:  47%|████▋     | 2924/6208 [08:15<09:16,  5.90it/s, v_num=t-12, loss/train=2.220]Epoch 0:  47%|████▋     | 2925/6208 [08:15<09:16,  5.90it/s, v_num=t-12, loss/train=2.220]Epoch 0:  47%|████▋     | 2925/6208 [08:15<09:16,  5.90it/s, v_num=t-12, loss/train=1.080]Epoch 0:  47%|████▋     | 2926/6208 [08:15<09:15,  5.90it/s, v_num=t-12, loss/train=1.080]Epoch 0:  47%|████▋     | 2926/6208 [08:15<09:15,  5.90it/s, v_num=t-12, loss/train=1.960]Epoch 0:  47%|████▋     | 2927/6208 [08:15<09:15,  5.90it/s, v_num=t-12, loss/train=1.960]Epoch 0:  47%|████▋     | 2927/6208 [08:15<09:15,  5.90it/s, v_num=t-12, loss/train=1.760]Epoch 0:  47%|████▋     | 2928/6208 [08:15<09:15,  5.91it/s, v_num=t-12, loss/train=1.760]Epoch 0:  47%|████▋     | 2928/6208 [08:15<09:15,  5.91it/s, v_num=t-12, loss/train=1.830]Epoch 0:  47%|████▋     | 2929/6208 [08:16<09:15,  5.91it/s, v_num=t-12, loss/train=1.830]Epoch 0:  47%|████▋     | 2929/6208 [08:16<09:15,  5.91it/s, v_num=t-12, loss/train=2.850]Epoch 0:  47%|████▋     | 2930/6208 [08:16<09:15,  5.91it/s, v_num=t-12, loss/train=2.850]Epoch 0:  47%|████▋     | 2930/6208 [08:16<09:15,  5.91it/s, v_num=t-12, loss/train=1.590]Epoch 0:  47%|████▋     | 2931/6208 [08:16<09:14,  5.91it/s, v_num=t-12, loss/train=1.590]Epoch 0:  47%|████▋     | 2931/6208 [08:16<09:14,  5.91it/s, v_num=t-12, loss/train=2.380]Epoch 0:  47%|████▋     | 2932/6208 [08:16<09:14,  5.91it/s, v_num=t-12, loss/train=2.380]Epoch 0:  47%|████▋     | 2932/6208 [08:16<09:14,  5.91it/s, v_num=t-12, loss/train=1.630]Epoch 0:  47%|████▋     | 2933/6208 [08:16<09:14,  5.91it/s, v_num=t-12, loss/train=1.630]Epoch 0:  47%|████▋     | 2933/6208 [08:16<09:14,  5.91it/s, v_num=t-12, loss/train=1.360]Epoch 0:  47%|████▋     | 2934/6208 [08:16<09:14,  5.91it/s, v_num=t-12, loss/train=1.360]Epoch 0:  47%|████▋     | 2934/6208 [08:16<09:14,  5.91it/s, v_num=t-12, loss/train=1.220]Epoch 0:  47%|████▋     | 2935/6208 [08:16<09:14,  5.91it/s, v_num=t-12, loss/train=1.220]Epoch 0:  47%|████▋     | 2935/6208 [08:16<09:14,  5.91it/s, v_num=t-12, loss/train=1.380]Epoch 0:  47%|████▋     | 2936/6208 [08:17<09:14,  5.91it/s, v_num=t-12, loss/train=1.380]Epoch 0:  47%|████▋     | 2936/6208 [08:17<09:14,  5.91it/s, v_num=t-12, loss/train=1.830]Epoch 0:  47%|████▋     | 2937/6208 [08:17<09:13,  5.91it/s, v_num=t-12, loss/train=1.830]Epoch 0:  47%|████▋     | 2937/6208 [08:17<09:13,  5.91it/s, v_num=t-12, loss/train=2.140]Epoch 0:  47%|████▋     | 2938/6208 [08:17<09:13,  5.91it/s, v_num=t-12, loss/train=2.140]Epoch 0:  47%|████▋     | 2938/6208 [08:17<09:13,  5.91it/s, v_num=t-12, loss/train=1.600]Epoch 0:  47%|████▋     | 2939/6208 [08:17<09:13,  5.91it/s, v_num=t-12, loss/train=1.600]Epoch 0:  47%|████▋     | 2939/6208 [08:17<09:13,  5.91it/s, v_num=t-12, loss/train=1.790]Epoch 0:  47%|████▋     | 2940/6208 [08:17<09:13,  5.91it/s, v_num=t-12, loss/train=1.790]Epoch 0:  47%|████▋     | 2940/6208 [08:17<09:13,  5.91it/s, v_num=t-12, loss/train=2.180]Epoch 0:  47%|████▋     | 2941/6208 [08:17<09:13,  5.91it/s, v_num=t-12, loss/train=2.180]Epoch 0:  47%|████▋     | 2941/6208 [08:17<09:13,  5.91it/s, v_num=t-12, loss/train=2.170]Epoch 0:  47%|████▋     | 2942/6208 [08:18<09:13,  5.91it/s, v_num=t-12, loss/train=2.170]Epoch 0:  47%|████▋     | 2942/6208 [08:18<09:13,  5.91it/s, v_num=t-12, loss/train=1.950]Epoch 0:  47%|████▋     | 2943/6208 [08:18<09:12,  5.91it/s, v_num=t-12, loss/train=1.950]Epoch 0:  47%|████▋     | 2943/6208 [08:18<09:12,  5.91it/s, v_num=t-12, loss/train=1.720]Epoch 0:  47%|████▋     | 2944/6208 [08:18<09:12,  5.91it/s, v_num=t-12, loss/train=1.720]Epoch 0:  47%|████▋     | 2944/6208 [08:18<09:12,  5.91it/s, v_num=t-12, loss/train=2.170]Epoch 0:  47%|████▋     | 2945/6208 [08:18<09:12,  5.91it/s, v_num=t-12, loss/train=2.170]Epoch 0:  47%|████▋     | 2945/6208 [08:18<09:12,  5.91it/s, v_num=t-12, loss/train=0.990]Epoch 0:  47%|████▋     | 2946/6208 [08:18<09:12,  5.91it/s, v_num=t-12, loss/train=0.990]Epoch 0:  47%|████▋     | 2946/6208 [08:18<09:12,  5.91it/s, v_num=t-12, loss/train=2.420]Epoch 0:  47%|████▋     | 2947/6208 [08:18<09:12,  5.91it/s, v_num=t-12, loss/train=2.420]Epoch 0:  47%|████▋     | 2947/6208 [08:18<09:12,  5.91it/s, v_num=t-12, loss/train=2.780]Epoch 0:  47%|████▋     | 2948/6208 [08:19<09:11,  5.91it/s, v_num=t-12, loss/train=2.780]Epoch 0:  47%|████▋     | 2948/6208 [08:19<09:11,  5.91it/s, v_num=t-12, loss/train=1.680]Epoch 0:  48%|████▊     | 2949/6208 [08:19<09:11,  5.91it/s, v_num=t-12, loss/train=1.680]Epoch 0:  48%|████▊     | 2949/6208 [08:19<09:11,  5.91it/s, v_num=t-12, loss/train=2.160]Epoch 0:  48%|████▊     | 2950/6208 [08:19<09:11,  5.91it/s, v_num=t-12, loss/train=2.160]Epoch 0:  48%|████▊     | 2950/6208 [08:19<09:11,  5.91it/s, v_num=t-12, loss/train=1.750]Epoch 0:  48%|████▊     | 2951/6208 [08:19<09:11,  5.91it/s, v_num=t-12, loss/train=1.750]Epoch 0:  48%|████▊     | 2951/6208 [08:19<09:11,  5.91it/s, v_num=t-12, loss/train=1.290]Epoch 0:  48%|████▊     | 2952/6208 [08:19<09:11,  5.91it/s, v_num=t-12, loss/train=1.290]Epoch 0:  48%|████▊     | 2952/6208 [08:19<09:11,  5.91it/s, v_num=t-12, loss/train=2.330]Epoch 0:  48%|████▊     | 2953/6208 [08:19<09:11,  5.91it/s, v_num=t-12, loss/train=2.330]Epoch 0:  48%|████▊     | 2953/6208 [08:19<09:11,  5.91it/s, v_num=t-12, loss/train=1.870]Epoch 0:  48%|████▊     | 2954/6208 [08:20<09:10,  5.91it/s, v_num=t-12, loss/train=1.870]Epoch 0:  48%|████▊     | 2954/6208 [08:20<09:10,  5.91it/s, v_num=t-12, loss/train=1.730]Epoch 0:  48%|████▊     | 2955/6208 [08:20<09:10,  5.91it/s, v_num=t-12, loss/train=1.730]Epoch 0:  48%|████▊     | 2955/6208 [08:20<09:10,  5.91it/s, v_num=t-12, loss/train=2.470]Epoch 0:  48%|████▊     | 2956/6208 [08:20<09:10,  5.91it/s, v_num=t-12, loss/train=2.470]Epoch 0:  48%|████▊     | 2956/6208 [08:20<09:10,  5.91it/s, v_num=t-12, loss/train=1.880]Epoch 0:  48%|████▊     | 2957/6208 [08:20<09:10,  5.91it/s, v_num=t-12, loss/train=1.880]Epoch 0:  48%|████▊     | 2957/6208 [08:20<09:10,  5.91it/s, v_num=t-12, loss/train=0.682]Epoch 0:  48%|████▊     | 2958/6208 [08:20<09:10,  5.91it/s, v_num=t-12, loss/train=0.682]Epoch 0:  48%|████▊     | 2958/6208 [08:20<09:10,  5.91it/s, v_num=t-12, loss/train=1.990]Epoch 0:  48%|████▊     | 2959/6208 [08:20<09:09,  5.91it/s, v_num=t-12, loss/train=1.990]Epoch 0:  48%|████▊     | 2959/6208 [08:20<09:09,  5.91it/s, v_num=t-12, loss/train=2.230]Epoch 0:  48%|████▊     | 2960/6208 [08:21<09:09,  5.91it/s, v_num=t-12, loss/train=2.230]Epoch 0:  48%|████▊     | 2960/6208 [08:21<09:09,  5.91it/s, v_num=t-12, loss/train=1.340]Epoch 0:  48%|████▊     | 2961/6208 [08:21<09:09,  5.91it/s, v_num=t-12, loss/train=1.340]Epoch 0:  48%|████▊     | 2961/6208 [08:21<09:09,  5.91it/s, v_num=t-12, loss/train=1.460]Epoch 0:  48%|████▊     | 2962/6208 [08:21<09:09,  5.91it/s, v_num=t-12, loss/train=1.460]Epoch 0:  48%|████▊     | 2962/6208 [08:21<09:09,  5.91it/s, v_num=t-12, loss/train=2.690]Epoch 0:  48%|████▊     | 2963/6208 [08:21<09:09,  5.91it/s, v_num=t-12, loss/train=2.690]Epoch 0:  48%|████▊     | 2963/6208 [08:21<09:09,  5.91it/s, v_num=t-12, loss/train=1.210]Epoch 0:  48%|████▊     | 2964/6208 [08:21<09:09,  5.91it/s, v_num=t-12, loss/train=1.210]Epoch 0:  48%|████▊     | 2964/6208 [08:21<09:09,  5.91it/s, v_num=t-12, loss/train=1.330]Epoch 0:  48%|████▊     | 2965/6208 [08:21<09:08,  5.91it/s, v_num=t-12, loss/train=1.330]Epoch 0:  48%|████▊     | 2965/6208 [08:21<09:08,  5.91it/s, v_num=t-12, loss/train=2.080]Epoch 0:  48%|████▊     | 2966/6208 [08:21<09:08,  5.91it/s, v_num=t-12, loss/train=2.080]Epoch 0:  48%|████▊     | 2966/6208 [08:21<09:08,  5.91it/s, v_num=t-12, loss/train=1.660]Epoch 0:  48%|████▊     | 2967/6208 [08:22<09:08,  5.91it/s, v_num=t-12, loss/train=1.660]Epoch 0:  48%|████▊     | 2967/6208 [08:22<09:08,  5.91it/s, v_num=t-12, loss/train=1.830]Epoch 0:  48%|████▊     | 2968/6208 [08:22<09:08,  5.91it/s, v_num=t-12, loss/train=1.830]Epoch 0:  48%|████▊     | 2968/6208 [08:22<09:08,  5.91it/s, v_num=t-12, loss/train=2.840]Epoch 0:  48%|████▊     | 2969/6208 [08:22<09:08,  5.91it/s, v_num=t-12, loss/train=2.840]Epoch 0:  48%|████▊     | 2969/6208 [08:22<09:08,  5.91it/s, v_num=t-12, loss/train=1.100]Epoch 0:  48%|████▊     | 2970/6208 [08:22<09:08,  5.91it/s, v_num=t-12, loss/train=1.100]Epoch 0:  48%|████▊     | 2970/6208 [08:22<09:08,  5.91it/s, v_num=t-12, loss/train=1.510]Epoch 0:  48%|████▊     | 2971/6208 [08:22<09:08,  5.91it/s, v_num=t-12, loss/train=1.510]Epoch 0:  48%|████▊     | 2971/6208 [08:23<09:08,  5.91it/s, v_num=t-12, loss/train=2.630]Epoch 0:  48%|████▊     | 2972/6208 [08:23<09:07,  5.91it/s, v_num=t-12, loss/train=2.630]Epoch 0:  48%|████▊     | 2972/6208 [08:23<09:07,  5.91it/s, v_num=t-12, loss/train=1.650]Epoch 0:  48%|████▊     | 2973/6208 [08:23<09:07,  5.91it/s, v_num=t-12, loss/train=1.650]Epoch 0:  48%|████▊     | 2973/6208 [08:23<09:07,  5.91it/s, v_num=t-12, loss/train=1.920]Epoch 0:  48%|████▊     | 2974/6208 [08:23<09:07,  5.91it/s, v_num=t-12, loss/train=1.920]Epoch 0:  48%|████▊     | 2974/6208 [08:23<09:07,  5.91it/s, v_num=t-12, loss/train=2.780]Epoch 0:  48%|████▊     | 2975/6208 [08:23<09:07,  5.91it/s, v_num=t-12, loss/train=2.780]Epoch 0:  48%|████▊     | 2975/6208 [08:23<09:07,  5.91it/s, v_num=t-12, loss/train=1.090]Epoch 0:  48%|████▊     | 2976/6208 [08:23<09:07,  5.91it/s, v_num=t-12, loss/train=1.090]Epoch 0:  48%|████▊     | 2976/6208 [08:23<09:07,  5.91it/s, v_num=t-12, loss/train=1.600]Epoch 0:  48%|████▊     | 2977/6208 [08:24<09:07,  5.91it/s, v_num=t-12, loss/train=1.600]Epoch 0:  48%|████▊     | 2977/6208 [08:24<09:07,  5.91it/s, v_num=t-12, loss/train=1.650]Epoch 0:  48%|████▊     | 2978/6208 [08:24<09:06,  5.91it/s, v_num=t-12, loss/train=1.650]Epoch 0:  48%|████▊     | 2978/6208 [08:24<09:06,  5.91it/s, v_num=t-12, loss/train=2.350]Epoch 0:  48%|████▊     | 2979/6208 [08:24<09:06,  5.91it/s, v_num=t-12, loss/train=2.350]Epoch 0:  48%|████▊     | 2979/6208 [08:24<09:06,  5.91it/s, v_num=t-12, loss/train=1.860]Epoch 0:  48%|████▊     | 2980/6208 [08:24<09:06,  5.91it/s, v_num=t-12, loss/train=1.860]Epoch 0:  48%|████▊     | 2980/6208 [08:24<09:06,  5.91it/s, v_num=t-12, loss/train=1.020]Epoch 0:  48%|████▊     | 2981/6208 [08:24<09:06,  5.91it/s, v_num=t-12, loss/train=1.020]Epoch 0:  48%|████▊     | 2981/6208 [08:24<09:06,  5.91it/s, v_num=t-12, loss/train=1.920]Epoch 0:  48%|████▊     | 2982/6208 [08:24<09:06,  5.91it/s, v_num=t-12, loss/train=1.920]Epoch 0:  48%|████▊     | 2982/6208 [08:24<09:06,  5.91it/s, v_num=t-12, loss/train=1.520]Epoch 0:  48%|████▊     | 2983/6208 [08:24<09:05,  5.91it/s, v_num=t-12, loss/train=1.520]Epoch 0:  48%|████▊     | 2983/6208 [08:24<09:05,  5.91it/s, v_num=t-12, loss/train=1.930]Epoch 0:  48%|████▊     | 2984/6208 [08:25<09:05,  5.91it/s, v_num=t-12, loss/train=1.930]Epoch 0:  48%|████▊     | 2984/6208 [08:25<09:05,  5.91it/s, v_num=t-12, loss/train=1.500]Epoch 0:  48%|████▊     | 2985/6208 [08:25<09:05,  5.91it/s, v_num=t-12, loss/train=1.500]Epoch 0:  48%|████▊     | 2985/6208 [08:25<09:05,  5.91it/s, v_num=t-12, loss/train=1.970]Epoch 0:  48%|████▊     | 2986/6208 [08:25<09:05,  5.91it/s, v_num=t-12, loss/train=1.970]Epoch 0:  48%|████▊     | 2986/6208 [08:25<09:05,  5.91it/s, v_num=t-12, loss/train=2.630]Epoch 0:  48%|████▊     | 2987/6208 [08:25<09:05,  5.91it/s, v_num=t-12, loss/train=2.630]Epoch 0:  48%|████▊     | 2987/6208 [08:25<09:05,  5.91it/s, v_num=t-12, loss/train=1.880]Epoch 0:  48%|████▊     | 2988/6208 [08:25<09:05,  5.91it/s, v_num=t-12, loss/train=1.880]Epoch 0:  48%|████▊     | 2988/6208 [08:25<09:05,  5.91it/s, v_num=t-12, loss/train=2.920]Epoch 0:  48%|████▊     | 2989/6208 [08:25<09:04,  5.91it/s, v_num=t-12, loss/train=2.920]Epoch 0:  48%|████▊     | 2989/6208 [08:25<09:04,  5.91it/s, v_num=t-12, loss/train=1.270]Epoch 0:  48%|████▊     | 2990/6208 [08:26<09:04,  5.91it/s, v_num=t-12, loss/train=1.270]Epoch 0:  48%|████▊     | 2990/6208 [08:26<09:04,  5.91it/s, v_num=t-12, loss/train=2.470]Epoch 0:  48%|████▊     | 2991/6208 [08:26<09:04,  5.91it/s, v_num=t-12, loss/train=2.470]Epoch 0:  48%|████▊     | 2991/6208 [08:26<09:04,  5.91it/s, v_num=t-12, loss/train=2.330]Epoch 0:  48%|████▊     | 2992/6208 [08:26<09:04,  5.91it/s, v_num=t-12, loss/train=2.330]Epoch 0:  48%|████▊     | 2992/6208 [08:26<09:04,  5.91it/s, v_num=t-12, loss/train=2.810]Epoch 0:  48%|████▊     | 2993/6208 [08:26<09:04,  5.91it/s, v_num=t-12, loss/train=2.810]Epoch 0:  48%|████▊     | 2993/6208 [08:26<09:04,  5.91it/s, v_num=t-12, loss/train=1.870]Epoch 0:  48%|████▊     | 2994/6208 [08:26<09:04,  5.91it/s, v_num=t-12, loss/train=1.870]Epoch 0:  48%|████▊     | 2994/6208 [08:26<09:04,  5.91it/s, v_num=t-12, loss/train=2.030]Epoch 0:  48%|████▊     | 2995/6208 [08:27<09:04,  5.91it/s, v_num=t-12, loss/train=2.030]Epoch 0:  48%|████▊     | 2995/6208 [08:27<09:04,  5.91it/s, v_num=t-12, loss/train=2.040]Epoch 0:  48%|████▊     | 2996/6208 [08:27<09:04,  5.90it/s, v_num=t-12, loss/train=2.040]Epoch 0:  48%|████▊     | 2996/6208 [08:27<09:04,  5.90it/s, v_num=t-12, loss/train=1.690]Epoch 0:  48%|████▊     | 2997/6208 [08:27<09:03,  5.90it/s, v_num=t-12, loss/train=1.690]Epoch 0:  48%|████▊     | 2997/6208 [08:27<09:03,  5.90it/s, v_num=t-12, loss/train=1.840]Epoch 0:  48%|████▊     | 2998/6208 [08:27<09:03,  5.90it/s, v_num=t-12, loss/train=1.840]Epoch 0:  48%|████▊     | 2998/6208 [08:27<09:03,  5.90it/s, v_num=t-12, loss/train=1.040]Epoch 0:  48%|████▊     | 2999/6208 [08:27<09:03,  5.90it/s, v_num=t-12, loss/train=1.040]Epoch 0:  48%|████▊     | 2999/6208 [08:28<09:03,  5.90it/s, v_num=t-12, loss/train=1.770]Epoch 0:  48%|████▊     | 3000/6208 [08:28<09:03,  5.90it/s, v_num=t-12, loss/train=1.770]Epoch 0:  48%|████▊     | 3000/6208 [08:28<09:03,  5.90it/s, v_num=t-12, loss/train=1.620]Epoch 0:  48%|████▊     | 3001/6208 [08:28<09:03,  5.90it/s, v_num=t-12, loss/train=1.620]Epoch 0:  48%|████▊     | 3001/6208 [08:28<09:03,  5.90it/s, v_num=t-12, loss/train=1.300]Epoch 0:  48%|████▊     | 3002/6208 [08:28<09:03,  5.90it/s, v_num=t-12, loss/train=1.300]Epoch 0:  48%|████▊     | 3002/6208 [08:28<09:03,  5.90it/s, v_num=t-12, loss/train=2.360]Epoch 0:  48%|████▊     | 3003/6208 [08:28<09:02,  5.90it/s, v_num=t-12, loss/train=2.360]Epoch 0:  48%|████▊     | 3003/6208 [08:28<09:02,  5.90it/s, v_num=t-12, loss/train=2.450]Epoch 0:  48%|████▊     | 3004/6208 [08:28<09:02,  5.90it/s, v_num=t-12, loss/train=2.450]Epoch 0:  48%|████▊     | 3004/6208 [08:28<09:02,  5.90it/s, v_num=t-12, loss/train=1.370]Epoch 0:  48%|████▊     | 3005/6208 [08:29<09:02,  5.90it/s, v_num=t-12, loss/train=1.370]Epoch 0:  48%|████▊     | 3005/6208 [08:29<09:02,  5.90it/s, v_num=t-12, loss/train=2.160]Epoch 0:  48%|████▊     | 3006/6208 [08:29<09:02,  5.90it/s, v_num=t-12, loss/train=2.160]Epoch 0:  48%|████▊     | 3006/6208 [08:29<09:02,  5.90it/s, v_num=t-12, loss/train=2.430]Epoch 0:  48%|████▊     | 3007/6208 [08:29<09:02,  5.90it/s, v_num=t-12, loss/train=2.430]Epoch 0:  48%|████▊     | 3007/6208 [08:29<09:02,  5.90it/s, v_num=t-12, loss/train=1.900]Epoch 0:  48%|████▊     | 3008/6208 [08:29<09:02,  5.90it/s, v_num=t-12, loss/train=1.900]Epoch 0:  48%|████▊     | 3008/6208 [08:29<09:02,  5.90it/s, v_num=t-12, loss/train=1.390]Epoch 0:  48%|████▊     | 3009/6208 [08:29<09:01,  5.90it/s, v_num=t-12, loss/train=1.390]Epoch 0:  48%|████▊     | 3009/6208 [08:29<09:01,  5.90it/s, v_num=t-12, loss/train=0.905]Epoch 0:  48%|████▊     | 3010/6208 [08:29<09:01,  5.90it/s, v_num=t-12, loss/train=0.905]Epoch 0:  48%|████▊     | 3010/6208 [08:29<09:01,  5.90it/s, v_num=t-12, loss/train=2.610]Epoch 0:  49%|████▊     | 3011/6208 [08:29<09:01,  5.90it/s, v_num=t-12, loss/train=2.610]Epoch 0:  49%|████▊     | 3011/6208 [08:29<09:01,  5.90it/s, v_num=t-12, loss/train=3.550]Epoch 0:  49%|████▊     | 3012/6208 [08:30<09:01,  5.90it/s, v_num=t-12, loss/train=3.550]Epoch 0:  49%|████▊     | 3012/6208 [08:30<09:01,  5.90it/s, v_num=t-12, loss/train=2.920]Epoch 0:  49%|████▊     | 3013/6208 [08:30<09:01,  5.90it/s, v_num=t-12, loss/train=2.920]Epoch 0:  49%|████▊     | 3013/6208 [08:30<09:01,  5.90it/s, v_num=t-12, loss/train=1.430]Epoch 0:  49%|████▊     | 3014/6208 [08:30<09:01,  5.90it/s, v_num=t-12, loss/train=1.430]Epoch 0:  49%|████▊     | 3014/6208 [08:30<09:01,  5.90it/s, v_num=t-12, loss/train=2.620]Epoch 0:  49%|████▊     | 3015/6208 [08:30<09:00,  5.90it/s, v_num=t-12, loss/train=2.620]Epoch 0:  49%|████▊     | 3015/6208 [08:30<09:00,  5.90it/s, v_num=t-12, loss/train=1.160]Epoch 0:  49%|████▊     | 3016/6208 [08:31<09:01,  5.90it/s, v_num=t-12, loss/train=1.160]Epoch 0:  49%|████▊     | 3016/6208 [08:31<09:01,  5.90it/s, v_num=t-12, loss/train=1.690]Epoch 0:  49%|████▊     | 3017/6208 [08:31<09:00,  5.90it/s, v_num=t-12, loss/train=1.690]Epoch 0:  49%|████▊     | 3017/6208 [08:31<09:00,  5.90it/s, v_num=t-12, loss/train=3.450]Epoch 0:  49%|████▊     | 3018/6208 [08:31<09:00,  5.90it/s, v_num=t-12, loss/train=3.450]Epoch 0:  49%|████▊     | 3018/6208 [08:31<09:00,  5.90it/s, v_num=t-12, loss/train=1.780]Epoch 0:  49%|████▊     | 3019/6208 [08:31<09:00,  5.90it/s, v_num=t-12, loss/train=1.780]Epoch 0:  49%|████▊     | 3019/6208 [08:31<09:00,  5.90it/s, v_num=t-12, loss/train=1.650]Epoch 0:  49%|████▊     | 3020/6208 [08:31<09:00,  5.90it/s, v_num=t-12, loss/train=1.650]Epoch 0:  49%|████▊     | 3020/6208 [08:31<09:00,  5.90it/s, v_num=t-12, loss/train=1.850]Epoch 0:  49%|████▊     | 3021/6208 [08:31<09:00,  5.90it/s, v_num=t-12, loss/train=1.850]Epoch 0:  49%|████▊     | 3021/6208 [08:32<09:00,  5.90it/s, v_num=t-12, loss/train=1.670]Epoch 0:  49%|████▊     | 3022/6208 [08:32<08:59,  5.90it/s, v_num=t-12, loss/train=1.670]Epoch 0:  49%|████▊     | 3022/6208 [08:32<08:59,  5.90it/s, v_num=t-12, loss/train=3.350]Epoch 0:  49%|████▊     | 3023/6208 [08:32<08:59,  5.90it/s, v_num=t-12, loss/train=3.350]Epoch 0:  49%|████▊     | 3023/6208 [08:32<08:59,  5.90it/s, v_num=t-12, loss/train=2.460]Epoch 0:  49%|████▊     | 3024/6208 [08:32<08:59,  5.90it/s, v_num=t-12, loss/train=2.460]Epoch 0:  49%|████▊     | 3024/6208 [08:32<08:59,  5.90it/s, v_num=t-12, loss/train=1.970]Epoch 0:  49%|████▊     | 3025/6208 [08:32<08:59,  5.90it/s, v_num=t-12, loss/train=1.970]Epoch 0:  49%|████▊     | 3025/6208 [08:32<08:59,  5.90it/s, v_num=t-12, loss/train=2.820]Epoch 0:  49%|████▊     | 3026/6208 [08:32<08:59,  5.90it/s, v_num=t-12, loss/train=2.820]Epoch 0:  49%|████▊     | 3026/6208 [08:32<08:59,  5.90it/s, v_num=t-12, loss/train=1.590]Epoch 0:  49%|████▉     | 3027/6208 [08:33<08:59,  5.90it/s, v_num=t-12, loss/train=1.590]Epoch 0:  49%|████▉     | 3027/6208 [08:33<08:59,  5.90it/s, v_num=t-12, loss/train=1.700]Epoch 0:  49%|████▉     | 3028/6208 [08:33<08:58,  5.90it/s, v_num=t-12, loss/train=1.700]Epoch 0:  49%|████▉     | 3028/6208 [08:33<08:58,  5.90it/s, v_num=t-12, loss/train=2.580]Epoch 0:  49%|████▉     | 3029/6208 [08:33<08:58,  5.90it/s, v_num=t-12, loss/train=2.580]Epoch 0:  49%|████▉     | 3029/6208 [08:33<08:58,  5.90it/s, v_num=t-12, loss/train=2.040]Epoch 0:  49%|████▉     | 3030/6208 [08:33<08:58,  5.90it/s, v_num=t-12, loss/train=2.040]Epoch 0:  49%|████▉     | 3030/6208 [08:33<08:58,  5.90it/s, v_num=t-12, loss/train=2.880]Epoch 0:  49%|████▉     | 3031/6208 [08:33<08:58,  5.90it/s, v_num=t-12, loss/train=2.880]Epoch 0:  49%|████▉     | 3031/6208 [08:33<08:58,  5.90it/s, v_num=t-12, loss/train=2.920]Epoch 0:  49%|████▉     | 3032/6208 [08:33<08:58,  5.90it/s, v_num=t-12, loss/train=2.920]Epoch 0:  49%|████▉     | 3032/6208 [08:33<08:58,  5.90it/s, v_num=t-12, loss/train=2.300]Epoch 0:  49%|████▉     | 3033/6208 [08:33<08:58,  5.90it/s, v_num=t-12, loss/train=2.300]Epoch 0:  49%|████▉     | 3033/6208 [08:33<08:58,  5.90it/s, v_num=t-12, loss/train=1.360]Epoch 0:  49%|████▉     | 3034/6208 [08:34<08:57,  5.90it/s, v_num=t-12, loss/train=1.360]Epoch 0:  49%|████▉     | 3034/6208 [08:34<08:57,  5.90it/s, v_num=t-12, loss/train=2.030]Epoch 0:  49%|████▉     | 3035/6208 [08:34<08:57,  5.90it/s, v_num=t-12, loss/train=2.030]Epoch 0:  49%|████▉     | 3035/6208 [08:34<08:57,  5.90it/s, v_num=t-12, loss/train=1.800]Epoch 0:  49%|████▉     | 3036/6208 [08:34<08:57,  5.90it/s, v_num=t-12, loss/train=1.800]Epoch 0:  49%|████▉     | 3036/6208 [08:34<08:57,  5.90it/s, v_num=t-12, loss/train=2.050]Epoch 0:  49%|████▉     | 3037/6208 [08:34<08:57,  5.90it/s, v_num=t-12, loss/train=2.050]Epoch 0:  49%|████▉     | 3037/6208 [08:34<08:57,  5.90it/s, v_num=t-12, loss/train=1.320]Epoch 0:  49%|████▉     | 3038/6208 [08:34<08:57,  5.90it/s, v_num=t-12, loss/train=1.320]Epoch 0:  49%|████▉     | 3038/6208 [08:34<08:57,  5.90it/s, v_num=t-12, loss/train=1.890]Epoch 0:  49%|████▉     | 3039/6208 [08:34<08:56,  5.90it/s, v_num=t-12, loss/train=1.890]Epoch 0:  49%|████▉     | 3039/6208 [08:34<08:56,  5.90it/s, v_num=t-12, loss/train=1.980]Epoch 0:  49%|████▉     | 3040/6208 [08:35<08:56,  5.90it/s, v_num=t-12, loss/train=1.980]Epoch 0:  49%|████▉     | 3040/6208 [08:35<08:56,  5.90it/s, v_num=t-12, loss/train=2.070]Epoch 0:  49%|████▉     | 3041/6208 [08:35<08:56,  5.90it/s, v_num=t-12, loss/train=2.070]Epoch 0:  49%|████▉     | 3041/6208 [08:35<08:56,  5.90it/s, v_num=t-12, loss/train=1.100]Epoch 0:  49%|████▉     | 3042/6208 [08:35<08:56,  5.90it/s, v_num=t-12, loss/train=1.100]Epoch 0:  49%|████▉     | 3042/6208 [08:35<08:56,  5.90it/s, v_num=t-12, loss/train=1.800]Epoch 0:  49%|████▉     | 3043/6208 [08:35<08:56,  5.90it/s, v_num=t-12, loss/train=1.800]Epoch 0:  49%|████▉     | 3043/6208 [08:35<08:56,  5.90it/s, v_num=t-12, loss/train=1.380]Epoch 0:  49%|████▉     | 3044/6208 [08:35<08:56,  5.90it/s, v_num=t-12, loss/train=1.380]Epoch 0:  49%|████▉     | 3044/6208 [08:35<08:56,  5.90it/s, v_num=t-12, loss/train=2.430]Epoch 0:  49%|████▉     | 3045/6208 [08:35<08:55,  5.90it/s, v_num=t-12, loss/train=2.430]Epoch 0:  49%|████▉     | 3045/6208 [08:35<08:55,  5.90it/s, v_num=t-12, loss/train=1.560]Epoch 0:  49%|████▉     | 3046/6208 [08:36<08:55,  5.90it/s, v_num=t-12, loss/train=1.560]Epoch 0:  49%|████▉     | 3046/6208 [08:36<08:55,  5.90it/s, v_num=t-12, loss/train=0.988]Epoch 0:  49%|████▉     | 3047/6208 [08:36<08:55,  5.90it/s, v_num=t-12, loss/train=0.988]Epoch 0:  49%|████▉     | 3047/6208 [08:36<08:55,  5.90it/s, v_num=t-12, loss/train=2.270]Epoch 0:  49%|████▉     | 3048/6208 [08:36<08:55,  5.90it/s, v_num=t-12, loss/train=2.270]Epoch 0:  49%|████▉     | 3048/6208 [08:36<08:55,  5.90it/s, v_num=t-12, loss/train=1.560]Epoch 0:  49%|████▉     | 3049/6208 [08:36<08:55,  5.90it/s, v_num=t-12, loss/train=1.560]Epoch 0:  49%|████▉     | 3049/6208 [08:36<08:55,  5.90it/s, v_num=t-12, loss/train=1.300]Epoch 0:  49%|████▉     | 3050/6208 [08:36<08:54,  5.90it/s, v_num=t-12, loss/train=1.300]Epoch 0:  49%|████▉     | 3050/6208 [08:36<08:54,  5.90it/s, v_num=t-12, loss/train=2.160]Epoch 0:  49%|████▉     | 3051/6208 [08:36<08:54,  5.90it/s, v_num=t-12, loss/train=2.160]Epoch 0:  49%|████▉     | 3051/6208 [08:36<08:54,  5.90it/s, v_num=t-12, loss/train=2.020]Epoch 0:  49%|████▉     | 3052/6208 [08:36<08:54,  5.90it/s, v_num=t-12, loss/train=2.020]Epoch 0:  49%|████▉     | 3052/6208 [08:36<08:54,  5.90it/s, v_num=t-12, loss/train=2.380]Epoch 0:  49%|████▉     | 3053/6208 [08:37<08:54,  5.90it/s, v_num=t-12, loss/train=2.380]Epoch 0:  49%|████▉     | 3053/6208 [08:37<08:54,  5.90it/s, v_num=t-12, loss/train=1.890]Epoch 0:  49%|████▉     | 3054/6208 [08:37<08:54,  5.90it/s, v_num=t-12, loss/train=1.890]Epoch 0:  49%|████▉     | 3054/6208 [08:37<08:54,  5.90it/s, v_num=t-12, loss/train=1.760]Epoch 0:  49%|████▉     | 3055/6208 [08:37<08:54,  5.90it/s, v_num=t-12, loss/train=1.760]Epoch 0:  49%|████▉     | 3055/6208 [08:37<08:54,  5.90it/s, v_num=t-12, loss/train=2.100]Epoch 0:  49%|████▉     | 3056/6208 [08:37<08:53,  5.90it/s, v_num=t-12, loss/train=2.100]Epoch 0:  49%|████▉     | 3056/6208 [08:37<08:53,  5.90it/s, v_num=t-12, loss/train=2.540]Epoch 0:  49%|████▉     | 3057/6208 [08:37<08:53,  5.90it/s, v_num=t-12, loss/train=2.540]Epoch 0:  49%|████▉     | 3057/6208 [08:37<08:53,  5.90it/s, v_num=t-12, loss/train=1.570]Epoch 0:  49%|████▉     | 3058/6208 [08:37<08:53,  5.90it/s, v_num=t-12, loss/train=1.570]Epoch 0:  49%|████▉     | 3058/6208 [08:37<08:53,  5.90it/s, v_num=t-12, loss/train=2.040]Epoch 0:  49%|████▉     | 3059/6208 [08:38<08:53,  5.90it/s, v_num=t-12, loss/train=2.040]Epoch 0:  49%|████▉     | 3059/6208 [08:38<08:53,  5.90it/s, v_num=t-12, loss/train=2.540]Epoch 0:  49%|████▉     | 3060/6208 [08:38<08:53,  5.90it/s, v_num=t-12, loss/train=2.540]Epoch 0:  49%|████▉     | 3060/6208 [08:38<08:53,  5.90it/s, v_num=t-12, loss/train=2.380]Epoch 0:  49%|████▉     | 3061/6208 [08:38<08:53,  5.90it/s, v_num=t-12, loss/train=2.380]Epoch 0:  49%|████▉     | 3061/6208 [08:38<08:53,  5.90it/s, v_num=t-12, loss/train=1.680]Epoch 0:  49%|████▉     | 3062/6208 [08:38<08:52,  5.90it/s, v_num=t-12, loss/train=1.680]Epoch 0:  49%|████▉     | 3062/6208 [08:38<08:52,  5.90it/s, v_num=t-12, loss/train=2.840]Epoch 0:  49%|████▉     | 3063/6208 [08:38<08:52,  5.90it/s, v_num=t-12, loss/train=2.840]Epoch 0:  49%|████▉     | 3063/6208 [08:38<08:52,  5.90it/s, v_num=t-12, loss/train=1.590]Epoch 0:  49%|████▉     | 3064/6208 [08:39<08:52,  5.90it/s, v_num=t-12, loss/train=1.590]Epoch 0:  49%|████▉     | 3064/6208 [08:39<08:52,  5.90it/s, v_num=t-12, loss/train=2.730]Epoch 0:  49%|████▉     | 3065/6208 [08:39<08:52,  5.90it/s, v_num=t-12, loss/train=2.730]Epoch 0:  49%|████▉     | 3065/6208 [08:39<08:52,  5.90it/s, v_num=t-12, loss/train=1.940]Epoch 0:  49%|████▉     | 3066/6208 [08:39<08:52,  5.90it/s, v_num=t-12, loss/train=1.940]Epoch 0:  49%|████▉     | 3066/6208 [08:39<08:52,  5.90it/s, v_num=t-12, loss/train=1.830]Epoch 0:  49%|████▉     | 3067/6208 [08:39<08:52,  5.90it/s, v_num=t-12, loss/train=1.830]Epoch 0:  49%|████▉     | 3067/6208 [08:39<08:52,  5.90it/s, v_num=t-12, loss/train=2.210]Epoch 0:  49%|████▉     | 3068/6208 [08:39<08:51,  5.90it/s, v_num=t-12, loss/train=2.210]Epoch 0:  49%|████▉     | 3068/6208 [08:39<08:51,  5.90it/s, v_num=t-12, loss/train=1.370]Epoch 0:  49%|████▉     | 3069/6208 [08:39<08:51,  5.90it/s, v_num=t-12, loss/train=1.370]Epoch 0:  49%|████▉     | 3069/6208 [08:39<08:51,  5.90it/s, v_num=t-12, loss/train=2.190]Epoch 0:  49%|████▉     | 3070/6208 [08:40<08:51,  5.90it/s, v_num=t-12, loss/train=2.190]Epoch 0:  49%|████▉     | 3070/6208 [08:40<08:51,  5.90it/s, v_num=t-12, loss/train=1.670]Epoch 0:  49%|████▉     | 3071/6208 [08:40<08:51,  5.90it/s, v_num=t-12, loss/train=1.670]Epoch 0:  49%|████▉     | 3071/6208 [08:40<08:51,  5.90it/s, v_num=t-12, loss/train=2.070]Epoch 0:  49%|████▉     | 3072/6208 [08:40<08:51,  5.90it/s, v_num=t-12, loss/train=2.070]Epoch 0:  49%|████▉     | 3072/6208 [08:40<08:51,  5.90it/s, v_num=t-12, loss/train=1.430]Epoch 0:  50%|████▉     | 3073/6208 [08:40<08:51,  5.90it/s, v_num=t-12, loss/train=1.430]Epoch 0:  50%|████▉     | 3073/6208 [08:40<08:51,  5.90it/s, v_num=t-12, loss/train=2.180]Epoch 0:  50%|████▉     | 3074/6208 [08:40<08:50,  5.90it/s, v_num=t-12, loss/train=2.180]Epoch 0:  50%|████▉     | 3074/6208 [08:40<08:50,  5.90it/s, v_num=t-12, loss/train=2.100]Epoch 0:  50%|████▉     | 3075/6208 [08:40<08:50,  5.90it/s, v_num=t-12, loss/train=2.100]Epoch 0:  50%|████▉     | 3075/6208 [08:40<08:50,  5.90it/s, v_num=t-12, loss/train=1.740]Epoch 0:  50%|████▉     | 3076/6208 [08:40<08:50,  5.90it/s, v_num=t-12, loss/train=1.740]Epoch 0:  50%|████▉     | 3076/6208 [08:40<08:50,  5.90it/s, v_num=t-12, loss/train=2.310]Epoch 0:  50%|████▉     | 3077/6208 [08:41<08:50,  5.90it/s, v_num=t-12, loss/train=2.310]Epoch 0:  50%|████▉     | 3077/6208 [08:41<08:50,  5.90it/s, v_num=t-12, loss/train=2.880]Epoch 0:  50%|████▉     | 3078/6208 [08:41<08:50,  5.90it/s, v_num=t-12, loss/train=2.880]Epoch 0:  50%|████▉     | 3078/6208 [08:41<08:50,  5.90it/s, v_num=t-12, loss/train=2.590]Epoch 0:  50%|████▉     | 3079/6208 [08:41<08:50,  5.90it/s, v_num=t-12, loss/train=2.590]Epoch 0:  50%|████▉     | 3079/6208 [08:41<08:50,  5.90it/s, v_num=t-12, loss/train=1.140]Epoch 0:  50%|████▉     | 3080/6208 [08:41<08:49,  5.90it/s, v_num=t-12, loss/train=1.140]Epoch 0:  50%|████▉     | 3080/6208 [08:41<08:49,  5.90it/s, v_num=t-12, loss/train=1.880]Epoch 0:  50%|████▉     | 3081/6208 [08:41<08:49,  5.90it/s, v_num=t-12, loss/train=1.880]Epoch 0:  50%|████▉     | 3081/6208 [08:41<08:49,  5.90it/s, v_num=t-12, loss/train=1.720]Epoch 0:  50%|████▉     | 3082/6208 [08:42<08:49,  5.90it/s, v_num=t-12, loss/train=1.720]Epoch 0:  50%|████▉     | 3082/6208 [08:42<08:49,  5.90it/s, v_num=t-12, loss/train=1.770]Epoch 0:  50%|████▉     | 3083/6208 [08:42<08:49,  5.90it/s, v_num=t-12, loss/train=1.770]Epoch 0:  50%|████▉     | 3083/6208 [08:42<08:49,  5.90it/s, v_num=t-12, loss/train=1.660]Epoch 0:  50%|████▉     | 3084/6208 [08:42<08:49,  5.90it/s, v_num=t-12, loss/train=1.660]Epoch 0:  50%|████▉     | 3084/6208 [08:42<08:49,  5.90it/s, v_num=t-12, loss/train=1.210]Epoch 0:  50%|████▉     | 3085/6208 [08:42<08:49,  5.90it/s, v_num=t-12, loss/train=1.210]Epoch 0:  50%|████▉     | 3085/6208 [08:42<08:49,  5.90it/s, v_num=t-12, loss/train=1.560]Epoch 0:  50%|████▉     | 3086/6208 [08:42<08:48,  5.90it/s, v_num=t-12, loss/train=1.560]Epoch 0:  50%|████▉     | 3086/6208 [08:42<08:48,  5.90it/s, v_num=t-12, loss/train=1.900]Epoch 0:  50%|████▉     | 3087/6208 [08:42<08:48,  5.90it/s, v_num=t-12, loss/train=1.900]Epoch 0:  50%|████▉     | 3087/6208 [08:42<08:48,  5.90it/s, v_num=t-12, loss/train=2.210]Epoch 0:  50%|████▉     | 3088/6208 [08:43<08:48,  5.90it/s, v_num=t-12, loss/train=2.210]Epoch 0:  50%|████▉     | 3088/6208 [08:43<08:48,  5.90it/s, v_num=t-12, loss/train=2.530]Epoch 0:  50%|████▉     | 3089/6208 [08:43<08:48,  5.90it/s, v_num=t-12, loss/train=2.530]Epoch 0:  50%|████▉     | 3089/6208 [08:43<08:48,  5.90it/s, v_num=t-12, loss/train=1.410]Epoch 0:  50%|████▉     | 3090/6208 [08:43<08:48,  5.90it/s, v_num=t-12, loss/train=1.410]Epoch 0:  50%|████▉     | 3090/6208 [08:43<08:48,  5.90it/s, v_num=t-12, loss/train=1.720]Epoch 0:  50%|████▉     | 3091/6208 [08:43<08:47,  5.90it/s, v_num=t-12, loss/train=1.720]Epoch 0:  50%|████▉     | 3091/6208 [08:43<08:48,  5.90it/s, v_num=t-12, loss/train=1.850]Epoch 0:  50%|████▉     | 3092/6208 [08:43<08:47,  5.90it/s, v_num=t-12, loss/train=1.850]Epoch 0:  50%|████▉     | 3092/6208 [08:43<08:47,  5.90it/s, v_num=t-12, loss/train=1.880]Epoch 0:  50%|████▉     | 3093/6208 [08:43<08:47,  5.90it/s, v_num=t-12, loss/train=1.880]Epoch 0:  50%|████▉     | 3093/6208 [08:43<08:47,  5.90it/s, v_num=t-12, loss/train=1.810]Epoch 0:  50%|████▉     | 3094/6208 [08:44<08:47,  5.90it/s, v_num=t-12, loss/train=1.810]Epoch 0:  50%|████▉     | 3094/6208 [08:44<08:47,  5.90it/s, v_num=t-12, loss/train=1.050]Epoch 0:  50%|████▉     | 3095/6208 [08:44<08:47,  5.90it/s, v_num=t-12, loss/train=1.050]Epoch 0:  50%|████▉     | 3095/6208 [08:44<08:47,  5.90it/s, v_num=t-12, loss/train=2.690]Epoch 0:  50%|████▉     | 3096/6208 [08:44<08:47,  5.90it/s, v_num=t-12, loss/train=2.690]Epoch 0:  50%|████▉     | 3096/6208 [08:44<08:47,  5.90it/s, v_num=t-12, loss/train=1.660]Epoch 0:  50%|████▉     | 3097/6208 [08:44<08:46,  5.90it/s, v_num=t-12, loss/train=1.660]Epoch 0:  50%|████▉     | 3097/6208 [08:44<08:46,  5.90it/s, v_num=t-12, loss/train=2.310]Epoch 0:  50%|████▉     | 3098/6208 [08:44<08:46,  5.90it/s, v_num=t-12, loss/train=2.310]Epoch 0:  50%|████▉     | 3098/6208 [08:44<08:46,  5.90it/s, v_num=t-12, loss/train=1.750]Epoch 0:  50%|████▉     | 3099/6208 [08:44<08:46,  5.90it/s, v_num=t-12, loss/train=1.750]Epoch 0:  50%|████▉     | 3099/6208 [08:44<08:46,  5.90it/s, v_num=t-12, loss/train=2.900]Epoch 0:  50%|████▉     | 3100/6208 [08:45<08:46,  5.90it/s, v_num=t-12, loss/train=2.900]Epoch 0:  50%|████▉     | 3100/6208 [08:45<08:46,  5.90it/s, v_num=t-12, loss/train=2.640]Epoch 0:  50%|████▉     | 3101/6208 [08:45<08:46,  5.90it/s, v_num=t-12, loss/train=2.640]Epoch 0:  50%|████▉     | 3101/6208 [08:45<08:46,  5.90it/s, v_num=t-12, loss/train=2.120]Epoch 0:  50%|████▉     | 3102/6208 [08:45<08:46,  5.90it/s, v_num=t-12, loss/train=2.120]Epoch 0:  50%|████▉     | 3102/6208 [08:45<08:46,  5.90it/s, v_num=t-12, loss/train=1.980]Epoch 0:  50%|████▉     | 3103/6208 [08:45<08:45,  5.90it/s, v_num=t-12, loss/train=1.980]Epoch 0:  50%|████▉     | 3103/6208 [08:45<08:45,  5.90it/s, v_num=t-12, loss/train=1.780]Epoch 0:  50%|█████     | 3104/6208 [08:45<08:45,  5.90it/s, v_num=t-12, loss/train=1.780]Epoch 0:  50%|█████     | 3104/6208 [08:45<08:45,  5.90it/s, v_num=t-12, loss/train=1.270]Epoch 0:  50%|█████     | 3105/6208 [08:45<08:45,  5.91it/s, v_num=t-12, loss/train=1.270]Epoch 0:  50%|█████     | 3105/6208 [08:45<08:45,  5.90it/s, v_num=t-12, loss/train=1.930]Epoch 0:  50%|█████     | 3106/6208 [08:45<08:45,  5.91it/s, v_num=t-12, loss/train=1.930]Epoch 0:  50%|█████     | 3106/6208 [08:45<08:45,  5.91it/s, v_num=t-12, loss/train=1.580]Epoch 0:  50%|█████     | 3107/6208 [08:46<08:45,  5.91it/s, v_num=t-12, loss/train=1.580]Epoch 0:  50%|█████     | 3107/6208 [08:46<08:45,  5.91it/s, v_num=t-12, loss/train=0.919]Epoch 0:  50%|█████     | 3108/6208 [08:46<08:44,  5.91it/s, v_num=t-12, loss/train=0.919]Epoch 0:  50%|█████     | 3108/6208 [08:46<08:44,  5.91it/s, v_num=t-12, loss/train=1.510]Epoch 0:  50%|█████     | 3109/6208 [08:46<08:44,  5.91it/s, v_num=t-12, loss/train=1.510]Epoch 0:  50%|█████     | 3109/6208 [08:46<08:44,  5.91it/s, v_num=t-12, loss/train=1.970]Epoch 0:  50%|█████     | 3110/6208 [08:46<08:44,  5.91it/s, v_num=t-12, loss/train=1.970]Epoch 0:  50%|█████     | 3110/6208 [08:46<08:44,  5.91it/s, v_num=t-12, loss/train=1.110]Epoch 0:  50%|█████     | 3111/6208 [08:46<08:44,  5.91it/s, v_num=t-12, loss/train=1.110]Epoch 0:  50%|█████     | 3111/6208 [08:46<08:44,  5.91it/s, v_num=t-12, loss/train=2.770]Epoch 0:  50%|█████     | 3112/6208 [08:46<08:44,  5.91it/s, v_num=t-12, loss/train=2.770]Epoch 0:  50%|█████     | 3112/6208 [08:46<08:44,  5.91it/s, v_num=t-12, loss/train=1.700]Epoch 0:  50%|█████     | 3113/6208 [08:47<08:44,  5.91it/s, v_num=t-12, loss/train=1.700]Epoch 0:  50%|█████     | 3113/6208 [08:47<08:44,  5.91it/s, v_num=t-12, loss/train=1.120]Epoch 0:  50%|█████     | 3114/6208 [08:47<08:43,  5.91it/s, v_num=t-12, loss/train=1.120]Epoch 0:  50%|█████     | 3114/6208 [08:47<08:43,  5.91it/s, v_num=t-12, loss/train=1.790]Epoch 0:  50%|█████     | 3115/6208 [08:47<08:43,  5.91it/s, v_num=t-12, loss/train=1.790]Epoch 0:  50%|█████     | 3115/6208 [08:47<08:43,  5.91it/s, v_num=t-12, loss/train=1.450]Epoch 0:  50%|█████     | 3116/6208 [08:47<08:43,  5.91it/s, v_num=t-12, loss/train=1.450]Epoch 0:  50%|█████     | 3116/6208 [08:47<08:43,  5.91it/s, v_num=t-12, loss/train=1.510]Epoch 0:  50%|█████     | 3117/6208 [08:47<08:43,  5.91it/s, v_num=t-12, loss/train=1.510]Epoch 0:  50%|█████     | 3117/6208 [08:47<08:43,  5.91it/s, v_num=t-12, loss/train=1.490]Epoch 0:  50%|█████     | 3118/6208 [08:47<08:43,  5.91it/s, v_num=t-12, loss/train=1.490]Epoch 0:  50%|█████     | 3118/6208 [08:47<08:43,  5.91it/s, v_num=t-12, loss/train=1.620]Epoch 0:  50%|█████     | 3119/6208 [08:47<08:42,  5.91it/s, v_num=t-12, loss/train=1.620]Epoch 0:  50%|█████     | 3119/6208 [08:48<08:42,  5.91it/s, v_num=t-12, loss/train=1.610]Epoch 0:  50%|█████     | 3120/6208 [08:48<08:42,  5.91it/s, v_num=t-12, loss/train=1.610]Epoch 0:  50%|█████     | 3120/6208 [08:48<08:42,  5.91it/s, v_num=t-12, loss/train=0.398]Epoch 0:  50%|█████     | 3121/6208 [08:48<08:42,  5.91it/s, v_num=t-12, loss/train=0.398]Epoch 0:  50%|█████     | 3121/6208 [08:48<08:42,  5.91it/s, v_num=t-12, loss/train=1.290]Epoch 0:  50%|█████     | 3122/6208 [08:48<08:42,  5.91it/s, v_num=t-12, loss/train=1.290]Epoch 0:  50%|█████     | 3122/6208 [08:48<08:42,  5.91it/s, v_num=t-12, loss/train=1.150]Epoch 0:  50%|█████     | 3123/6208 [08:48<08:42,  5.91it/s, v_num=t-12, loss/train=1.150]Epoch 0:  50%|█████     | 3123/6208 [08:48<08:42,  5.91it/s, v_num=t-12, loss/train=1.600]Epoch 0:  50%|█████     | 3124/6208 [08:48<08:42,  5.91it/s, v_num=t-12, loss/train=1.600]Epoch 0:  50%|█████     | 3124/6208 [08:48<08:42,  5.91it/s, v_num=t-12, loss/train=1.520]Epoch 0:  50%|█████     | 3125/6208 [08:48<08:41,  5.91it/s, v_num=t-12, loss/train=1.520]Epoch 0:  50%|█████     | 3125/6208 [08:48<08:41,  5.91it/s, v_num=t-12, loss/train=0.964]Epoch 0:  50%|█████     | 3126/6208 [08:49<08:41,  5.91it/s, v_num=t-12, loss/train=0.964]Epoch 0:  50%|█████     | 3126/6208 [08:49<08:41,  5.91it/s, v_num=t-12, loss/train=1.210]Epoch 0:  50%|█████     | 3127/6208 [08:49<08:41,  5.91it/s, v_num=t-12, loss/train=1.210]Epoch 0:  50%|█████     | 3127/6208 [08:49<08:41,  5.91it/s, v_num=t-12, loss/train=1.550]Epoch 0:  50%|█████     | 3128/6208 [08:49<08:41,  5.91it/s, v_num=t-12, loss/train=1.550]Epoch 0:  50%|█████     | 3128/6208 [08:49<08:41,  5.91it/s, v_num=t-12, loss/train=2.090]Epoch 0:  50%|█████     | 3129/6208 [08:49<08:41,  5.91it/s, v_num=t-12, loss/train=2.090]Epoch 0:  50%|█████     | 3129/6208 [08:49<08:41,  5.91it/s, v_num=t-12, loss/train=2.590]Epoch 0:  50%|█████     | 3130/6208 [08:49<08:40,  5.91it/s, v_num=t-12, loss/train=2.590]Epoch 0:  50%|█████     | 3130/6208 [08:49<08:40,  5.91it/s, v_num=t-12, loss/train=1.530]Epoch 0:  50%|█████     | 3131/6208 [08:50<08:40,  5.91it/s, v_num=t-12, loss/train=1.530]Epoch 0:  50%|█████     | 3131/6208 [08:50<08:41,  5.91it/s, v_num=t-12, loss/train=1.570]Epoch 0:  50%|█████     | 3132/6208 [08:50<08:40,  5.91it/s, v_num=t-12, loss/train=1.570]Epoch 0:  50%|█████     | 3132/6208 [08:50<08:40,  5.91it/s, v_num=t-12, loss/train=1.370]Epoch 0:  50%|█████     | 3133/6208 [08:50<08:40,  5.91it/s, v_num=t-12, loss/train=1.370]Epoch 0:  50%|█████     | 3133/6208 [08:50<08:40,  5.91it/s, v_num=t-12, loss/train=2.160]Epoch 0:  50%|█████     | 3134/6208 [08:50<08:40,  5.91it/s, v_num=t-12, loss/train=2.160]Epoch 0:  50%|█████     | 3134/6208 [08:50<08:40,  5.91it/s, v_num=t-12, loss/train=1.470]Epoch 0:  50%|█████     | 3135/6208 [08:50<08:40,  5.91it/s, v_num=t-12, loss/train=1.470]Epoch 0:  50%|█████     | 3135/6208 [08:50<08:40,  5.91it/s, v_num=t-12, loss/train=0.918]Epoch 0:  51%|█████     | 3136/6208 [08:50<08:40,  5.91it/s, v_num=t-12, loss/train=0.918]Epoch 0:  51%|█████     | 3136/6208 [08:50<08:40,  5.91it/s, v_num=t-12, loss/train=2.770]Epoch 0:  51%|█████     | 3137/6208 [08:51<08:39,  5.91it/s, v_num=t-12, loss/train=2.770]Epoch 0:  51%|█████     | 3137/6208 [08:51<08:39,  5.91it/s, v_num=t-12, loss/train=1.330]Epoch 0:  51%|█████     | 3138/6208 [08:51<08:39,  5.91it/s, v_num=t-12, loss/train=1.330]Epoch 0:  51%|█████     | 3138/6208 [08:51<08:39,  5.91it/s, v_num=t-12, loss/train=1.430]Epoch 0:  51%|█████     | 3139/6208 [08:51<08:39,  5.91it/s, v_num=t-12, loss/train=1.430]Epoch 0:  51%|█████     | 3139/6208 [08:51<08:39,  5.91it/s, v_num=t-12, loss/train=1.370]Epoch 0:  51%|█████     | 3140/6208 [08:51<08:39,  5.91it/s, v_num=t-12, loss/train=1.370]Epoch 0:  51%|█████     | 3140/6208 [08:51<08:39,  5.91it/s, v_num=t-12, loss/train=2.750]Epoch 0:  51%|█████     | 3141/6208 [08:51<08:39,  5.91it/s, v_num=t-12, loss/train=2.750]Epoch 0:  51%|█████     | 3141/6208 [08:51<08:39,  5.91it/s, v_num=t-12, loss/train=2.570]Epoch 0:  51%|█████     | 3142/6208 [08:51<08:39,  5.91it/s, v_num=t-12, loss/train=2.570]Epoch 0:  51%|█████     | 3142/6208 [08:51<08:39,  5.91it/s, v_num=t-12, loss/train=2.680]Epoch 0:  51%|█████     | 3143/6208 [08:52<08:38,  5.91it/s, v_num=t-12, loss/train=2.680]Epoch 0:  51%|█████     | 3143/6208 [08:52<08:38,  5.91it/s, v_num=t-12, loss/train=2.130]Epoch 0:  51%|█████     | 3144/6208 [08:52<08:38,  5.91it/s, v_num=t-12, loss/train=2.130]Epoch 0:  51%|█████     | 3144/6208 [08:52<08:38,  5.91it/s, v_num=t-12, loss/train=2.130]Epoch 0:  51%|█████     | 3145/6208 [08:52<08:38,  5.91it/s, v_num=t-12, loss/train=2.130]Epoch 0:  51%|█████     | 3145/6208 [08:52<08:38,  5.91it/s, v_num=t-12, loss/train=1.760]Epoch 0:  51%|█████     | 3146/6208 [08:52<08:38,  5.91it/s, v_num=t-12, loss/train=1.760]Epoch 0:  51%|█████     | 3146/6208 [08:52<08:38,  5.91it/s, v_num=t-12, loss/train=2.000]Epoch 0:  51%|█████     | 3147/6208 [08:52<08:38,  5.91it/s, v_num=t-12, loss/train=2.000]Epoch 0:  51%|█████     | 3147/6208 [08:52<08:38,  5.91it/s, v_num=t-12, loss/train=1.500]Epoch 0:  51%|█████     | 3148/6208 [08:52<08:38,  5.91it/s, v_num=t-12, loss/train=1.500]Epoch 0:  51%|█████     | 3148/6208 [08:52<08:38,  5.91it/s, v_num=t-12, loss/train=1.940]Epoch 0:  51%|█████     | 3149/6208 [08:53<08:37,  5.91it/s, v_num=t-12, loss/train=1.940]Epoch 0:  51%|█████     | 3149/6208 [08:53<08:37,  5.91it/s, v_num=t-12, loss/train=2.160]Epoch 0:  51%|█████     | 3150/6208 [08:53<08:37,  5.91it/s, v_num=t-12, loss/train=2.160]Epoch 0:  51%|█████     | 3150/6208 [08:53<08:37,  5.91it/s, v_num=t-12, loss/train=0.746]Epoch 0:  51%|█████     | 3151/6208 [08:53<08:37,  5.91it/s, v_num=t-12, loss/train=0.746]Epoch 0:  51%|█████     | 3151/6208 [08:53<08:37,  5.91it/s, v_num=t-12, loss/train=2.550]Epoch 0:  51%|█████     | 3152/6208 [08:53<08:37,  5.91it/s, v_num=t-12, loss/train=2.550]Epoch 0:  51%|█████     | 3152/6208 [08:53<08:37,  5.91it/s, v_num=t-12, loss/train=1.110]Epoch 0:  51%|█████     | 3153/6208 [08:53<08:37,  5.91it/s, v_num=t-12, loss/train=1.110]Epoch 0:  51%|█████     | 3153/6208 [08:53<08:37,  5.91it/s, v_num=t-12, loss/train=1.200]Epoch 0:  51%|█████     | 3154/6208 [08:53<08:36,  5.91it/s, v_num=t-12, loss/train=1.200]Epoch 0:  51%|█████     | 3154/6208 [08:53<08:36,  5.91it/s, v_num=t-12, loss/train=1.950]Epoch 0:  51%|█████     | 3155/6208 [08:54<08:36,  5.91it/s, v_num=t-12, loss/train=1.950]Epoch 0:  51%|█████     | 3155/6208 [08:54<08:36,  5.91it/s, v_num=t-12, loss/train=1.690]Epoch 0:  51%|█████     | 3156/6208 [08:54<08:36,  5.91it/s, v_num=t-12, loss/train=1.690]Epoch 0:  51%|█████     | 3156/6208 [08:54<08:36,  5.91it/s, v_num=t-12, loss/train=1.750]Epoch 0:  51%|█████     | 3157/6208 [08:54<08:36,  5.91it/s, v_num=t-12, loss/train=1.750]Epoch 0:  51%|█████     | 3157/6208 [08:54<08:36,  5.91it/s, v_num=t-12, loss/train=2.160]Epoch 0:  51%|█████     | 3158/6208 [08:54<08:36,  5.91it/s, v_num=t-12, loss/train=2.160]Epoch 0:  51%|█████     | 3158/6208 [08:54<08:36,  5.91it/s, v_num=t-12, loss/train=1.010]Epoch 0:  51%|█████     | 3159/6208 [08:54<08:36,  5.91it/s, v_num=t-12, loss/train=1.010]Epoch 0:  51%|█████     | 3159/6208 [08:54<08:36,  5.91it/s, v_num=t-12, loss/train=1.420]Epoch 0:  51%|█████     | 3160/6208 [08:54<08:35,  5.91it/s, v_num=t-12, loss/train=1.420]Epoch 0:  51%|█████     | 3160/6208 [08:54<08:35,  5.91it/s, v_num=t-12, loss/train=1.510]Epoch 0:  51%|█████     | 3161/6208 [08:54<08:35,  5.91it/s, v_num=t-12, loss/train=1.510]Epoch 0:  51%|█████     | 3161/6208 [08:54<08:35,  5.91it/s, v_num=t-12, loss/train=1.520]Epoch 0:  51%|█████     | 3162/6208 [08:55<08:35,  5.91it/s, v_num=t-12, loss/train=1.520]Epoch 0:  51%|█████     | 3162/6208 [08:55<08:35,  5.91it/s, v_num=t-12, loss/train=1.390]Epoch 0:  51%|█████     | 3163/6208 [08:55<08:35,  5.91it/s, v_num=t-12, loss/train=1.390]Epoch 0:  51%|█████     | 3163/6208 [08:55<08:35,  5.91it/s, v_num=t-12, loss/train=1.410]Epoch 0:  51%|█████     | 3164/6208 [08:55<08:35,  5.91it/s, v_num=t-12, loss/train=1.410]Epoch 0:  51%|█████     | 3164/6208 [08:55<08:35,  5.91it/s, v_num=t-12, loss/train=1.900]Epoch 0:  51%|█████     | 3165/6208 [08:55<08:34,  5.91it/s, v_num=t-12, loss/train=1.900]Epoch 0:  51%|█████     | 3165/6208 [08:55<08:34,  5.91it/s, v_num=t-12, loss/train=1.720]Epoch 0:  51%|█████     | 3166/6208 [08:55<08:34,  5.91it/s, v_num=t-12, loss/train=1.720]Epoch 0:  51%|█████     | 3166/6208 [08:55<08:34,  5.91it/s, v_num=t-12, loss/train=0.965]Epoch 0:  51%|█████     | 3167/6208 [08:55<08:34,  5.91it/s, v_num=t-12, loss/train=0.965]Epoch 0:  51%|█████     | 3167/6208 [08:55<08:34,  5.91it/s, v_num=t-12, loss/train=1.350]Epoch 0:  51%|█████     | 3168/6208 [08:56<08:34,  5.91it/s, v_num=t-12, loss/train=1.350]Epoch 0:  51%|█████     | 3168/6208 [08:56<08:34,  5.91it/s, v_num=t-12, loss/train=1.340]Epoch 0:  51%|█████     | 3169/6208 [08:56<08:34,  5.91it/s, v_num=t-12, loss/train=1.340]Epoch 0:  51%|█████     | 3169/6208 [08:56<08:34,  5.91it/s, v_num=t-12, loss/train=0.541]Epoch 0:  51%|█████     | 3170/6208 [08:56<08:34,  5.91it/s, v_num=t-12, loss/train=0.541]Epoch 0:  51%|█████     | 3170/6208 [08:56<08:34,  5.91it/s, v_num=t-12, loss/train=1.970]Epoch 0:  51%|█████     | 3171/6208 [08:56<08:33,  5.91it/s, v_num=t-12, loss/train=1.970]Epoch 0:  51%|█████     | 3171/6208 [08:56<08:33,  5.91it/s, v_num=t-12, loss/train=0.516]Epoch 0:  51%|█████     | 3172/6208 [08:56<08:33,  5.91it/s, v_num=t-12, loss/train=0.516]Epoch 0:  51%|█████     | 3172/6208 [08:56<08:33,  5.91it/s, v_num=t-12, loss/train=1.310]Epoch 0:  51%|█████     | 3173/6208 [08:56<08:33,  5.91it/s, v_num=t-12, loss/train=1.310]Epoch 0:  51%|█████     | 3173/6208 [08:56<08:33,  5.91it/s, v_num=t-12, loss/train=2.500]Epoch 0:  51%|█████     | 3174/6208 [08:57<08:33,  5.91it/s, v_num=t-12, loss/train=2.500]Epoch 0:  51%|█████     | 3174/6208 [08:57<08:33,  5.91it/s, v_num=t-12, loss/train=1.380]Epoch 0:  51%|█████     | 3175/6208 [08:57<08:33,  5.91it/s, v_num=t-12, loss/train=1.380]Epoch 0:  51%|█████     | 3175/6208 [08:57<08:33,  5.91it/s, v_num=t-12, loss/train=1.550]Epoch 0:  51%|█████     | 3176/6208 [08:57<08:33,  5.91it/s, v_num=t-12, loss/train=1.550]Epoch 0:  51%|█████     | 3176/6208 [08:57<08:33,  5.91it/s, v_num=t-12, loss/train=2.080]Epoch 0:  51%|█████     | 3177/6208 [08:57<08:32,  5.91it/s, v_num=t-12, loss/train=2.080]Epoch 0:  51%|█████     | 3177/6208 [08:57<08:32,  5.91it/s, v_num=t-12, loss/train=2.140]Epoch 0:  51%|█████     | 3178/6208 [08:57<08:32,  5.91it/s, v_num=t-12, loss/train=2.140]Epoch 0:  51%|█████     | 3178/6208 [08:57<08:32,  5.91it/s, v_num=t-12, loss/train=1.610]Epoch 0:  51%|█████     | 3179/6208 [08:57<08:32,  5.91it/s, v_num=t-12, loss/train=1.610]Epoch 0:  51%|█████     | 3179/6208 [08:57<08:32,  5.91it/s, v_num=t-12, loss/train=1.940]Epoch 0:  51%|█████     | 3180/6208 [08:58<08:32,  5.91it/s, v_num=t-12, loss/train=1.940]Epoch 0:  51%|█████     | 3180/6208 [08:58<08:32,  5.91it/s, v_num=t-12, loss/train=2.900]Epoch 0:  51%|█████     | 3181/6208 [08:58<08:32,  5.91it/s, v_num=t-12, loss/train=2.900]Epoch 0:  51%|█████     | 3181/6208 [08:58<08:32,  5.91it/s, v_num=t-12, loss/train=2.050]Epoch 0:  51%|█████▏    | 3182/6208 [08:58<08:31,  5.91it/s, v_num=t-12, loss/train=2.050]Epoch 0:  51%|█████▏    | 3182/6208 [08:58<08:31,  5.91it/s, v_num=t-12, loss/train=2.110]Epoch 0:  51%|█████▏    | 3183/6208 [08:58<08:31,  5.91it/s, v_num=t-12, loss/train=2.110]Epoch 0:  51%|█████▏    | 3183/6208 [08:58<08:31,  5.91it/s, v_num=t-12, loss/train=1.400]Epoch 0:  51%|█████▏    | 3184/6208 [08:58<08:31,  5.91it/s, v_num=t-12, loss/train=1.400]Epoch 0:  51%|█████▏    | 3184/6208 [08:58<08:31,  5.91it/s, v_num=t-12, loss/train=1.360]Epoch 0:  51%|█████▏    | 3185/6208 [08:58<08:31,  5.91it/s, v_num=t-12, loss/train=1.360]Epoch 0:  51%|█████▏    | 3185/6208 [08:58<08:31,  5.91it/s, v_num=t-12, loss/train=2.360]Epoch 0:  51%|█████▏    | 3186/6208 [08:58<08:31,  5.91it/s, v_num=t-12, loss/train=2.360]Epoch 0:  51%|█████▏    | 3186/6208 [08:58<08:31,  5.91it/s, v_num=t-12, loss/train=2.660]Epoch 0:  51%|█████▏    | 3187/6208 [08:59<08:31,  5.91it/s, v_num=t-12, loss/train=2.660]Epoch 0:  51%|█████▏    | 3187/6208 [08:59<08:31,  5.91it/s, v_num=t-12, loss/train=1.440]Epoch 0:  51%|█████▏    | 3188/6208 [08:59<08:30,  5.91it/s, v_num=t-12, loss/train=1.440]Epoch 0:  51%|█████▏    | 3188/6208 [08:59<08:30,  5.91it/s, v_num=t-12, loss/train=2.350]Epoch 0:  51%|█████▏    | 3189/6208 [08:59<08:30,  5.91it/s, v_num=t-12, loss/train=2.350]Epoch 0:  51%|█████▏    | 3189/6208 [08:59<08:30,  5.91it/s, v_num=t-12, loss/train=1.470]Epoch 0:  51%|█████▏    | 3190/6208 [08:59<08:30,  5.91it/s, v_num=t-12, loss/train=1.470]Epoch 0:  51%|█████▏    | 3190/6208 [08:59<08:30,  5.91it/s, v_num=t-12, loss/train=2.160]Epoch 0:  51%|█████▏    | 3191/6208 [08:59<08:30,  5.91it/s, v_num=t-12, loss/train=2.160]Epoch 0:  51%|█████▏    | 3191/6208 [08:59<08:30,  5.91it/s, v_num=t-12, loss/train=1.200]Epoch 0:  51%|█████▏    | 3192/6208 [08:59<08:30,  5.91it/s, v_num=t-12, loss/train=1.200]Epoch 0:  51%|█████▏    | 3192/6208 [08:59<08:30,  5.91it/s, v_num=t-12, loss/train=1.940]Epoch 0:  51%|█████▏    | 3193/6208 [08:59<08:29,  5.91it/s, v_num=t-12, loss/train=1.940]Epoch 0:  51%|█████▏    | 3193/6208 [08:59<08:29,  5.91it/s, v_num=t-12, loss/train=2.140]Epoch 0:  51%|█████▏    | 3194/6208 [09:00<08:29,  5.91it/s, v_num=t-12, loss/train=2.140]Epoch 0:  51%|█████▏    | 3194/6208 [09:00<08:29,  5.91it/s, v_num=t-12, loss/train=1.690]Epoch 0:  51%|█████▏    | 3195/6208 [09:00<08:29,  5.91it/s, v_num=t-12, loss/train=1.690]Epoch 0:  51%|█████▏    | 3195/6208 [09:00<08:29,  5.91it/s, v_num=t-12, loss/train=1.080]Epoch 0:  51%|█████▏    | 3196/6208 [09:00<08:29,  5.91it/s, v_num=t-12, loss/train=1.080]Epoch 0:  51%|█████▏    | 3196/6208 [09:00<08:29,  5.91it/s, v_num=t-12, loss/train=1.120]Epoch 0:  51%|█████▏    | 3197/6208 [09:00<08:29,  5.91it/s, v_num=t-12, loss/train=1.120]Epoch 0:  51%|█████▏    | 3197/6208 [09:00<08:29,  5.91it/s, v_num=t-12, loss/train=1.660]Epoch 0:  52%|█████▏    | 3198/6208 [09:01<08:29,  5.91it/s, v_num=t-12, loss/train=1.660]Epoch 0:  52%|█████▏    | 3198/6208 [09:01<08:29,  5.91it/s, v_num=t-12, loss/train=2.300]Epoch 0:  52%|█████▏    | 3199/6208 [09:01<08:29,  5.91it/s, v_num=t-12, loss/train=2.300]Epoch 0:  52%|█████▏    | 3199/6208 [09:01<08:29,  5.91it/s, v_num=t-12, loss/train=1.580]Epoch 0:  52%|█████▏    | 3200/6208 [09:01<08:28,  5.91it/s, v_num=t-12, loss/train=1.580]Epoch 0:  52%|█████▏    | 3200/6208 [09:01<08:28,  5.91it/s, v_num=t-12, loss/train=2.370]Epoch 0:  52%|█████▏    | 3201/6208 [09:01<08:28,  5.91it/s, v_num=t-12, loss/train=2.370]Epoch 0:  52%|█████▏    | 3201/6208 [09:01<08:28,  5.91it/s, v_num=t-12, loss/train=1.780]Epoch 0:  52%|█████▏    | 3202/6208 [09:01<08:28,  5.91it/s, v_num=t-12, loss/train=1.780]Epoch 0:  52%|█████▏    | 3202/6208 [09:01<08:28,  5.91it/s, v_num=t-12, loss/train=1.400]Epoch 0:  52%|█████▏    | 3203/6208 [09:01<08:28,  5.91it/s, v_num=t-12, loss/train=1.400]Epoch 0:  52%|█████▏    | 3203/6208 [09:01<08:28,  5.91it/s, v_num=t-12, loss/train=1.650]Epoch 0:  52%|█████▏    | 3204/6208 [09:02<08:28,  5.91it/s, v_num=t-12, loss/train=1.650]Epoch 0:  52%|█████▏    | 3204/6208 [09:02<08:28,  5.91it/s, v_num=t-12, loss/train=2.170]Epoch 0:  52%|█████▏    | 3205/6208 [09:02<08:28,  5.91it/s, v_num=t-12, loss/train=2.170]Epoch 0:  52%|█████▏    | 3205/6208 [09:02<08:28,  5.91it/s, v_num=t-12, loss/train=1.590]Epoch 0:  52%|█████▏    | 3206/6208 [09:02<08:27,  5.91it/s, v_num=t-12, loss/train=1.590]Epoch 0:  52%|█████▏    | 3206/6208 [09:02<08:27,  5.91it/s, v_num=t-12, loss/train=1.870]Epoch 0:  52%|█████▏    | 3207/6208 [09:02<08:27,  5.91it/s, v_num=t-12, loss/train=1.870]Epoch 0:  52%|█████▏    | 3207/6208 [09:02<08:27,  5.91it/s, v_num=t-12, loss/train=2.470]Epoch 0:  52%|█████▏    | 3208/6208 [09:02<08:27,  5.91it/s, v_num=t-12, loss/train=2.470]Epoch 0:  52%|█████▏    | 3208/6208 [09:02<08:27,  5.91it/s, v_num=t-12, loss/train=1.280]Epoch 0:  52%|█████▏    | 3209/6208 [09:02<08:27,  5.91it/s, v_num=t-12, loss/train=1.280]Epoch 0:  52%|█████▏    | 3209/6208 [09:02<08:27,  5.91it/s, v_num=t-12, loss/train=2.780]Epoch 0:  52%|█████▏    | 3210/6208 [09:02<08:27,  5.91it/s, v_num=t-12, loss/train=2.780]Epoch 0:  52%|█████▏    | 3210/6208 [09:02<08:27,  5.91it/s, v_num=t-12, loss/train=2.500]Epoch 0:  52%|█████▏    | 3211/6208 [09:03<08:26,  5.91it/s, v_num=t-12, loss/train=2.500]Epoch 0:  52%|█████▏    | 3211/6208 [09:03<08:26,  5.91it/s, v_num=t-12, loss/train=0.507]Epoch 0:  52%|█████▏    | 3212/6208 [09:03<08:26,  5.91it/s, v_num=t-12, loss/train=0.507]Epoch 0:  52%|█████▏    | 3212/6208 [09:03<08:26,  5.91it/s, v_num=t-12, loss/train=1.070]Epoch 0:  52%|█████▏    | 3213/6208 [09:03<08:26,  5.91it/s, v_num=t-12, loss/train=1.070]Epoch 0:  52%|█████▏    | 3213/6208 [09:03<08:26,  5.91it/s, v_num=t-12, loss/train=1.030]Epoch 0:  52%|█████▏    | 3214/6208 [09:03<08:26,  5.91it/s, v_num=t-12, loss/train=1.030]Epoch 0:  52%|█████▏    | 3214/6208 [09:03<08:26,  5.91it/s, v_num=t-12, loss/train=1.840]Epoch 0:  52%|█████▏    | 3215/6208 [09:03<08:26,  5.91it/s, v_num=t-12, loss/train=1.840]Epoch 0:  52%|█████▏    | 3215/6208 [09:03<08:26,  5.91it/s, v_num=t-12, loss/train=2.790]Epoch 0:  52%|█████▏    | 3216/6208 [09:03<08:26,  5.91it/s, v_num=t-12, loss/train=2.790]Epoch 0:  52%|█████▏    | 3216/6208 [09:03<08:26,  5.91it/s, v_num=t-12, loss/train=1.490]Epoch 0:  52%|█████▏    | 3217/6208 [09:04<08:25,  5.91it/s, v_num=t-12, loss/train=1.490]Epoch 0:  52%|█████▏    | 3217/6208 [09:04<08:25,  5.91it/s, v_num=t-12, loss/train=1.970]Epoch 0:  52%|█████▏    | 3218/6208 [09:04<08:25,  5.91it/s, v_num=t-12, loss/train=1.970]Epoch 0:  52%|█████▏    | 3218/6208 [09:04<08:25,  5.91it/s, v_num=t-12, loss/train=1.650]Epoch 0:  52%|█████▏    | 3219/6208 [09:04<08:25,  5.91it/s, v_num=t-12, loss/train=1.650]Epoch 0:  52%|█████▏    | 3219/6208 [09:04<08:25,  5.91it/s, v_num=t-12, loss/train=1.200]Epoch 0:  52%|█████▏    | 3220/6208 [09:04<08:25,  5.91it/s, v_num=t-12, loss/train=1.200]Epoch 0:  52%|█████▏    | 3220/6208 [09:04<08:25,  5.91it/s, v_num=t-12, loss/train=1.290]Epoch 0:  52%|█████▏    | 3221/6208 [09:04<08:25,  5.91it/s, v_num=t-12, loss/train=1.290]Epoch 0:  52%|█████▏    | 3221/6208 [09:04<08:25,  5.91it/s, v_num=t-12, loss/train=1.960]Epoch 0:  52%|█████▏    | 3222/6208 [09:05<08:25,  5.91it/s, v_num=t-12, loss/train=1.960]Epoch 0:  52%|█████▏    | 3222/6208 [09:05<08:25,  5.91it/s, v_num=t-12, loss/train=1.900]Epoch 0:  52%|█████▏    | 3223/6208 [09:05<08:25,  5.91it/s, v_num=t-12, loss/train=1.900]Epoch 0:  52%|█████▏    | 3223/6208 [09:05<08:25,  5.91it/s, v_num=t-12, loss/train=2.310]Epoch 0:  52%|█████▏    | 3224/6208 [09:05<08:24,  5.91it/s, v_num=t-12, loss/train=2.310]Epoch 0:  52%|█████▏    | 3224/6208 [09:05<08:24,  5.91it/s, v_num=t-12, loss/train=1.260]Epoch 0:  52%|█████▏    | 3225/6208 [09:05<08:24,  5.91it/s, v_num=t-12, loss/train=1.260]Epoch 0:  52%|█████▏    | 3225/6208 [09:05<08:24,  5.91it/s, v_num=t-12, loss/train=1.370]Epoch 0:  52%|█████▏    | 3226/6208 [09:05<08:24,  5.91it/s, v_num=t-12, loss/train=1.370]Epoch 0:  52%|█████▏    | 3226/6208 [09:05<08:24,  5.91it/s, v_num=t-12, loss/train=1.420]Epoch 0:  52%|█████▏    | 3227/6208 [09:06<08:24,  5.91it/s, v_num=t-12, loss/train=1.420]Epoch 0:  52%|█████▏    | 3227/6208 [09:06<08:24,  5.91it/s, v_num=t-12, loss/train=0.993]Epoch 0:  52%|█████▏    | 3228/6208 [09:06<08:24,  5.91it/s, v_num=t-12, loss/train=0.993]Epoch 0:  52%|█████▏    | 3228/6208 [09:06<08:24,  5.91it/s, v_num=t-12, loss/train=1.580]Epoch 0:  52%|█████▏    | 3229/6208 [09:06<08:24,  5.91it/s, v_num=t-12, loss/train=1.580]Epoch 0:  52%|█████▏    | 3229/6208 [09:06<08:24,  5.91it/s, v_num=t-12, loss/train=1.680]Epoch 0:  52%|█████▏    | 3230/6208 [09:06<08:23,  5.91it/s, v_num=t-12, loss/train=1.680]Epoch 0:  52%|█████▏    | 3230/6208 [09:06<08:23,  5.91it/s, v_num=t-12, loss/train=2.030]Epoch 0:  52%|█████▏    | 3231/6208 [09:06<08:23,  5.91it/s, v_num=t-12, loss/train=2.030]Epoch 0:  52%|█████▏    | 3231/6208 [09:06<08:23,  5.91it/s, v_num=t-12, loss/train=1.170]Epoch 0:  52%|█████▏    | 3232/6208 [09:06<08:23,  5.91it/s, v_num=t-12, loss/train=1.170]Epoch 0:  52%|█████▏    | 3232/6208 [09:06<08:23,  5.91it/s, v_num=t-12, loss/train=1.790]Epoch 0:  52%|█████▏    | 3233/6208 [09:07<08:23,  5.91it/s, v_num=t-12, loss/train=1.790]Epoch 0:  52%|█████▏    | 3233/6208 [09:07<08:23,  5.91it/s, v_num=t-12, loss/train=1.630]Epoch 0:  52%|█████▏    | 3234/6208 [09:07<08:23,  5.91it/s, v_num=t-12, loss/train=1.630]Epoch 0:  52%|█████▏    | 3234/6208 [09:07<08:23,  5.91it/s, v_num=t-12, loss/train=1.040]Epoch 0:  52%|█████▏    | 3235/6208 [09:07<08:23,  5.91it/s, v_num=t-12, loss/train=1.040]Epoch 0:  52%|█████▏    | 3235/6208 [09:07<08:23,  5.91it/s, v_num=t-12, loss/train=1.500]Epoch 0:  52%|█████▏    | 3236/6208 [09:07<08:22,  5.91it/s, v_num=t-12, loss/train=1.500]Epoch 0:  52%|█████▏    | 3236/6208 [09:07<08:23,  5.91it/s, v_num=t-12, loss/train=1.750]Epoch 0:  52%|█████▏    | 3237/6208 [09:07<08:22,  5.91it/s, v_num=t-12, loss/train=1.750]Epoch 0:  52%|█████▏    | 3237/6208 [09:07<08:22,  5.91it/s, v_num=t-12, loss/train=2.000]Epoch 0:  52%|█████▏    | 3238/6208 [09:07<08:22,  5.91it/s, v_num=t-12, loss/train=2.000]Epoch 0:  52%|█████▏    | 3238/6208 [09:08<08:22,  5.91it/s, v_num=t-12, loss/train=0.948]Epoch 0:  52%|█████▏    | 3239/6208 [09:08<08:22,  5.91it/s, v_num=t-12, loss/train=0.948]Epoch 0:  52%|█████▏    | 3239/6208 [09:08<08:22,  5.91it/s, v_num=t-12, loss/train=1.750]Epoch 0:  52%|█████▏    | 3240/6208 [09:08<08:22,  5.91it/s, v_num=t-12, loss/train=1.750]Epoch 0:  52%|█████▏    | 3240/6208 [09:08<08:22,  5.91it/s, v_num=t-12, loss/train=2.850]Epoch 0:  52%|█████▏    | 3241/6208 [09:08<08:22,  5.91it/s, v_num=t-12, loss/train=2.850]Epoch 0:  52%|█████▏    | 3241/6208 [09:08<08:22,  5.91it/s, v_num=t-12, loss/train=3.110]Epoch 0:  52%|█████▏    | 3242/6208 [09:08<08:21,  5.91it/s, v_num=t-12, loss/train=3.110]Epoch 0:  52%|█████▏    | 3242/6208 [09:08<08:21,  5.91it/s, v_num=t-12, loss/train=0.983]Epoch 0:  52%|█████▏    | 3243/6208 [09:08<08:21,  5.91it/s, v_num=t-12, loss/train=0.983]Epoch 0:  52%|█████▏    | 3243/6208 [09:08<08:21,  5.91it/s, v_num=t-12, loss/train=2.020]Epoch 0:  52%|█████▏    | 3244/6208 [09:08<08:21,  5.91it/s, v_num=t-12, loss/train=2.020]Epoch 0:  52%|█████▏    | 3244/6208 [09:08<08:21,  5.91it/s, v_num=t-12, loss/train=1.880]Epoch 0:  52%|█████▏    | 3245/6208 [09:09<08:21,  5.91it/s, v_num=t-12, loss/train=1.880]Epoch 0:  52%|█████▏    | 3245/6208 [09:09<08:21,  5.91it/s, v_num=t-12, loss/train=2.090]Epoch 0:  52%|█████▏    | 3246/6208 [09:09<08:21,  5.91it/s, v_num=t-12, loss/train=2.090]Epoch 0:  52%|█████▏    | 3246/6208 [09:09<08:21,  5.91it/s, v_num=t-12, loss/train=1.570]Epoch 0:  52%|█████▏    | 3247/6208 [09:09<08:21,  5.91it/s, v_num=t-12, loss/train=1.570]Epoch 0:  52%|█████▏    | 3247/6208 [09:09<08:21,  5.91it/s, v_num=t-12, loss/train=1.810]Epoch 0:  52%|█████▏    | 3248/6208 [09:09<08:20,  5.91it/s, v_num=t-12, loss/train=1.810]Epoch 0:  52%|█████▏    | 3248/6208 [09:09<08:20,  5.91it/s, v_num=t-12, loss/train=1.740]Epoch 0:  52%|█████▏    | 3249/6208 [09:09<08:20,  5.91it/s, v_num=t-12, loss/train=1.740]Epoch 0:  52%|█████▏    | 3249/6208 [09:09<08:20,  5.91it/s, v_num=t-12, loss/train=3.100]Epoch 0:  52%|█████▏    | 3250/6208 [09:09<08:20,  5.91it/s, v_num=t-12, loss/train=3.100]Epoch 0:  52%|█████▏    | 3250/6208 [09:09<08:20,  5.91it/s, v_num=t-12, loss/train=1.150]Epoch 0:  52%|█████▏    | 3251/6208 [09:10<08:20,  5.91it/s, v_num=t-12, loss/train=1.150]Epoch 0:  52%|█████▏    | 3251/6208 [09:10<08:20,  5.91it/s, v_num=t-12, loss/train=1.750]Epoch 0:  52%|█████▏    | 3252/6208 [09:10<08:20,  5.91it/s, v_num=t-12, loss/train=1.750]Epoch 0:  52%|█████▏    | 3252/6208 [09:10<08:20,  5.91it/s, v_num=t-12, loss/train=1.380]Epoch 0:  52%|█████▏    | 3253/6208 [09:10<08:19,  5.91it/s, v_num=t-12, loss/train=1.380]Epoch 0:  52%|█████▏    | 3253/6208 [09:10<08:19,  5.91it/s, v_num=t-12, loss/train=1.110]Epoch 0:  52%|█████▏    | 3254/6208 [09:10<08:19,  5.91it/s, v_num=t-12, loss/train=1.110]Epoch 0:  52%|█████▏    | 3254/6208 [09:10<08:19,  5.91it/s, v_num=t-12, loss/train=2.550]Epoch 0:  52%|█████▏    | 3255/6208 [09:10<08:19,  5.91it/s, v_num=t-12, loss/train=2.550]Epoch 0:  52%|█████▏    | 3255/6208 [09:10<08:19,  5.91it/s, v_num=t-12, loss/train=1.690]Epoch 0:  52%|█████▏    | 3256/6208 [09:10<08:19,  5.91it/s, v_num=t-12, loss/train=1.690]Epoch 0:  52%|█████▏    | 3256/6208 [09:10<08:19,  5.91it/s, v_num=t-12, loss/train=1.560]Epoch 0:  52%|█████▏    | 3257/6208 [09:11<08:19,  5.91it/s, v_num=t-12, loss/train=1.560]Epoch 0:  52%|█████▏    | 3257/6208 [09:11<08:19,  5.91it/s, v_num=t-12, loss/train=1.860]Epoch 0:  52%|█████▏    | 3258/6208 [09:11<08:19,  5.91it/s, v_num=t-12, loss/train=1.860]Epoch 0:  52%|█████▏    | 3258/6208 [09:11<08:19,  5.91it/s, v_num=t-12, loss/train=2.100]Epoch 0:  52%|█████▏    | 3259/6208 [09:11<08:19,  5.91it/s, v_num=t-12, loss/train=2.100]Epoch 0:  52%|█████▏    | 3259/6208 [09:11<08:19,  5.91it/s, v_num=t-12, loss/train=1.920]Epoch 0:  53%|█████▎    | 3260/6208 [09:11<08:18,  5.91it/s, v_num=t-12, loss/train=1.920]Epoch 0:  53%|█████▎    | 3260/6208 [09:11<08:18,  5.91it/s, v_num=t-12, loss/train=1.380]Epoch 0:  53%|█████▎    | 3261/6208 [09:11<08:18,  5.91it/s, v_num=t-12, loss/train=1.380]Epoch 0:  53%|█████▎    | 3261/6208 [09:11<08:18,  5.91it/s, v_num=t-12, loss/train=1.480]Epoch 0:  53%|█████▎    | 3262/6208 [09:12<08:18,  5.91it/s, v_num=t-12, loss/train=1.480]Epoch 0:  53%|█████▎    | 3262/6208 [09:12<08:18,  5.91it/s, v_num=t-12, loss/train=0.974]Epoch 0:  53%|█████▎    | 3263/6208 [09:12<08:18,  5.91it/s, v_num=t-12, loss/train=0.974]Epoch 0:  53%|█████▎    | 3263/6208 [09:12<08:18,  5.91it/s, v_num=t-12, loss/train=1.470]Epoch 0:  53%|█████▎    | 3264/6208 [09:12<08:18,  5.91it/s, v_num=t-12, loss/train=1.470]Epoch 0:  53%|█████▎    | 3264/6208 [09:12<08:18,  5.91it/s, v_num=t-12, loss/train=1.790]Epoch 0:  53%|█████▎    | 3265/6208 [09:12<08:18,  5.91it/s, v_num=t-12, loss/train=1.790]Epoch 0:  53%|█████▎    | 3265/6208 [09:12<08:18,  5.91it/s, v_num=t-12, loss/train=1.520]Epoch 0:  53%|█████▎    | 3266/6208 [09:12<08:17,  5.91it/s, v_num=t-12, loss/train=1.520]Epoch 0:  53%|█████▎    | 3266/6208 [09:12<08:17,  5.91it/s, v_num=t-12, loss/train=1.200]Epoch 0:  53%|█████▎    | 3267/6208 [09:12<08:17,  5.91it/s, v_num=t-12, loss/train=1.200]Epoch 0:  53%|█████▎    | 3267/6208 [09:12<08:17,  5.91it/s, v_num=t-12, loss/train=1.770]Epoch 0:  53%|█████▎    | 3268/6208 [09:13<08:17,  5.91it/s, v_num=t-12, loss/train=1.770]Epoch 0:  53%|█████▎    | 3268/6208 [09:13<08:17,  5.91it/s, v_num=t-12, loss/train=1.470]Epoch 0:  53%|█████▎    | 3269/6208 [09:13<08:17,  5.91it/s, v_num=t-12, loss/train=1.470]Epoch 0:  53%|█████▎    | 3269/6208 [09:13<08:17,  5.91it/s, v_num=t-12, loss/train=2.330]Epoch 0:  53%|█████▎    | 3270/6208 [09:13<08:17,  5.91it/s, v_num=t-12, loss/train=2.330]Epoch 0:  53%|█████▎    | 3270/6208 [09:13<08:17,  5.91it/s, v_num=t-12, loss/train=1.260]Epoch 0:  53%|█████▎    | 3271/6208 [09:13<08:17,  5.91it/s, v_num=t-12, loss/train=1.260]Epoch 0:  53%|█████▎    | 3271/6208 [09:13<08:17,  5.91it/s, v_num=t-12, loss/train=1.370]Epoch 0:  53%|█████▎    | 3272/6208 [09:13<08:16,  5.91it/s, v_num=t-12, loss/train=1.370]Epoch 0:  53%|█████▎    | 3272/6208 [09:13<08:16,  5.91it/s, v_num=t-12, loss/train=1.670]Epoch 0:  53%|█████▎    | 3273/6208 [09:13<08:16,  5.91it/s, v_num=t-12, loss/train=1.670]Epoch 0:  53%|█████▎    | 3273/6208 [09:13<08:16,  5.91it/s, v_num=t-12, loss/train=2.370]Epoch 0:  53%|█████▎    | 3274/6208 [09:13<08:16,  5.91it/s, v_num=t-12, loss/train=2.370]Epoch 0:  53%|█████▎    | 3274/6208 [09:14<08:16,  5.91it/s, v_num=t-12, loss/train=0.942]Epoch 0:  53%|█████▎    | 3275/6208 [09:14<08:16,  5.91it/s, v_num=t-12, loss/train=0.942]Epoch 0:  53%|█████▎    | 3275/6208 [09:14<08:16,  5.91it/s, v_num=t-12, loss/train=1.700]Epoch 0:  53%|█████▎    | 3276/6208 [09:14<08:16,  5.91it/s, v_num=t-12, loss/train=1.700]Epoch 0:  53%|█████▎    | 3276/6208 [09:14<08:16,  5.91it/s, v_num=t-12, loss/train=1.570]Epoch 0:  53%|█████▎    | 3277/6208 [09:14<08:15,  5.91it/s, v_num=t-12, loss/train=1.570]Epoch 0:  53%|█████▎    | 3277/6208 [09:14<08:15,  5.91it/s, v_num=t-12, loss/train=1.760]Epoch 0:  53%|█████▎    | 3278/6208 [09:14<08:15,  5.91it/s, v_num=t-12, loss/train=1.760]Epoch 0:  53%|█████▎    | 3278/6208 [09:14<08:15,  5.91it/s, v_num=t-12, loss/train=2.080]Epoch 0:  53%|█████▎    | 3279/6208 [09:14<08:15,  5.91it/s, v_num=t-12, loss/train=2.080]Epoch 0:  53%|█████▎    | 3279/6208 [09:14<08:15,  5.91it/s, v_num=t-12, loss/train=1.720]Epoch 0:  53%|█████▎    | 3280/6208 [09:15<08:15,  5.91it/s, v_num=t-12, loss/train=1.720]Epoch 0:  53%|█████▎    | 3280/6208 [09:15<08:15,  5.91it/s, v_num=t-12, loss/train=1.690]Epoch 0:  53%|█████▎    | 3281/6208 [09:15<08:15,  5.91it/s, v_num=t-12, loss/train=1.690]Epoch 0:  53%|█████▎    | 3281/6208 [09:15<08:15,  5.91it/s, v_num=t-12, loss/train=1.380]Epoch 0:  53%|█████▎    | 3282/6208 [09:15<08:15,  5.91it/s, v_num=t-12, loss/train=1.380]Epoch 0:  53%|█████▎    | 3282/6208 [09:15<08:15,  5.91it/s, v_num=t-12, loss/train=1.740]Epoch 0:  53%|█████▎    | 3283/6208 [09:15<08:15,  5.91it/s, v_num=t-12, loss/train=1.740]Epoch 0:  53%|█████▎    | 3283/6208 [09:15<08:15,  5.91it/s, v_num=t-12, loss/train=1.620]Epoch 0:  53%|█████▎    | 3284/6208 [09:15<08:14,  5.91it/s, v_num=t-12, loss/train=1.620]Epoch 0:  53%|█████▎    | 3284/6208 [09:15<08:14,  5.91it/s, v_num=t-12, loss/train=2.320]Epoch 0:  53%|█████▎    | 3285/6208 [09:15<08:14,  5.91it/s, v_num=t-12, loss/train=2.320]Epoch 0:  53%|█████▎    | 3285/6208 [09:15<08:14,  5.91it/s, v_num=t-12, loss/train=1.140]Epoch 0:  53%|█████▎    | 3286/6208 [09:16<08:14,  5.91it/s, v_num=t-12, loss/train=1.140]Epoch 0:  53%|█████▎    | 3286/6208 [09:16<08:14,  5.91it/s, v_num=t-12, loss/train=2.240]Epoch 0:  53%|█████▎    | 3287/6208 [09:16<08:14,  5.91it/s, v_num=t-12, loss/train=2.240]Epoch 0:  53%|█████▎    | 3287/6208 [09:16<08:14,  5.91it/s, v_num=t-12, loss/train=1.770]Epoch 0:  53%|█████▎    | 3288/6208 [09:16<08:14,  5.91it/s, v_num=t-12, loss/train=1.770]Epoch 0:  53%|█████▎    | 3288/6208 [09:16<08:14,  5.91it/s, v_num=t-12, loss/train=3.320]Epoch 0:  53%|█████▎    | 3289/6208 [09:16<08:14,  5.91it/s, v_num=t-12, loss/train=3.320]Epoch 0:  53%|█████▎    | 3289/6208 [09:16<08:14,  5.91it/s, v_num=t-12, loss/train=1.960]Epoch 0:  53%|█████▎    | 3290/6208 [09:16<08:14,  5.91it/s, v_num=t-12, loss/train=1.960]Epoch 0:  53%|█████▎    | 3290/6208 [09:16<08:14,  5.91it/s, v_num=t-12, loss/train=1.880]Epoch 0:  53%|█████▎    | 3291/6208 [09:17<08:13,  5.91it/s, v_num=t-12, loss/train=1.880]Epoch 0:  53%|█████▎    | 3291/6208 [09:17<08:13,  5.91it/s, v_num=t-12, loss/train=1.530]Epoch 0:  53%|█████▎    | 3292/6208 [09:17<08:13,  5.91it/s, v_num=t-12, loss/train=1.530]Epoch 0:  53%|█████▎    | 3292/6208 [09:17<08:13,  5.91it/s, v_num=t-12, loss/train=3.670]Epoch 0:  53%|█████▎    | 3293/6208 [09:17<08:13,  5.91it/s, v_num=t-12, loss/train=3.670]Epoch 0:  53%|█████▎    | 3293/6208 [09:17<08:13,  5.91it/s, v_num=t-12, loss/train=1.550]Epoch 0:  53%|█████▎    | 3294/6208 [09:17<08:13,  5.91it/s, v_num=t-12, loss/train=1.550]Epoch 0:  53%|█████▎    | 3294/6208 [09:17<08:13,  5.91it/s, v_num=t-12, loss/train=1.230]Epoch 0:  53%|█████▎    | 3295/6208 [09:17<08:13,  5.91it/s, v_num=t-12, loss/train=1.230]Epoch 0:  53%|█████▎    | 3295/6208 [09:17<08:13,  5.91it/s, v_num=t-12, loss/train=1.220]Epoch 0:  53%|█████▎    | 3296/6208 [09:17<08:12,  5.91it/s, v_num=t-12, loss/train=1.220]Epoch 0:  53%|█████▎    | 3296/6208 [09:17<08:12,  5.91it/s, v_num=t-12, loss/train=0.712]Epoch 0:  53%|█████▎    | 3297/6208 [09:18<08:12,  5.91it/s, v_num=t-12, loss/train=0.712]Epoch 0:  53%|█████▎    | 3297/6208 [09:18<08:12,  5.91it/s, v_num=t-12, loss/train=2.300]Epoch 0:  53%|█████▎    | 3298/6208 [09:18<08:12,  5.91it/s, v_num=t-12, loss/train=2.300]Epoch 0:  53%|█████▎    | 3298/6208 [09:18<08:12,  5.91it/s, v_num=t-12, loss/train=1.500]Epoch 0:  53%|█████▎    | 3299/6208 [09:18<08:12,  5.91it/s, v_num=t-12, loss/train=1.500]Epoch 0:  53%|█████▎    | 3299/6208 [09:18<08:12,  5.91it/s, v_num=t-12, loss/train=1.350]Epoch 0:  53%|█████▎    | 3300/6208 [09:18<08:12,  5.91it/s, v_num=t-12, loss/train=1.350]Epoch 0:  53%|█████▎    | 3300/6208 [09:18<08:12,  5.91it/s, v_num=t-12, loss/train=1.360]Epoch 0:  53%|█████▎    | 3301/6208 [09:18<08:12,  5.91it/s, v_num=t-12, loss/train=1.360]Epoch 0:  53%|█████▎    | 3301/6208 [09:18<08:12,  5.91it/s, v_num=t-12, loss/train=1.860]Epoch 0:  53%|█████▎    | 3302/6208 [09:18<08:11,  5.91it/s, v_num=t-12, loss/train=1.860]Epoch 0:  53%|█████▎    | 3302/6208 [09:19<08:11,  5.91it/s, v_num=t-12, loss/train=2.230]Epoch 0:  53%|█████▎    | 3303/6208 [09:19<08:11,  5.91it/s, v_num=t-12, loss/train=2.230]Epoch 0:  53%|█████▎    | 3303/6208 [09:19<08:11,  5.91it/s, v_num=t-12, loss/train=1.730]Epoch 0:  53%|█████▎    | 3304/6208 [09:19<08:11,  5.91it/s, v_num=t-12, loss/train=1.730]Epoch 0:  53%|█████▎    | 3304/6208 [09:19<08:11,  5.91it/s, v_num=t-12, loss/train=1.240]Epoch 0:  53%|█████▎    | 3305/6208 [09:19<08:11,  5.91it/s, v_num=t-12, loss/train=1.240]Epoch 0:  53%|█████▎    | 3305/6208 [09:19<08:11,  5.91it/s, v_num=t-12, loss/train=1.650]Epoch 0:  53%|█████▎    | 3306/6208 [09:19<08:11,  5.91it/s, v_num=t-12, loss/train=1.650]Epoch 0:  53%|█████▎    | 3306/6208 [09:19<08:11,  5.91it/s, v_num=t-12, loss/train=1.250]Epoch 0:  53%|█████▎    | 3307/6208 [09:19<08:11,  5.91it/s, v_num=t-12, loss/train=1.250]Epoch 0:  53%|█████▎    | 3307/6208 [09:19<08:11,  5.91it/s, v_num=t-12, loss/train=2.050]Epoch 0:  53%|█████▎    | 3308/6208 [09:19<08:10,  5.91it/s, v_num=t-12, loss/train=2.050]Epoch 0:  53%|█████▎    | 3308/6208 [09:20<08:10,  5.91it/s, v_num=t-12, loss/train=1.660]Epoch 0:  53%|█████▎    | 3309/6208 [09:20<08:10,  5.91it/s, v_num=t-12, loss/train=1.660]Epoch 0:  53%|█████▎    | 3309/6208 [09:20<08:10,  5.91it/s, v_num=t-12, loss/train=1.080]Epoch 0:  53%|█████▎    | 3310/6208 [09:20<08:10,  5.91it/s, v_num=t-12, loss/train=1.080]Epoch 0:  53%|█████▎    | 3310/6208 [09:20<08:10,  5.91it/s, v_num=t-12, loss/train=2.380]Epoch 0:  53%|█████▎    | 3311/6208 [09:20<08:10,  5.91it/s, v_num=t-12, loss/train=2.380]Epoch 0:  53%|█████▎    | 3311/6208 [09:20<08:10,  5.91it/s, v_num=t-12, loss/train=0.729]Epoch 0:  53%|█████▎    | 3312/6208 [09:20<08:10,  5.91it/s, v_num=t-12, loss/train=0.729]Epoch 0:  53%|█████▎    | 3312/6208 [09:20<08:10,  5.91it/s, v_num=t-12, loss/train=1.840]Epoch 0:  53%|█████▎    | 3313/6208 [09:20<08:10,  5.91it/s, v_num=t-12, loss/train=1.840]Epoch 0:  53%|█████▎    | 3313/6208 [09:20<08:10,  5.91it/s, v_num=t-12, loss/train=2.040]Epoch 0:  53%|█████▎    | 3314/6208 [09:20<08:09,  5.91it/s, v_num=t-12, loss/train=2.040]Epoch 0:  53%|█████▎    | 3314/6208 [09:20<08:09,  5.91it/s, v_num=t-12, loss/train=2.200]Epoch 0:  53%|█████▎    | 3315/6208 [09:21<08:09,  5.91it/s, v_num=t-12, loss/train=2.200]Epoch 0:  53%|█████▎    | 3315/6208 [09:21<08:09,  5.91it/s, v_num=t-12, loss/train=1.230]Epoch 0:  53%|█████▎    | 3316/6208 [09:21<08:09,  5.91it/s, v_num=t-12, loss/train=1.230]Epoch 0:  53%|█████▎    | 3316/6208 [09:21<08:09,  5.91it/s, v_num=t-12, loss/train=1.920]Epoch 0:  53%|█████▎    | 3317/6208 [09:21<08:09,  5.91it/s, v_num=t-12, loss/train=1.920]Epoch 0:  53%|█████▎    | 3317/6208 [09:21<08:09,  5.91it/s, v_num=t-12, loss/train=1.700]Epoch 0:  53%|█████▎    | 3318/6208 [09:21<08:09,  5.91it/s, v_num=t-12, loss/train=1.700]Epoch 0:  53%|█████▎    | 3318/6208 [09:21<08:09,  5.91it/s, v_num=t-12, loss/train=1.900]Epoch 0:  53%|█████▎    | 3319/6208 [09:21<08:08,  5.91it/s, v_num=t-12, loss/train=1.900]Epoch 0:  53%|█████▎    | 3319/6208 [09:21<08:08,  5.91it/s, v_num=t-12, loss/train=1.790]Epoch 0:  53%|█████▎    | 3320/6208 [09:21<08:08,  5.91it/s, v_num=t-12, loss/train=1.790]Epoch 0:  53%|█████▎    | 3320/6208 [09:21<08:08,  5.91it/s, v_num=t-12, loss/train=1.500]Epoch 0:  53%|█████▎    | 3321/6208 [09:22<08:08,  5.91it/s, v_num=t-12, loss/train=1.500]Epoch 0:  53%|█████▎    | 3321/6208 [09:22<08:08,  5.91it/s, v_num=t-12, loss/train=1.290]Epoch 0:  54%|█████▎    | 3322/6208 [09:22<08:08,  5.91it/s, v_num=t-12, loss/train=1.290]Epoch 0:  54%|█████▎    | 3322/6208 [09:22<08:08,  5.91it/s, v_num=t-12, loss/train=3.230]Epoch 0:  54%|█████▎    | 3323/6208 [09:22<08:08,  5.91it/s, v_num=t-12, loss/train=3.230]Epoch 0:  54%|█████▎    | 3323/6208 [09:22<08:08,  5.91it/s, v_num=t-12, loss/train=2.410]Epoch 0:  54%|█████▎    | 3324/6208 [09:22<08:08,  5.91it/s, v_num=t-12, loss/train=2.410]Epoch 0:  54%|█████▎    | 3324/6208 [09:22<08:08,  5.91it/s, v_num=t-12, loss/train=1.570]Epoch 0:  54%|█████▎    | 3325/6208 [09:22<08:07,  5.91it/s, v_num=t-12, loss/train=1.570]Epoch 0:  54%|█████▎    | 3325/6208 [09:22<08:07,  5.91it/s, v_num=t-12, loss/train=1.840]Epoch 0:  54%|█████▎    | 3326/6208 [09:22<08:07,  5.91it/s, v_num=t-12, loss/train=1.840]Epoch 0:  54%|█████▎    | 3326/6208 [09:22<08:07,  5.91it/s, v_num=t-12, loss/train=1.040]Epoch 0:  54%|█████▎    | 3327/6208 [09:22<08:07,  5.91it/s, v_num=t-12, loss/train=1.040]Epoch 0:  54%|█████▎    | 3327/6208 [09:22<08:07,  5.91it/s, v_num=t-12, loss/train=2.310]Epoch 0:  54%|█████▎    | 3328/6208 [09:23<08:07,  5.91it/s, v_num=t-12, loss/train=2.310]Epoch 0:  54%|█████▎    | 3328/6208 [09:23<08:07,  5.91it/s, v_num=t-12, loss/train=1.430]Epoch 0:  54%|█████▎    | 3329/6208 [09:23<08:07,  5.91it/s, v_num=t-12, loss/train=1.430]Epoch 0:  54%|█████▎    | 3329/6208 [09:23<08:07,  5.91it/s, v_num=t-12, loss/train=2.420]Epoch 0:  54%|█████▎    | 3330/6208 [09:23<08:06,  5.91it/s, v_num=t-12, loss/train=2.420]Epoch 0:  54%|█████▎    | 3330/6208 [09:23<08:07,  5.91it/s, v_num=t-12, loss/train=1.390]Epoch 0:  54%|█████▎    | 3331/6208 [09:23<08:06,  5.91it/s, v_num=t-12, loss/train=1.390]Epoch 0:  54%|█████▎    | 3331/6208 [09:23<08:06,  5.91it/s, v_num=t-12, loss/train=0.635]Epoch 0:  54%|█████▎    | 3332/6208 [09:23<08:06,  5.91it/s, v_num=t-12, loss/train=0.635]Epoch 0:  54%|█████▎    | 3332/6208 [09:23<08:06,  5.91it/s, v_num=t-12, loss/train=0.808]Epoch 0:  54%|█████▎    | 3333/6208 [09:23<08:06,  5.91it/s, v_num=t-12, loss/train=0.808]Epoch 0:  54%|█████▎    | 3333/6208 [09:24<08:06,  5.91it/s, v_num=t-12, loss/train=1.760]Epoch 0:  54%|█████▎    | 3334/6208 [09:24<08:06,  5.91it/s, v_num=t-12, loss/train=1.760]Epoch 0:  54%|█████▎    | 3334/6208 [09:24<08:06,  5.91it/s, v_num=t-12, loss/train=1.740]Epoch 0:  54%|█████▎    | 3335/6208 [09:24<08:06,  5.91it/s, v_num=t-12, loss/train=1.740]Epoch 0:  54%|█████▎    | 3335/6208 [09:24<08:06,  5.91it/s, v_num=t-12, loss/train=1.160]Epoch 0:  54%|█████▎    | 3336/6208 [09:24<08:05,  5.91it/s, v_num=t-12, loss/train=1.160]Epoch 0:  54%|█████▎    | 3336/6208 [09:24<08:06,  5.91it/s, v_num=t-12, loss/train=1.510]Epoch 0:  54%|█████▍    | 3337/6208 [09:24<08:05,  5.91it/s, v_num=t-12, loss/train=1.510]Epoch 0:  54%|█████▍    | 3337/6208 [09:24<08:05,  5.91it/s, v_num=t-12, loss/train=0.833]Epoch 0:  54%|█████▍    | 3338/6208 [09:24<08:05,  5.91it/s, v_num=t-12, loss/train=0.833]Epoch 0:  54%|█████▍    | 3338/6208 [09:24<08:05,  5.91it/s, v_num=t-12, loss/train=3.230]Epoch 0:  54%|█████▍    | 3339/6208 [09:25<08:05,  5.91it/s, v_num=t-12, loss/train=3.230]Epoch 0:  54%|█████▍    | 3339/6208 [09:25<08:05,  5.91it/s, v_num=t-12, loss/train=2.240]Epoch 0:  54%|█████▍    | 3340/6208 [09:25<08:05,  5.91it/s, v_num=t-12, loss/train=2.240]Epoch 0:  54%|█████▍    | 3340/6208 [09:25<08:05,  5.91it/s, v_num=t-12, loss/train=1.470]Epoch 0:  54%|█████▍    | 3341/6208 [09:25<08:05,  5.91it/s, v_num=t-12, loss/train=1.470]Epoch 0:  54%|█████▍    | 3341/6208 [09:25<08:05,  5.91it/s, v_num=t-12, loss/train=1.840]Epoch 0:  54%|█████▍    | 3342/6208 [09:25<08:05,  5.91it/s, v_num=t-12, loss/train=1.840]Epoch 0:  54%|█████▍    | 3342/6208 [09:25<08:05,  5.91it/s, v_num=t-12, loss/train=1.250]Epoch 0:  54%|█████▍    | 3343/6208 [09:25<08:04,  5.91it/s, v_num=t-12, loss/train=1.250]Epoch 0:  54%|█████▍    | 3343/6208 [09:25<08:04,  5.91it/s, v_num=t-12, loss/train=1.700]Epoch 0:  54%|█████▍    | 3344/6208 [09:25<08:04,  5.91it/s, v_num=t-12, loss/train=1.700]Epoch 0:  54%|█████▍    | 3344/6208 [09:25<08:04,  5.91it/s, v_num=t-12, loss/train=1.480]Epoch 0:  54%|█████▍    | 3345/6208 [09:26<08:04,  5.91it/s, v_num=t-12, loss/train=1.480]Epoch 0:  54%|█████▍    | 3345/6208 [09:26<08:04,  5.91it/s, v_num=t-12, loss/train=1.920]Epoch 0:  54%|█████▍    | 3346/6208 [09:26<08:04,  5.91it/s, v_num=t-12, loss/train=1.920]Epoch 0:  54%|█████▍    | 3346/6208 [09:26<08:04,  5.91it/s, v_num=t-12, loss/train=0.854]Epoch 0:  54%|█████▍    | 3347/6208 [09:26<08:04,  5.91it/s, v_num=t-12, loss/train=0.854]Epoch 0:  54%|█████▍    | 3347/6208 [09:26<08:04,  5.91it/s, v_num=t-12, loss/train=1.970]Epoch 0:  54%|█████▍    | 3348/6208 [09:26<08:03,  5.91it/s, v_num=t-12, loss/train=1.970]Epoch 0:  54%|█████▍    | 3348/6208 [09:26<08:03,  5.91it/s, v_num=t-12, loss/train=1.560]Epoch 0:  54%|█████▍    | 3349/6208 [09:26<08:03,  5.91it/s, v_num=t-12, loss/train=1.560]Epoch 0:  54%|█████▍    | 3349/6208 [09:26<08:03,  5.91it/s, v_num=t-12, loss/train=1.160]Epoch 0:  54%|█████▍    | 3350/6208 [09:26<08:03,  5.91it/s, v_num=t-12, loss/train=1.160]Epoch 0:  54%|█████▍    | 3350/6208 [09:26<08:03,  5.91it/s, v_num=t-12, loss/train=2.310]Epoch 0:  54%|█████▍    | 3351/6208 [09:27<08:03,  5.91it/s, v_num=t-12, loss/train=2.310]Epoch 0:  54%|█████▍    | 3351/6208 [09:27<08:03,  5.91it/s, v_num=t-12, loss/train=1.460]Epoch 0:  54%|█████▍    | 3352/6208 [09:27<08:03,  5.91it/s, v_num=t-12, loss/train=1.460]Epoch 0:  54%|█████▍    | 3352/6208 [09:27<08:03,  5.91it/s, v_num=t-12, loss/train=1.520]Epoch 0:  54%|█████▍    | 3353/6208 [09:27<08:03,  5.91it/s, v_num=t-12, loss/train=1.520]Epoch 0:  54%|█████▍    | 3353/6208 [09:27<08:03,  5.91it/s, v_num=t-12, loss/train=1.790]Epoch 0:  54%|█████▍    | 3354/6208 [09:27<08:02,  5.91it/s, v_num=t-12, loss/train=1.790]Epoch 0:  54%|█████▍    | 3354/6208 [09:27<08:02,  5.91it/s, v_num=t-12, loss/train=1.100]Epoch 0:  54%|█████▍    | 3355/6208 [09:27<08:02,  5.91it/s, v_num=t-12, loss/train=1.100]Epoch 0:  54%|█████▍    | 3355/6208 [09:27<08:02,  5.91it/s, v_num=t-12, loss/train=2.150]Epoch 0:  54%|█████▍    | 3356/6208 [09:27<08:02,  5.91it/s, v_num=t-12, loss/train=2.150]Epoch 0:  54%|█████▍    | 3356/6208 [09:27<08:02,  5.91it/s, v_num=t-12, loss/train=1.200]Epoch 0:  54%|█████▍    | 3357/6208 [09:27<08:02,  5.91it/s, v_num=t-12, loss/train=1.200]Epoch 0:  54%|█████▍    | 3357/6208 [09:27<08:02,  5.91it/s, v_num=t-12, loss/train=1.900]Epoch 0:  54%|█████▍    | 3358/6208 [09:28<08:02,  5.91it/s, v_num=t-12, loss/train=1.900]Epoch 0:  54%|█████▍    | 3358/6208 [09:28<08:02,  5.91it/s, v_num=t-12, loss/train=1.990]Epoch 0:  54%|█████▍    | 3359/6208 [09:28<08:02,  5.91it/s, v_num=t-12, loss/train=1.990]Epoch 0:  54%|█████▍    | 3359/6208 [09:28<08:02,  5.91it/s, v_num=t-12, loss/train=1.630]Epoch 0:  54%|█████▍    | 3360/6208 [09:28<08:01,  5.91it/s, v_num=t-12, loss/train=1.630]Epoch 0:  54%|█████▍    | 3360/6208 [09:28<08:01,  5.91it/s, v_num=t-12, loss/train=2.190]Epoch 0:  54%|█████▍    | 3361/6208 [09:28<08:01,  5.91it/s, v_num=t-12, loss/train=2.190]Epoch 0:  54%|█████▍    | 3361/6208 [09:28<08:01,  5.91it/s, v_num=t-12, loss/train=1.600]Epoch 0:  54%|█████▍    | 3362/6208 [09:28<08:01,  5.91it/s, v_num=t-12, loss/train=1.600]Epoch 0:  54%|█████▍    | 3362/6208 [09:28<08:01,  5.91it/s, v_num=t-12, loss/train=1.480]Epoch 0:  54%|█████▍    | 3363/6208 [09:28<08:01,  5.91it/s, v_num=t-12, loss/train=1.480]Epoch 0:  54%|█████▍    | 3363/6208 [09:28<08:01,  5.91it/s, v_num=t-12, loss/train=1.470]Epoch 0:  54%|█████▍    | 3364/6208 [09:29<08:01,  5.91it/s, v_num=t-12, loss/train=1.470]Epoch 0:  54%|█████▍    | 3364/6208 [09:29<08:01,  5.91it/s, v_num=t-12, loss/train=1.360]Epoch 0:  54%|█████▍    | 3365/6208 [09:29<08:00,  5.91it/s, v_num=t-12, loss/train=1.360]Epoch 0:  54%|█████▍    | 3365/6208 [09:29<08:00,  5.91it/s, v_num=t-12, loss/train=1.490]Epoch 0:  54%|█████▍    | 3366/6208 [09:29<08:00,  5.91it/s, v_num=t-12, loss/train=1.490]Epoch 0:  54%|█████▍    | 3366/6208 [09:29<08:00,  5.91it/s, v_num=t-12, loss/train=1.660]Epoch 0:  54%|█████▍    | 3367/6208 [09:29<08:00,  5.91it/s, v_num=t-12, loss/train=1.660]Epoch 0:  54%|█████▍    | 3367/6208 [09:29<08:00,  5.91it/s, v_num=t-12, loss/train=1.220]Epoch 0:  54%|█████▍    | 3368/6208 [09:29<08:00,  5.91it/s, v_num=t-12, loss/train=1.220]Epoch 0:  54%|█████▍    | 3368/6208 [09:29<08:00,  5.91it/s, v_num=t-12, loss/train=1.920]Epoch 0:  54%|█████▍    | 3369/6208 [09:29<08:00,  5.91it/s, v_num=t-12, loss/train=1.920]Epoch 0:  54%|█████▍    | 3369/6208 [09:29<08:00,  5.91it/s, v_num=t-12, loss/train=2.450]Epoch 0:  54%|█████▍    | 3370/6208 [09:30<08:00,  5.91it/s, v_num=t-12, loss/train=2.450]Epoch 0:  54%|█████▍    | 3370/6208 [09:30<08:00,  5.91it/s, v_num=t-12, loss/train=2.280]Epoch 0:  54%|█████▍    | 3371/6208 [09:30<07:59,  5.91it/s, v_num=t-12, loss/train=2.280]Epoch 0:  54%|█████▍    | 3371/6208 [09:30<07:59,  5.91it/s, v_num=t-12, loss/train=0.696]Epoch 0:  54%|█████▍    | 3372/6208 [09:30<07:59,  5.91it/s, v_num=t-12, loss/train=0.696]Epoch 0:  54%|█████▍    | 3372/6208 [09:30<07:59,  5.91it/s, v_num=t-12, loss/train=2.380]Epoch 0:  54%|█████▍    | 3373/6208 [09:30<07:59,  5.91it/s, v_num=t-12, loss/train=2.380]Epoch 0:  54%|█████▍    | 3373/6208 [09:30<07:59,  5.91it/s, v_num=t-12, loss/train=0.528]Epoch 0:  54%|█████▍    | 3374/6208 [09:30<07:59,  5.91it/s, v_num=t-12, loss/train=0.528]Epoch 0:  54%|█████▍    | 3374/6208 [09:30<07:59,  5.91it/s, v_num=t-12, loss/train=2.270]Epoch 0:  54%|█████▍    | 3375/6208 [09:30<07:59,  5.91it/s, v_num=t-12, loss/train=2.270]Epoch 0:  54%|█████▍    | 3375/6208 [09:30<07:59,  5.91it/s, v_num=t-12, loss/train=1.630]Epoch 0:  54%|█████▍    | 3376/6208 [09:30<07:58,  5.91it/s, v_num=t-12, loss/train=1.630]Epoch 0:  54%|█████▍    | 3376/6208 [09:30<07:58,  5.91it/s, v_num=t-12, loss/train=1.820]Epoch 0:  54%|█████▍    | 3377/6208 [09:31<07:58,  5.91it/s, v_num=t-12, loss/train=1.820]Epoch 0:  54%|█████▍    | 3377/6208 [09:31<07:58,  5.91it/s, v_num=t-12, loss/train=0.715]Epoch 0:  54%|█████▍    | 3378/6208 [09:31<07:58,  5.91it/s, v_num=t-12, loss/train=0.715]Epoch 0:  54%|█████▍    | 3378/6208 [09:31<07:58,  5.91it/s, v_num=t-12, loss/train=1.740]Epoch 0:  54%|█████▍    | 3379/6208 [09:31<07:58,  5.91it/s, v_num=t-12, loss/train=1.740]Epoch 0:  54%|█████▍    | 3379/6208 [09:31<07:58,  5.91it/s, v_num=t-12, loss/train=2.020]Epoch 0:  54%|█████▍    | 3380/6208 [09:31<07:58,  5.91it/s, v_num=t-12, loss/train=2.020]Epoch 0:  54%|█████▍    | 3380/6208 [09:31<07:58,  5.91it/s, v_num=t-12, loss/train=1.880]Epoch 0:  54%|█████▍    | 3381/6208 [09:31<07:58,  5.91it/s, v_num=t-12, loss/train=1.880]Epoch 0:  54%|█████▍    | 3381/6208 [09:31<07:58,  5.91it/s, v_num=t-12, loss/train=1.490]Epoch 0:  54%|█████▍    | 3382/6208 [09:31<07:57,  5.91it/s, v_num=t-12, loss/train=1.490]Epoch 0:  54%|█████▍    | 3382/6208 [09:31<07:57,  5.91it/s, v_num=t-12, loss/train=0.927]Epoch 0:  54%|█████▍    | 3383/6208 [09:32<07:57,  5.91it/s, v_num=t-12, loss/train=0.927]Epoch 0:  54%|█████▍    | 3383/6208 [09:32<07:57,  5.91it/s, v_num=t-12, loss/train=1.590]Epoch 0:  55%|█████▍    | 3384/6208 [09:32<07:57,  5.91it/s, v_num=t-12, loss/train=1.590]Epoch 0:  55%|█████▍    | 3384/6208 [09:32<07:57,  5.91it/s, v_num=t-12, loss/train=0.717]Epoch 0:  55%|█████▍    | 3385/6208 [09:32<07:57,  5.91it/s, v_num=t-12, loss/train=0.717]Epoch 0:  55%|█████▍    | 3385/6208 [09:32<07:57,  5.91it/s, v_num=t-12, loss/train=1.380]Epoch 0:  55%|█████▍    | 3386/6208 [09:32<07:57,  5.91it/s, v_num=t-12, loss/train=1.380]Epoch 0:  55%|█████▍    | 3386/6208 [09:32<07:57,  5.91it/s, v_num=t-12, loss/train=1.940]Epoch 0:  55%|█████▍    | 3387/6208 [09:32<07:57,  5.91it/s, v_num=t-12, loss/train=1.940]Epoch 0:  55%|█████▍    | 3387/6208 [09:32<07:57,  5.91it/s, v_num=t-12, loss/train=2.950]Epoch 0:  55%|█████▍    | 3388/6208 [09:32<07:56,  5.91it/s, v_num=t-12, loss/train=2.950]Epoch 0:  55%|█████▍    | 3388/6208 [09:32<07:56,  5.91it/s, v_num=t-12, loss/train=2.040]Epoch 0:  55%|█████▍    | 3389/6208 [09:33<07:56,  5.91it/s, v_num=t-12, loss/train=2.040]Epoch 0:  55%|█████▍    | 3389/6208 [09:33<07:56,  5.91it/s, v_num=t-12, loss/train=1.260]Epoch 0:  55%|█████▍    | 3390/6208 [09:33<07:56,  5.91it/s, v_num=t-12, loss/train=1.260]Epoch 0:  55%|█████▍    | 3390/6208 [09:33<07:56,  5.91it/s, v_num=t-12, loss/train=2.030]Epoch 0:  55%|█████▍    | 3391/6208 [09:33<07:56,  5.91it/s, v_num=t-12, loss/train=2.030]Epoch 0:  55%|█████▍    | 3391/6208 [09:33<07:56,  5.91it/s, v_num=t-12, loss/train=1.860]Epoch 0:  55%|█████▍    | 3392/6208 [09:33<07:56,  5.91it/s, v_num=t-12, loss/train=1.860]Epoch 0:  55%|█████▍    | 3392/6208 [09:33<07:56,  5.91it/s, v_num=t-12, loss/train=1.400]Epoch 0:  55%|█████▍    | 3393/6208 [09:33<07:55,  5.91it/s, v_num=t-12, loss/train=1.400]Epoch 0:  55%|█████▍    | 3393/6208 [09:33<07:55,  5.91it/s, v_num=t-12, loss/train=1.860]Epoch 0:  55%|█████▍    | 3394/6208 [09:33<07:55,  5.91it/s, v_num=t-12, loss/train=1.860]Epoch 0:  55%|█████▍    | 3394/6208 [09:33<07:55,  5.91it/s, v_num=t-12, loss/train=1.510]Epoch 0:  55%|█████▍    | 3395/6208 [09:34<07:55,  5.91it/s, v_num=t-12, loss/train=1.510]Epoch 0:  55%|█████▍    | 3395/6208 [09:34<07:55,  5.91it/s, v_num=t-12, loss/train=1.160]Epoch 0:  55%|█████▍    | 3396/6208 [09:34<07:55,  5.91it/s, v_num=t-12, loss/train=1.160]Epoch 0:  55%|█████▍    | 3396/6208 [09:34<07:55,  5.91it/s, v_num=t-12, loss/train=0.604]Epoch 0:  55%|█████▍    | 3397/6208 [09:34<07:55,  5.91it/s, v_num=t-12, loss/train=0.604]Epoch 0:  55%|█████▍    | 3397/6208 [09:34<07:55,  5.91it/s, v_num=t-12, loss/train=1.070]Epoch 0:  55%|█████▍    | 3398/6208 [09:34<07:55,  5.91it/s, v_num=t-12, loss/train=1.070]Epoch 0:  55%|█████▍    | 3398/6208 [09:34<07:55,  5.91it/s, v_num=t-12, loss/train=2.560]Epoch 0:  55%|█████▍    | 3399/6208 [09:34<07:55,  5.91it/s, v_num=t-12, loss/train=2.560]Epoch 0:  55%|█████▍    | 3399/6208 [09:34<07:55,  5.91it/s, v_num=t-12, loss/train=1.370]Epoch 0:  55%|█████▍    | 3400/6208 [09:34<07:54,  5.91it/s, v_num=t-12, loss/train=1.370]Epoch 0:  55%|█████▍    | 3400/6208 [09:34<07:54,  5.91it/s, v_num=t-12, loss/train=1.740]Epoch 0:  55%|█████▍    | 3401/6208 [09:35<07:54,  5.91it/s, v_num=t-12, loss/train=1.740]Epoch 0:  55%|█████▍    | 3401/6208 [09:35<07:54,  5.91it/s, v_num=t-12, loss/train=2.050]Epoch 0:  55%|█████▍    | 3402/6208 [09:35<07:54,  5.91it/s, v_num=t-12, loss/train=2.050]Epoch 0:  55%|█████▍    | 3402/6208 [09:35<07:54,  5.91it/s, v_num=t-12, loss/train=2.210]Epoch 0:  55%|█████▍    | 3403/6208 [09:35<07:54,  5.91it/s, v_num=t-12, loss/train=2.210]Epoch 0:  55%|█████▍    | 3403/6208 [09:35<07:54,  5.91it/s, v_num=t-12, loss/train=0.888]Epoch 0:  55%|█████▍    | 3404/6208 [09:35<07:54,  5.91it/s, v_num=t-12, loss/train=0.888]Epoch 0:  55%|█████▍    | 3404/6208 [09:35<07:54,  5.91it/s, v_num=t-12, loss/train=1.900]Epoch 0:  55%|█████▍    | 3405/6208 [09:35<07:53,  5.91it/s, v_num=t-12, loss/train=1.900]Epoch 0:  55%|█████▍    | 3405/6208 [09:35<07:53,  5.91it/s, v_num=t-12, loss/train=1.410]Epoch 0:  55%|█████▍    | 3406/6208 [09:35<07:53,  5.91it/s, v_num=t-12, loss/train=1.410]Epoch 0:  55%|█████▍    | 3406/6208 [09:35<07:53,  5.91it/s, v_num=t-12, loss/train=1.630]Epoch 0:  55%|█████▍    | 3407/6208 [09:36<07:53,  5.91it/s, v_num=t-12, loss/train=1.630]Epoch 0:  55%|█████▍    | 3407/6208 [09:36<07:53,  5.91it/s, v_num=t-12, loss/train=2.030]Epoch 0:  55%|█████▍    | 3408/6208 [09:36<07:53,  5.91it/s, v_num=t-12, loss/train=2.030]Epoch 0:  55%|█████▍    | 3408/6208 [09:36<07:53,  5.91it/s, v_num=t-12, loss/train=1.600]Epoch 0:  55%|█████▍    | 3409/6208 [09:36<07:53,  5.91it/s, v_num=t-12, loss/train=1.600]Epoch 0:  55%|█████▍    | 3409/6208 [09:36<07:53,  5.91it/s, v_num=t-12, loss/train=1.460]Epoch 0:  55%|█████▍    | 3410/6208 [09:36<07:53,  5.91it/s, v_num=t-12, loss/train=1.460]Epoch 0:  55%|█████▍    | 3410/6208 [09:36<07:53,  5.91it/s, v_num=t-12, loss/train=1.510]Epoch 0:  55%|█████▍    | 3411/6208 [09:36<07:53,  5.91it/s, v_num=t-12, loss/train=1.510]Epoch 0:  55%|█████▍    | 3411/6208 [09:36<07:53,  5.91it/s, v_num=t-12, loss/train=0.513]Epoch 0:  55%|█████▍    | 3412/6208 [09:37<07:53,  5.91it/s, v_num=t-12, loss/train=0.513]Epoch 0:  55%|█████▍    | 3412/6208 [09:37<07:53,  5.91it/s, v_num=t-12, loss/train=2.280]Epoch 0:  55%|█████▍    | 3413/6208 [09:37<07:52,  5.91it/s, v_num=t-12, loss/train=2.280]Epoch 0:  55%|█████▍    | 3413/6208 [09:37<07:52,  5.91it/s, v_num=t-12, loss/train=2.200]Epoch 0:  55%|█████▍    | 3414/6208 [09:37<07:52,  5.91it/s, v_num=t-12, loss/train=2.200]Epoch 0:  55%|█████▍    | 3414/6208 [09:37<07:52,  5.91it/s, v_num=t-12, loss/train=0.504]Epoch 0:  55%|█████▌    | 3415/6208 [09:37<07:52,  5.91it/s, v_num=t-12, loss/train=0.504]Epoch 0:  55%|█████▌    | 3415/6208 [09:37<07:52,  5.91it/s, v_num=t-12, loss/train=2.080]Epoch 0:  55%|█████▌    | 3416/6208 [09:37<07:52,  5.91it/s, v_num=t-12, loss/train=2.080]Epoch 0:  55%|█████▌    | 3416/6208 [09:37<07:52,  5.91it/s, v_num=t-12, loss/train=0.870]Epoch 0:  55%|█████▌    | 3417/6208 [09:38<07:52,  5.91it/s, v_num=t-12, loss/train=0.870]Epoch 0:  55%|█████▌    | 3417/6208 [09:38<07:52,  5.91it/s, v_num=t-12, loss/train=1.060]Epoch 0:  55%|█████▌    | 3418/6208 [09:38<07:52,  5.91it/s, v_num=t-12, loss/train=1.060]Epoch 0:  55%|█████▌    | 3418/6208 [09:38<07:52,  5.91it/s, v_num=t-12, loss/train=1.100]Epoch 0:  55%|█████▌    | 3419/6208 [09:38<07:51,  5.91it/s, v_num=t-12, loss/train=1.100]Epoch 0:  55%|█████▌    | 3419/6208 [09:38<07:51,  5.91it/s, v_num=t-12, loss/train=1.830]Epoch 0:  55%|█████▌    | 3420/6208 [09:38<07:51,  5.91it/s, v_num=t-12, loss/train=1.830]Epoch 0:  55%|█████▌    | 3420/6208 [09:38<07:51,  5.91it/s, v_num=t-12, loss/train=1.540]Epoch 0:  55%|█████▌    | 3421/6208 [09:38<07:51,  5.91it/s, v_num=t-12, loss/train=1.540]Epoch 0:  55%|█████▌    | 3421/6208 [09:38<07:51,  5.91it/s, v_num=t-12, loss/train=2.530]Epoch 0:  55%|█████▌    | 3422/6208 [09:38<07:51,  5.91it/s, v_num=t-12, loss/train=2.530]Epoch 0:  55%|█████▌    | 3422/6208 [09:38<07:51,  5.91it/s, v_num=t-12, loss/train=1.590]Epoch 0:  55%|█████▌    | 3423/6208 [09:39<07:51,  5.91it/s, v_num=t-12, loss/train=1.590]Epoch 0:  55%|█████▌    | 3423/6208 [09:39<07:51,  5.91it/s, v_num=t-12, loss/train=1.440]Epoch 0:  55%|█████▌    | 3424/6208 [09:39<07:51,  5.91it/s, v_num=t-12, loss/train=1.440]Epoch 0:  55%|█████▌    | 3424/6208 [09:39<07:51,  5.91it/s, v_num=t-12, loss/train=2.180]Epoch 0:  55%|█████▌    | 3425/6208 [09:39<07:50,  5.91it/s, v_num=t-12, loss/train=2.180]Epoch 0:  55%|█████▌    | 3425/6208 [09:39<07:50,  5.91it/s, v_num=t-12, loss/train=1.930]Epoch 0:  55%|█████▌    | 3426/6208 [09:39<07:50,  5.91it/s, v_num=t-12, loss/train=1.930]Epoch 0:  55%|█████▌    | 3426/6208 [09:39<07:50,  5.91it/s, v_num=t-12, loss/train=0.890]Epoch 0:  55%|█████▌    | 3427/6208 [09:39<07:50,  5.91it/s, v_num=t-12, loss/train=0.890]Epoch 0:  55%|█████▌    | 3427/6208 [09:39<07:50,  5.91it/s, v_num=t-12, loss/train=1.540]Epoch 0:  55%|█████▌    | 3428/6208 [09:39<07:50,  5.91it/s, v_num=t-12, loss/train=1.540]Epoch 0:  55%|█████▌    | 3428/6208 [09:39<07:50,  5.91it/s, v_num=t-12, loss/train=1.740]Epoch 0:  55%|█████▌    | 3429/6208 [09:40<07:50,  5.91it/s, v_num=t-12, loss/train=1.740]Epoch 0:  55%|█████▌    | 3429/6208 [09:40<07:50,  5.91it/s, v_num=t-12, loss/train=3.730]Epoch 0:  55%|█████▌    | 3430/6208 [09:40<07:49,  5.91it/s, v_num=t-12, loss/train=3.730]Epoch 0:  55%|█████▌    | 3430/6208 [09:40<07:49,  5.91it/s, v_num=t-12, loss/train=1.850]Epoch 0:  55%|█████▌    | 3431/6208 [09:40<07:49,  5.91it/s, v_num=t-12, loss/train=1.850]Epoch 0:  55%|█████▌    | 3431/6208 [09:40<07:49,  5.91it/s, v_num=t-12, loss/train=1.840]Epoch 0:  55%|█████▌    | 3432/6208 [09:40<07:49,  5.91it/s, v_num=t-12, loss/train=1.840]Epoch 0:  55%|█████▌    | 3432/6208 [09:40<07:49,  5.91it/s, v_num=t-12, loss/train=2.160]Epoch 0:  55%|█████▌    | 3433/6208 [09:40<07:49,  5.91it/s, v_num=t-12, loss/train=2.160]Epoch 0:  55%|█████▌    | 3433/6208 [09:40<07:49,  5.91it/s, v_num=t-12, loss/train=0.991]Epoch 0:  55%|█████▌    | 3434/6208 [09:40<07:49,  5.91it/s, v_num=t-12, loss/train=0.991]Epoch 0:  55%|█████▌    | 3434/6208 [09:40<07:49,  5.91it/s, v_num=t-12, loss/train=2.210]Epoch 0:  55%|█████▌    | 3435/6208 [09:41<07:49,  5.91it/s, v_num=t-12, loss/train=2.210]Epoch 0:  55%|█████▌    | 3435/6208 [09:41<07:49,  5.91it/s, v_num=t-12, loss/train=1.410]Epoch 0:  55%|█████▌    | 3436/6208 [09:41<07:48,  5.91it/s, v_num=t-12, loss/train=1.410]Epoch 0:  55%|█████▌    | 3436/6208 [09:41<07:48,  5.91it/s, v_num=t-12, loss/train=3.520]Epoch 0:  55%|█████▌    | 3437/6208 [09:41<07:48,  5.91it/s, v_num=t-12, loss/train=3.520]Epoch 0:  55%|█████▌    | 3437/6208 [09:41<07:48,  5.91it/s, v_num=t-12, loss/train=1.390]Epoch 0:  55%|█████▌    | 3438/6208 [09:41<07:48,  5.91it/s, v_num=t-12, loss/train=1.390]Epoch 0:  55%|█████▌    | 3438/6208 [09:41<07:48,  5.91it/s, v_num=t-12, loss/train=1.730]Epoch 0:  55%|█████▌    | 3439/6208 [09:41<07:48,  5.91it/s, v_num=t-12, loss/train=1.730]Epoch 0:  55%|█████▌    | 3439/6208 [09:41<07:48,  5.91it/s, v_num=t-12, loss/train=0.858]Epoch 0:  55%|█████▌    | 3440/6208 [09:41<07:48,  5.91it/s, v_num=t-12, loss/train=0.858]Epoch 0:  55%|█████▌    | 3440/6208 [09:41<07:48,  5.91it/s, v_num=t-12, loss/train=1.740]Epoch 0:  55%|█████▌    | 3441/6208 [09:42<07:48,  5.91it/s, v_num=t-12, loss/train=1.740]Epoch 0:  55%|█████▌    | 3441/6208 [09:42<07:48,  5.91it/s, v_num=t-12, loss/train=1.880]Epoch 0:  55%|█████▌    | 3442/6208 [09:42<07:47,  5.91it/s, v_num=t-12, loss/train=1.880]Epoch 0:  55%|█████▌    | 3442/6208 [09:42<07:47,  5.91it/s, v_num=t-12, loss/train=1.730]Epoch 0:  55%|█████▌    | 3443/6208 [09:42<07:47,  5.91it/s, v_num=t-12, loss/train=1.730]Epoch 0:  55%|█████▌    | 3443/6208 [09:42<07:47,  5.91it/s, v_num=t-12, loss/train=1.290]Epoch 0:  55%|█████▌    | 3444/6208 [09:42<07:47,  5.91it/s, v_num=t-12, loss/train=1.290]Epoch 0:  55%|█████▌    | 3444/6208 [09:42<07:47,  5.91it/s, v_num=t-12, loss/train=2.260]Epoch 0:  55%|█████▌    | 3445/6208 [09:42<07:47,  5.91it/s, v_num=t-12, loss/train=2.260]Epoch 0:  55%|█████▌    | 3445/6208 [09:42<07:47,  5.91it/s, v_num=t-12, loss/train=2.000]Epoch 0:  56%|█████▌    | 3446/6208 [09:42<07:47,  5.91it/s, v_num=t-12, loss/train=2.000]Epoch 0:  56%|█████▌    | 3446/6208 [09:42<07:47,  5.91it/s, v_num=t-12, loss/train=2.240]Epoch 0:  56%|█████▌    | 3447/6208 [09:42<07:46,  5.91it/s, v_num=t-12, loss/train=2.240]Epoch 0:  56%|█████▌    | 3447/6208 [09:42<07:46,  5.91it/s, v_num=t-12, loss/train=1.730]Epoch 0:  56%|█████▌    | 3448/6208 [09:43<07:46,  5.91it/s, v_num=t-12, loss/train=1.730]Epoch 0:  56%|█████▌    | 3448/6208 [09:43<07:46,  5.91it/s, v_num=t-12, loss/train=1.700]Epoch 0:  56%|█████▌    | 3449/6208 [09:43<07:46,  5.91it/s, v_num=t-12, loss/train=1.700]Epoch 0:  56%|█████▌    | 3449/6208 [09:43<07:46,  5.91it/s, v_num=t-12, loss/train=1.950]Epoch 0:  56%|█████▌    | 3450/6208 [09:43<07:46,  5.91it/s, v_num=t-12, loss/train=1.950]Epoch 0:  56%|█████▌    | 3450/6208 [09:43<07:46,  5.91it/s, v_num=t-12, loss/train=2.550]Epoch 0:  56%|█████▌    | 3451/6208 [09:43<07:46,  5.91it/s, v_num=t-12, loss/train=2.550]Epoch 0:  56%|█████▌    | 3451/6208 [09:43<07:46,  5.91it/s, v_num=t-12, loss/train=2.390]Epoch 0:  56%|█████▌    | 3452/6208 [09:43<07:46,  5.91it/s, v_num=t-12, loss/train=2.390]Epoch 0:  56%|█████▌    | 3452/6208 [09:43<07:46,  5.91it/s, v_num=t-12, loss/train=1.280]Epoch 0:  56%|█████▌    | 3453/6208 [09:43<07:45,  5.91it/s, v_num=t-12, loss/train=1.280]Epoch 0:  56%|█████▌    | 3453/6208 [09:43<07:45,  5.91it/s, v_num=t-12, loss/train=0.757]Epoch 0:  56%|█████▌    | 3454/6208 [09:44<07:45,  5.91it/s, v_num=t-12, loss/train=0.757]Epoch 0:  56%|█████▌    | 3454/6208 [09:44<07:45,  5.91it/s, v_num=t-12, loss/train=1.250]Epoch 0:  56%|█████▌    | 3455/6208 [09:44<07:45,  5.91it/s, v_num=t-12, loss/train=1.250]Epoch 0:  56%|█████▌    | 3455/6208 [09:44<07:45,  5.91it/s, v_num=t-12, loss/train=0.726]Epoch 0:  56%|█████▌    | 3456/6208 [09:44<07:45,  5.91it/s, v_num=t-12, loss/train=0.726]Epoch 0:  56%|█████▌    | 3456/6208 [09:44<07:45,  5.91it/s, v_num=t-12, loss/train=1.590]Epoch 0:  56%|█████▌    | 3457/6208 [09:44<07:45,  5.91it/s, v_num=t-12, loss/train=1.590]Epoch 0:  56%|█████▌    | 3457/6208 [09:44<07:45,  5.91it/s, v_num=t-12, loss/train=1.160]Epoch 0:  56%|█████▌    | 3458/6208 [09:44<07:45,  5.91it/s, v_num=t-12, loss/train=1.160]Epoch 0:  56%|█████▌    | 3458/6208 [09:44<07:45,  5.91it/s, v_num=t-12, loss/train=2.220]Epoch 0:  56%|█████▌    | 3459/6208 [09:44<07:44,  5.91it/s, v_num=t-12, loss/train=2.220]Epoch 0:  56%|█████▌    | 3459/6208 [09:44<07:44,  5.91it/s, v_num=t-12, loss/train=1.400]Epoch 0:  56%|█████▌    | 3460/6208 [09:45<07:44,  5.91it/s, v_num=t-12, loss/train=1.400]Epoch 0:  56%|█████▌    | 3460/6208 [09:45<07:44,  5.91it/s, v_num=t-12, loss/train=1.580]Epoch 0:  56%|█████▌    | 3461/6208 [09:45<07:44,  5.91it/s, v_num=t-12, loss/train=1.580]Epoch 0:  56%|█████▌    | 3461/6208 [09:45<07:44,  5.91it/s, v_num=t-12, loss/train=1.820]Epoch 0:  56%|█████▌    | 3462/6208 [09:45<07:44,  5.91it/s, v_num=t-12, loss/train=1.820]Epoch 0:  56%|█████▌    | 3462/6208 [09:45<07:44,  5.91it/s, v_num=t-12, loss/train=1.660]Epoch 0:  56%|█████▌    | 3463/6208 [09:45<07:44,  5.91it/s, v_num=t-12, loss/train=1.660]Epoch 0:  56%|█████▌    | 3463/6208 [09:45<07:44,  5.91it/s, v_num=t-12, loss/train=1.200]Epoch 0:  56%|█████▌    | 3464/6208 [09:45<07:43,  5.91it/s, v_num=t-12, loss/train=1.200]Epoch 0:  56%|█████▌    | 3464/6208 [09:45<07:43,  5.91it/s, v_num=t-12, loss/train=1.090]Epoch 0:  56%|█████▌    | 3465/6208 [09:45<07:43,  5.91it/s, v_num=t-12, loss/train=1.090]Epoch 0:  56%|█████▌    | 3465/6208 [09:45<07:43,  5.91it/s, v_num=t-12, loss/train=1.210]Epoch 0:  56%|█████▌    | 3466/6208 [09:46<07:43,  5.91it/s, v_num=t-12, loss/train=1.210]Epoch 0:  56%|█████▌    | 3466/6208 [09:46<07:43,  5.91it/s, v_num=t-12, loss/train=1.000]Epoch 0:  56%|█████▌    | 3467/6208 [09:46<07:43,  5.91it/s, v_num=t-12, loss/train=1.000]Epoch 0:  56%|█████▌    | 3467/6208 [09:46<07:43,  5.91it/s, v_num=t-12, loss/train=1.800]Epoch 0:  56%|█████▌    | 3468/6208 [09:46<07:43,  5.91it/s, v_num=t-12, loss/train=1.800]Epoch 0:  56%|█████▌    | 3468/6208 [09:46<07:43,  5.91it/s, v_num=t-12, loss/train=1.080]Epoch 0:  56%|█████▌    | 3469/6208 [09:46<07:43,  5.91it/s, v_num=t-12, loss/train=1.080]Epoch 0:  56%|█████▌    | 3469/6208 [09:46<07:43,  5.91it/s, v_num=t-12, loss/train=1.410]Epoch 0:  56%|█████▌    | 3470/6208 [09:46<07:42,  5.91it/s, v_num=t-12, loss/train=1.410]Epoch 0:  56%|█████▌    | 3470/6208 [09:46<07:42,  5.91it/s, v_num=t-12, loss/train=1.060]Epoch 0:  56%|█████▌    | 3471/6208 [09:46<07:42,  5.91it/s, v_num=t-12, loss/train=1.060]Epoch 0:  56%|█████▌    | 3471/6208 [09:46<07:42,  5.91it/s, v_num=t-12, loss/train=1.380]Epoch 0:  56%|█████▌    | 3472/6208 [09:47<07:42,  5.91it/s, v_num=t-12, loss/train=1.380]Epoch 0:  56%|█████▌    | 3472/6208 [09:47<07:42,  5.91it/s, v_num=t-12, loss/train=2.240]Epoch 0:  56%|█████▌    | 3473/6208 [09:47<07:42,  5.91it/s, v_num=t-12, loss/train=2.240]Epoch 0:  56%|█████▌    | 3473/6208 [09:47<07:42,  5.91it/s, v_num=t-12, loss/train=1.130]Epoch 0:  56%|█████▌    | 3474/6208 [09:47<07:42,  5.91it/s, v_num=t-12, loss/train=1.130]Epoch 0:  56%|█████▌    | 3474/6208 [09:47<07:42,  5.91it/s, v_num=t-12, loss/train=1.800]Epoch 0:  56%|█████▌    | 3475/6208 [09:47<07:42,  5.91it/s, v_num=t-12, loss/train=1.800]Epoch 0:  56%|█████▌    | 3475/6208 [09:47<07:42,  5.91it/s, v_num=t-12, loss/train=3.200]Epoch 0:  56%|█████▌    | 3476/6208 [09:48<07:42,  5.91it/s, v_num=t-12, loss/train=3.200]Epoch 0:  56%|█████▌    | 3476/6208 [09:48<07:42,  5.91it/s, v_num=t-12, loss/train=0.988]Epoch 0:  56%|█████▌    | 3477/6208 [09:48<07:42,  5.91it/s, v_num=t-12, loss/train=0.988]Epoch 0:  56%|█████▌    | 3477/6208 [09:48<07:42,  5.91it/s, v_num=t-12, loss/train=1.430]Epoch 0:  56%|█████▌    | 3478/6208 [09:48<07:41,  5.91it/s, v_num=t-12, loss/train=1.430]Epoch 0:  56%|█████▌    | 3478/6208 [09:48<07:41,  5.91it/s, v_num=t-12, loss/train=1.170]Epoch 0:  56%|█████▌    | 3479/6208 [09:48<07:41,  5.91it/s, v_num=t-12, loss/train=1.170]Epoch 0:  56%|█████▌    | 3479/6208 [09:48<07:41,  5.91it/s, v_num=t-12, loss/train=1.220]Epoch 0:  56%|█████▌    | 3480/6208 [09:48<07:41,  5.91it/s, v_num=t-12, loss/train=1.220]Epoch 0:  56%|█████▌    | 3480/6208 [09:48<07:41,  5.91it/s, v_num=t-12, loss/train=1.310]Epoch 0:  56%|█████▌    | 3481/6208 [09:49<07:41,  5.91it/s, v_num=t-12, loss/train=1.310]Epoch 0:  56%|█████▌    | 3481/6208 [09:49<07:41,  5.91it/s, v_num=t-12, loss/train=2.310]Epoch 0:  56%|█████▌    | 3482/6208 [09:49<07:41,  5.91it/s, v_num=t-12, loss/train=2.310]Epoch 0:  56%|█████▌    | 3482/6208 [09:49<07:41,  5.91it/s, v_num=t-12, loss/train=1.580]Epoch 0:  56%|█████▌    | 3483/6208 [09:49<07:41,  5.91it/s, v_num=t-12, loss/train=1.580]Epoch 0:  56%|█████▌    | 3483/6208 [09:49<07:41,  5.91it/s, v_num=t-12, loss/train=1.680]Epoch 0:  56%|█████▌    | 3484/6208 [09:49<07:40,  5.91it/s, v_num=t-12, loss/train=1.680]Epoch 0:  56%|█████▌    | 3484/6208 [09:49<07:40,  5.91it/s, v_num=t-12, loss/train=2.370]Epoch 0:  56%|█████▌    | 3485/6208 [09:49<07:40,  5.91it/s, v_num=t-12, loss/train=2.370]Epoch 0:  56%|█████▌    | 3485/6208 [09:49<07:40,  5.91it/s, v_num=t-12, loss/train=1.660]Epoch 0:  56%|█████▌    | 3486/6208 [09:49<07:40,  5.91it/s, v_num=t-12, loss/train=1.660]Epoch 0:  56%|█████▌    | 3486/6208 [09:49<07:40,  5.91it/s, v_num=t-12, loss/train=2.790]Epoch 0:  56%|█████▌    | 3487/6208 [09:49<07:40,  5.91it/s, v_num=t-12, loss/train=2.790]Epoch 0:  56%|█████▌    | 3487/6208 [09:50<07:40,  5.91it/s, v_num=t-12, loss/train=1.310]Epoch 0:  56%|█████▌    | 3488/6208 [09:50<07:40,  5.91it/s, v_num=t-12, loss/train=1.310]Epoch 0:  56%|█████▌    | 3488/6208 [09:50<07:40,  5.91it/s, v_num=t-12, loss/train=1.030]Epoch 0:  56%|█████▌    | 3489/6208 [09:50<07:40,  5.91it/s, v_num=t-12, loss/train=1.030]Epoch 0:  56%|█████▌    | 3489/6208 [09:50<07:40,  5.91it/s, v_num=t-12, loss/train=2.030]Epoch 0:  56%|█████▌    | 3490/6208 [09:50<07:39,  5.91it/s, v_num=t-12, loss/train=2.030]Epoch 0:  56%|█████▌    | 3490/6208 [09:50<07:39,  5.91it/s, v_num=t-12, loss/train=1.800]Epoch 0:  56%|█████▌    | 3491/6208 [09:50<07:39,  5.91it/s, v_num=t-12, loss/train=1.800]Epoch 0:  56%|█████▌    | 3491/6208 [09:50<07:39,  5.91it/s, v_num=t-12, loss/train=0.993]Epoch 0:  56%|█████▋    | 3492/6208 [09:50<07:39,  5.91it/s, v_num=t-12, loss/train=0.993]Epoch 0:  56%|█████▋    | 3492/6208 [09:50<07:39,  5.91it/s, v_num=t-12, loss/train=1.570]Epoch 0:  56%|█████▋    | 3493/6208 [09:50<07:39,  5.91it/s, v_num=t-12, loss/train=1.570]Epoch 0:  56%|█████▋    | 3493/6208 [09:50<07:39,  5.91it/s, v_num=t-12, loss/train=2.050]Epoch 0:  56%|█████▋    | 3494/6208 [09:51<07:39,  5.91it/s, v_num=t-12, loss/train=2.050]Epoch 0:  56%|█████▋    | 3494/6208 [09:51<07:39,  5.91it/s, v_num=t-12, loss/train=1.790]Epoch 0:  56%|█████▋    | 3495/6208 [09:51<07:38,  5.91it/s, v_num=t-12, loss/train=1.790]Epoch 0:  56%|█████▋    | 3495/6208 [09:51<07:38,  5.91it/s, v_num=t-12, loss/train=1.140]Epoch 0:  56%|█████▋    | 3496/6208 [09:51<07:38,  5.91it/s, v_num=t-12, loss/train=1.140]Epoch 0:  56%|█████▋    | 3496/6208 [09:51<07:38,  5.91it/s, v_num=t-12, loss/train=1.950]Epoch 0:  56%|█████▋    | 3497/6208 [09:51<07:38,  5.91it/s, v_num=t-12, loss/train=1.950]Epoch 0:  56%|█████▋    | 3497/6208 [09:51<07:38,  5.91it/s, v_num=t-12, loss/train=1.510]Epoch 0:  56%|█████▋    | 3498/6208 [09:51<07:38,  5.91it/s, v_num=t-12, loss/train=1.510]Epoch 0:  56%|█████▋    | 3498/6208 [09:51<07:38,  5.91it/s, v_num=t-12, loss/train=1.570]Epoch 0:  56%|█████▋    | 3499/6208 [09:51<07:38,  5.91it/s, v_num=t-12, loss/train=1.Exception in thread Thread-1:
Traceback (most recent call last):
  File "/net/projects2/fermi2526/conda/nugraph-25-10/lib/python3.13/threading.py", line 1043, in _bootstrap_inner
    self.run()
    ~~~~~~~~^^
  File "/net/projects2/fermi2526/conda/nugraph-25-10/lib/python3.13/site-packages/tensorboard/summary/writer/event_file_writer.py", line 244, in run
    self._run()
    ~~~~~~~~~^^
  File "/net/projects2/fermi2526/conda/nugraph-25-10/lib/python3.13/site-packages/tensorboard/summary/writer/event_file_writer.py", line 275, in _run
    self._record_writer.write(data)
    ~~~~~~~~~~~~~~~~~~~~~~~~~^^^^^^
  File "/net/projects2/fermi2526/conda/nugraph-25-10/lib/python3.13/site-packages/tensorboard/summary/writer/record_writer.py", line 40, in write
    self._writer.write(header + header_crc + data + footer_crc)
    ~~~~~~~~~~~~~~~~~~^^^^^^^^^^^^^^^^^^^^^^^^^^^^^^^^^^^^^^^^^
  File "/net/projects2/fermi2526/conda/nugraph-25-10/lib/python3.13/site-packages/tensorboard/compat/tensorflow_stub/io/gfile.py", line 775, in write
    self.fs.append(self.filename, file_content, self.binary_mode)
    ~~~~~~~~~~~~~~^^^^^^^^^^^^^^^^^^^^^^^^^^^^^^^^^^^^^^^^^^^^^^^
  File "/net/projects2/fermi2526/conda/nugraph-25-10/lib/python3.13/site-packages/tensorboard/compat/tensorflow_stub/io/gfile.py", line 167, in append
    self._write(filename, file_content, "ab" if binary_mode else "a")
    ~~~~~~~~~~~^^^^^^^^^^^^^^^^^^^^^^^^^^^^^^^^^^^^^^^^^^^^^^^^^^^^^^
  File "/net/projects2/fermi2526/conda/nugraph-25-10/lib/python3.13/site-packages/tensorboard/compat/tensorflow_stub/io/gfile.py", line 171, in _write
    with io.open(filename, mode, encoding=encoding) as f:
         ~~~~~~~^^^^^^^^^^^^^^^^^^^^^^^^^^^^^^^^^^^
FileNotFoundError: [Errno 2] No such file or directory: b'/home/vihaan/NuGraph/logs/optical-main/no-opt-test-12/events.out.tfevents.1782500082.i001-ds.4193096.0'
[rank0]: Traceback (most recent call last):
[rank0]:   File "/net/projects2/fermi2526/conda/nugraph-25-10/lib/python3.13/site-packages/pytorch_lightning/trainer/call.py", line 48, in _call_and_handle_interrupt
[rank0]:     return trainer.strategy.launcher.launch(trainer_fn, *args, trainer=trainer, **kwargs)
[rank0]:            ~~~~~~~~~~~~~~~~~~~~~~~~~~~~~~~~^^^^^^^^^^^^^^^^^^^^^^^^^^^^^^^^^^^^^^^^^^^^^^
[rank0]:   File "/net/projects2/fermi2526/conda/nugraph-25-10/lib/python3.13/site-packages/pytorch_lightning/strategies/launchers/subprocess_script.py", line 105, in launch
[rank0]:     return function(*args, **kwargs)
[rank0]:   File "/net/projects2/fermi2526/conda/nugraph-25-10/lib/python3.13/site-packages/pytorch_lightning/trainer/trainer.py", line 598, in _fit_impl
[rank0]:     self._run(model, ckpt_path=ckpt_path)
[rank0]:     ~~~~~~~~~^^^^^^^^^^^^^^^^^^^^^^^^^^^^
[rank0]:   File "/net/projects2/fermi2526/conda/nugraph-25-10/lib/python3.13/site-packages/pytorch_lightning/trainer/trainer.py", line 1011, in _run
[rank0]:     results = self._run_stage()
[rank0]:   File "/net/projects2/fermi2526/conda/nugraph-25-10/lib/python3.13/site-packages/pytorch_lightning/trainer/trainer.py", line 1055, in _run_stage
[rank0]:     self.fit_loop.run()
[rank0]:     ~~~~~~~~~~~~~~~~~^^
[rank0]:   File "/net/projects2/fermi2526/conda/nugraph-25-10/lib/python3.13/site-packages/pytorch_lightning/loops/fit_loop.py", line 216, in run
[rank0]:     self.advance()
[rank0]:     ~~~~~~~~~~~~^^
[rank0]:   File "/net/projects2/fermi2526/conda/nugraph-25-10/lib/python3.13/site-packages/pytorch_lightning/loops/fit_loop.py", line 458, in advance
[rank0]:     self.epoch_loop.run(self._data_fetcher)
[rank0]:     ~~~~~~~~~~~~~~~~~~~^^^^^^^^^^^^^^^^^^^^
[rank0]:   File "/net/projects2/fermi2526/conda/nugraph-25-10/lib/python3.13/site-packages/pytorch_lightning/loops/training_epoch_loop.py", line 152, in run
[rank0]:     self.advance(data_fetcher)
[rank0]:     ~~~~~~~~~~~~^^^^^^^^^^^^^^
[rank0]:   File "/net/projects2/fermi2526/conda/nugraph-25-10/lib/python3.13/site-packages/pytorch_lightning/loops/training_epoch_loop.py", line 376, in advance
[rank0]:     trainer._logger_connector.update_train_step_metrics()
[rank0]:     ~~~~~~~~~~~~~~~~~~~~~~~~~~~~~~~~~~~~~~~~~~~~~~~~~~~^^
[rank0]:   File "/net/projects2/fermi2526/conda/nugraph-25-10/lib/python3.13/site-packages/pytorch_lightning/trainer/connectors/logger_connector/logger_connector.py", line 166, in update_train_step_metrics
[rank0]:     self.log_metrics(self.metrics["log"])
[rank0]:     ~~~~~~~~~~~~~~~~^^^^^^^^^^^^^^^^^^^^^
[rank0]:   File "/net/projects2/fermi2526/conda/nugraph-25-10/lib/python3.13/site-packages/pytorch_lightning/trainer/connectors/logger_connector/logger_connector.py", line 120, in log_metrics
[rank0]:     logger.log_metrics(metrics=scalar_metrics, step=step)
[rank0]:     ~~~~~~~~~~~~~~~~~~^^^^^^^^^^^^^^^^^^^^^^^^^^^^^^^^^^^
[rank0]:   File "/net/projects2/fermi2526/conda/nugraph-25-10/lib/python3.13/site-packages/lightning_utilities/core/rank_zero.py", line 41, in wrapped_fn
[rank0]:     return fn(*args, **kwargs)
[rank0]:   File "/net/projects2/fermi2526/conda/nugraph-25-10/lib/python3.13/site-packages/lightning_fabric/loggers/tensorboard.py", line 216, in log_metrics
[rank0]:     raise ValueError(
[rank0]:         f"\n you tried to log {v} which is currently not supported. Try a dict or a scalar/tensor."
[rank0]:     ) from ex
[rank0]: ValueError: 
[rank0]:  you tried to log 1.5872706174850464 which is currently not supported. Try a dict or a scalar/tensor.

[rank0]: During handling of the above exception, another exception occurred:

[rank0]: Traceback (most recent call last):
[rank0]:   File "/home/vihaan/NuGraph/scripts/train.py", line 115, in <module>
[rank0]:     train(args)
[rank0]:     ~~~~~^^^^^^
[rank0]:   File "/home/vihaan/NuGraph/scripts/train.py", line 111, in train
[rank0]:     trainer.fit(model, datamodule=nudata, ckpt_path=args.resume)
[rank0]:     ~~~~~~~~~~~^^^^^^^^^^^^^^^^^^^^^^^^^^^^^^^^^^^^^^^^^^^^^^^^^
[rank0]:   File "/net/projects2/fermi2526/conda/nugraph-25-10/lib/python3.13/site-packages/pytorch_lightning/trainer/trainer.py", line 560, in fit
[rank0]:     call._call_and_handle_interrupt(
[rank0]:     ~~~~~~~~~~~~~~~~~~~~~~~~~~~~~~~^
[rank0]:         self, self._fit_impl, model, train_dataloaders, val_dataloaders, datamodule, ckpt_path
[rank0]:         ^^^^^^^^^^^^^^^^^^^^^^^^^^^^^^^^^^^^^^^^^^^^^^^^^^^^^^^^^^^^^^^^^^^^^^^^^^^^^^^^^^^^^^
[rank0]:     )
[rank0]:     ^
[rank0]:   File "/net/projects2/fermi2526/conda/nugraph-25-10/lib/python3.13/site-packages/pytorch_lightning/trainer/call.py", line 69, in _call_and_handle_interrupt
[rank0]:     _interrupt(trainer, exception)
[rank0]:     ~~~~~~~~~~^^^^^^^^^^^^^^^^^^^^
[rank0]:   File "/net/projects2/fermi2526/conda/nugraph-25-10/lib/python3.13/site-packages/pytorch_lightning/trainer/call.py", line 83, in _interrupt
[rank0]:     logger.finalize("failed")
[rank0]:     ~~~~~~~~~~~~~~~^^^^^^^^^^
[rank0]:   File "/net/projects2/fermi2526/conda/nugraph-25-10/lib/python3.13/site-packages/lightning_utilities/core/rank_zero.py", line 41, in wrapped_fn
[rank0]:     return fn(*args, **kwargs)
[rank0]:   File "/net/projects2/fermi2526/conda/nugraph-25-10/lib/python3.13/site-packages/pytorch_lightning/loggers/tensorboard.py", line 227, in finalize
[rank0]:     super().finalize(status)
[rank0]:     ~~~~~~~~~~~~~~~~^^^^^^^^
[rank0]:   File "/net/projects2/fermi2526/conda/nugraph-25-10/lib/python3.13/site-packages/lightning_utilities/core/rank_zero.py", line 41, in wrapped_fn
[rank0]:     return fn(*args, **kwargs)
[rank0]:   File "/net/projects2/fermi2526/conda/nugraph-25-10/lib/python3.13/site-packages/lightning_fabric/loggers/tensorboard.py", line 301, in finalize
[rank0]:     self.experiment.flush()
[rank0]:     ~~~~~~~~~~~~~~~~~~~~~^^
[rank0]:   File "/net/projects2/fermi2526/conda/nugraph-25-10/lib/python3.13/site-packages/torch/utils/tensorboard/writer.py", line 1194, in flush
[rank0]:     writer.flush()
[rank0]:     ~~~~~~~~~~~~^^
[rank0]:   File "/net/projects2/fermi2526/conda/nugraph-25-10/lib/python3.13/site-packages/torch/utils/tensorboard/writer.py", line 153, in flush
[rank0]:     self.event_writer.flush()
[rank0]:     ~~~~~~~~~~~~~~~~~~~~~~~^^
[rank0]:   File "/net/projects2/fermi2526/conda/nugraph-25-10/lib/python3.13/site-packages/tensorboard/summary/writer/event_file_writer.py", line 125, in flush
[rank0]:     self._async_writer.flush()
[rank0]:     ~~~~~~~~~~~~~~~~~~~~~~~~^^
[rank0]:   File "/net/projects2/fermi2526/conda/nugraph-25-10/lib/python3.13/site-packages/tensorboard/summary/writer/event_file_writer.py", line 186, in flush
[rank0]:     self._check_worker_status()
[rank0]:     ~~~~~~~~~~~~~~~~~~~~~~~~~^^
[rank0]:   File "/net/projects2/fermi2526/conda/nugraph-25-10/lib/python3.13/site-packages/tensorboard/summary/writer/event_file_writer.py", line 212, in _check_worker_status
[rank0]:     raise exception
[rank0]:   File "/net/projects2/fermi2526/conda/nugraph-25-10/lib/python3.13/site-packages/lightning_fabric/loggers/tensorboard.py", line 213, in log_metrics
[rank0]:     self.experiment.add_scalar(k, v, step)
[rank0]:     ~~~~~~~~~~~~~~~~~~~~~~~~~~^^^^^^^^^^^^
[rank0]:   File "/net/projects2/fermi2526/conda/nugraph-25-10/lib/python3.13/site-packages/torch/utils/tensorboard/writer.py", line 381, in add_scalar
[rank0]:     self._get_file_writer().add_summary(summary, global_step, walltime)
[rank0]:     ~~~~~~~~~~~~~~~~~~~~~~~~~~~~~~~~~~~^^^^^^^^^^^^^^^^^^^^^^^^^^^^^^^^
[rank0]:   File "/net/projects2/fermi2526/conda/nugraph-25-10/lib/python3.13/site-packages/torch/utils/tensorboard/writer.py", line 115, in add_summary
[rank0]:     self.add_event(event, global_step, walltime)
[rank0]:     ~~~~~~~~~~~~~~^^^^^^^^^^^^^^^^^^^^^^^^^^^^^^
[rank0]:   File "/net/projects2/fermi2526/conda/nugraph-25-10/lib/python3.13/site-packages/torch/utils/tensorboard/writer.py", line 99, in add_event
[rank0]:     self.event_writer.add_event(event)
[rank0]:     ~~~~~~~~~~~~~~~~~~~~~~~~~~~^^^^^^^
[rank0]:   File "/net/projects2/fermi2526/conda/nugraph-25-10/lib/python3.13/site-packages/tensorboard/summary/writer/event_file_writer.py", line 117, in add_event
[rank0]:     self._async_writer.write(event.SerializeToString())
[rank0]:     ~~~~~~~~~~~~~~~~~~~~~~~~^^^^^^^^^^^^^^^^^^^^^^^^^^^
[rank0]:   File "/net/projects2/fermi2526/conda/nugraph-25-10/lib/python3.13/site-packages/tensorboard/summary/writer/event_file_writer.py", line 171, in write
[rank0]:     self._check_worker_status()
[rank0]:     ~~~~~~~~~~~~~~~~~~~~~~~~~^^
[rank0]:   File "/net/projects2/fermi2526/conda/nugraph-25-10/lib/python3.13/site-packages/tensorboard/summary/writer/event_file_writer.py", line 212, in _check_worker_status
[rank0]:     raise exception
[rank0]:   File "/net/projects2/fermi2526/conda/nugraph-25-10/lib/python3.13/threading.py", line 1043, in _bootstrap_inner
[rank0]:     self.run()
[rank0]:     ~~~~~~~~^^
[rank0]:   File "/net/projects2/fermi2526/conda/nugraph-25-10/lib/python3.13/site-packages/tensorboard/summary/writer/event_file_writer.py", line 244, in run
[rank0]:     self._run()
[rank0]:     ~~~~~~~~~^^
[rank0]:   File "/net/projects2/fermi2526/conda/nugraph-25-10/lib/python3.13/site-packages/tensorboard/summary/writer/event_file_writer.py", line 275, in _run
[rank0]:     self._record_writer.write(data)
[rank0]:     ~~~~~~~~~~~~~~~~~~~~~~~~~^^^^^^
[rank0]:   File "/net/projects2/fermi2526/conda/nugraph-25-10/lib/python3.13/site-packages/tensorboard/summary/writer/record_writer.py", line 40, in write
[rank0]:     self._writer.write(header + header_crc + data + footer_crc)
[rank0]:     ~~~~~~~~~~~~~~~~~~^^^^^^^^^^^^^^^^^^^^^^^^^^^^^^^^^^^^^^^^^
[rank0]:   File "/net/projects2/fermi2526/conda/nugraph-25-10/lib/python3.13/site-packages/tensorboard/compat/tensorflow_stub/io/gfile.py", line 775, in write
[rank0]:     self.fs.append(self.filename, file_content, self.binary_mode)
[rank0]:     ~~~~~~~~~~~~~~^^^^^^^^^^^^^^^^^^^^^^^^^^^^^^^^^^^^^^^^^^^^^^^
[rank0]:   File "/net/projects2/fermi2526/conda/nugraph-25-10/lib/python3.13/site-packages/tensorboard/compat/tensorflow_stub/io/gfile.py", line 167, in append
[rank0]:     self._write(filename, file_content, "ab" if binary_mode else "a")
[rank0]:     ~~~~~~~~~~~^^^^^^^^^^^^^^^^^^^^^^^^^^^^^^^^^^^^^^^^^^^^^^^^^^^^^^
[rank0]:   File "/net/projects2/fermi2526/conda/nugraph-25-10/lib/python3.13/site-packages/tensorboard/compat/tensorflow_stub/io/gfile.py", line 171, in _write
[rank0]:     with io.open(filename, mode, encoding=encoding) as f:
[rank0]:          ~~~~~~~^^^^^^^^^^^^^^^^^^^^^^^^^^^^^^^^^^^
[rank0]: FileNotFoundError: [Errno 2] No such file or directory: b'/home/vihaan/NuGraph/logs/optical-main/no-opt-test-12/events.out.tfevents.1782500082.i001-ds.4193096.0'
[rank5]:[E626 14:34:44.288142697 ProcessGroupNCCL.cpp:685] [Rank 5] Watchdog caught collective operation timeout: WorkNCCL(SeqNum=294181, OpType=BROADCAST, NumelIn=1, NumelOut=1, Timeout(ms)=1800000) ran for 1800000 milliseconds before timing out.
[rank5]:[E626 14:34:44.294829577 ProcessGroupNCCL.cpp:2252] [PG ID 0 PG GUID 0(default_pg) Rank 5]  failure detected by watchdog at work sequence id: 294181 PG status: last enqueued work: 294181, last completed work: 294180
[rank5]:[E626 14:34:44.294843986 ProcessGroupNCCL.cpp:732] Stack trace of the failed collective not found, potentially because FlightRecorder is disabled. You can enable it by setting TORCH_NCCL_TRACE_BUFFER_SIZE to a non-zero value.
[rank5]:[E626 14:34:44.294907936 ProcessGroupNCCL.cpp:2584] [PG ID 0 PG GUID 0(default_pg) Rank 5] First PG on this rank to signal dumping.
[rank2]:[E626 14:34:44.781001689 ProcessGroupNCCL.cpp:685] [Rank 2] Watchdog caught collective operation timeout: WorkNCCL(SeqNum=294181, OpType=BROADCAST, NumelIn=1, NumelOut=1, Timeout(ms)=1800000) ran for 1800011 milliseconds before timing out.
[rank2]:[E626 14:34:44.781531283 ProcessGroupNCCL.cpp:2252] [PG ID 0 PG GUID 0(default_pg) Rank 2]  failure detected by watchdog at work sequence id: 294181 PG status: last enqueued work: 294181, last completed work: 294180
[rank2]:[E626 14:34:44.781544282 ProcessGroupNCCL.cpp:732] Stack trace of the failed collective not found, potentially because FlightRecorder is disabled. You can enable it by setting TORCH_NCCL_TRACE_BUFFER_SIZE to a non-zero value.
[rank2]:[E626 14:34:44.781606642 ProcessGroupNCCL.cpp:2584] [PG ID 0 PG GUID 0(default_pg) Rank 2] First PG on this rank to signal dumping.
[rank1]:[E626 14:34:44.790723007 ProcessGroupNCCL.cpp:685] [Rank 1] Watchdog caught collective operation timeout: WorkNCCL(SeqNum=294181, OpType=BROADCAST, NumelIn=1, NumelOut=1, Timeout(ms)=1800000) ran for 1800020 milliseconds before timing out.
[rank1]:[E626 14:34:44.791222901 ProcessGroupNCCL.cpp:2252] [PG ID 0 PG GUID 0(default_pg) Rank 1]  failure detected by watchdog at work sequence id: 294181 PG status: last enqueued work: 294181, last completed work: 294180
[rank1]:[E626 14:34:44.791232451 ProcessGroupNCCL.cpp:732] Stack trace of the failed collective not found, potentially because FlightRecorder is disabled. You can enable it by setting TORCH_NCCL_TRACE_BUFFER_SIZE to a non-zero value.
[rank1]:[E626 14:34:44.791292260 ProcessGroupNCCL.cpp:2584] [PG ID 0 PG GUID 0(default_pg) Rank 1] First PG on this rank to signal dumping.
[rank4]:[E626 14:34:44.317464469 ProcessGroupNCCL.cpp:685] [Rank 4] Watchdog caught collective operation timeout: WorkNCCL(SeqNum=294181, OpType=BROADCAST, NumelIn=1, NumelOut=1, Timeout(ms)=1800000) ran for 1800029 milliseconds before timing out.
[rank4]:[E626 14:34:44.317974306 ProcessGroupNCCL.cpp:2252] [PG ID 0 PG GUID 0(default_pg) Rank 4]  failure detected by watchdog at work sequence id: 294181 PG status: last enqueued work: 294181, last completed work: 294180
[rank4]:[E626 14:34:44.317984786 ProcessGroupNCCL.cpp:732] Stack trace of the failed collective not found, potentially because FlightRecorder is disabled. You can enable it by setting TORCH_NCCL_TRACE_BUFFER_SIZE to a non-zero value.
[rank4]:[E626 14:34:44.318055406 ProcessGroupNCCL.cpp:2584] [PG ID 0 PG GUID 0(default_pg) Rank 4] First PG on this rank to signal dumping.
[rank3]:[E626 14:34:44.818550528 ProcessGroupNCCL.cpp:685] [Rank 3] Watchdog caught collective operation timeout: WorkNCCL(SeqNum=294181, OpType=BROADCAST, NumelIn=1, NumelOut=1, Timeout(ms)=1800000) ran for 1800049 milliseconds before timing out.
[rank3]:[E626 14:34:44.818997353 ProcessGroupNCCL.cpp:2252] [PG ID 0 PG GUID 0(default_pg) Rank 3]  failure detected by watchdog at work sequence id: 294181 PG status: last enqueued work: 294181, last completed work: 294180
[rank3]:[E626 14:34:44.819009693 ProcessGroupNCCL.cpp:732] Stack trace of the failed collective not found, potentially because FlightRecorder is disabled. You can enable it by setting TORCH_NCCL_TRACE_BUFFER_SIZE to a non-zero value.
[rank3]:[E626 14:34:44.819074032 ProcessGroupNCCL.cpp:2584] [PG ID 0 PG GUID 0(default_pg) Rank 3] First PG on this rank to signal dumping.
[rank6]:[E626 14:34:44.346086056 ProcessGroupNCCL.cpp:685] [Rank 6] Watchdog caught collective operation timeout: WorkNCCL(SeqNum=294181, OpType=BROADCAST, NumelIn=1, NumelOut=1, Timeout(ms)=1800000) ran for 1800058 milliseconds before timing out.
[rank6]:[E626 14:34:44.346565123 ProcessGroupNCCL.cpp:2252] [PG ID 0 PG GUID 0(default_pg) Rank 6]  failure detected by watchdog at work sequence id: 294181 PG status: last enqueued work: 294181, last completed work: 294180
[rank6]:[E626 14:34:44.346576443 ProcessGroupNCCL.cpp:732] Stack trace of the failed collective not found, potentially because FlightRecorder is disabled. You can enable it by setting TORCH_NCCL_TRACE_BUFFER_SIZE to a non-zero value.
[rank6]:[E626 14:34:44.346625903 ProcessGroupNCCL.cpp:2584] [PG ID 0 PG GUID 0(default_pg) Rank 6] First PG on this rank to signal dumping.
[rank7]:[E626 14:34:44.356031056 ProcessGroupNCCL.cpp:685] [Rank 7] Watchdog caught collective operation timeout: WorkNCCL(SeqNum=294181, OpType=BROADCAST, NumelIn=1, NumelOut=1, Timeout(ms)=1800000) ran for 1800068 milliseconds before timing out.
[rank7]:[E626 14:34:44.356725972 ProcessGroupNCCL.cpp:2252] [PG ID 0 PG GUID 0(default_pg) Rank 7]  failure detected by watchdog at work sequence id: 294181 PG status: last enqueued work: 294181, last completed work: 294180
[rank7]:[E626 14:34:44.356747962 ProcessGroupNCCL.cpp:732] Stack trace of the failed collective not found, potentially because FlightRecorder is disabled. You can enable it by setting TORCH_NCCL_TRACE_BUFFER_SIZE to a non-zero value.
[rank7]:[E626 14:34:44.356842561 ProcessGroupNCCL.cpp:2584] [PG ID 0 PG GUID 0(default_pg) Rank 7] First PG on this rank to signal dumping.
[rank2]:[E626 14:34:44.394698037 ProcessGroupNCCL.cpp:1870] [PG ID 0 PG GUID 0(default_pg) Rank 2] Received a dump signal due to a collective timeout from this local rank and we will try our best to dump the debug info. Last enqueued NCCL work: 294181, last completed NCCL work: 294180.This is most likely caused by incorrect usages of collectives, e.g., wrong sizes used across ranks, the order of collectives is not same for all ranks or the scheduled collective, for some reason, didn't run. Additionally, this can be caused by GIL deadlock or other reasons such as network errors or bugs in the communications library (e.g. NCCL), etc. 
[rank1]:[E626 14:34:44.394756307 ProcessGroupNCCL.cpp:1870] [PG ID 0 PG GUID 0(default_pg) Rank 1] Received a dump signal due to a collective timeout from this local rank and we will try our best to dump the debug info. Last enqueued NCCL work: 294181, last completed NCCL work: 294180.This is most likely caused by incorrect usages of collectives, e.g., wrong sizes used across ranks, the order of collectives is not same for all ranks or the scheduled collective, for some reason, didn't run. Additionally, this can be caused by GIL deadlock or other reasons such as network errors or bugs in the communications library (e.g. NCCL), etc. 
[rank2]:[E626 14:34:44.394943334 ProcessGroupNCCL.cpp:1589] [PG ID 0 PG GUID 0(default_pg) Rank 2] ProcessGroupNCCL preparing to dump debug info. Include stack trace: 1
[rank1]:[E626 14:34:44.395014043 ProcessGroupNCCL.cpp:1589] [PG ID 0 PG GUID 0(default_pg) Rank 1] ProcessGroupNCCL preparing to dump debug info. Include stack trace: 1
[rank3]:[E626 14:34:44.397262335 ProcessGroupNCCL.cpp:1870] [PG ID 0 PG GUID 0(default_pg) Rank 3] Received a dump signal due to a collective timeout from this local rank and we will try our best to dump the debug info. Last enqueued NCCL work: 294181, last completed NCCL work: 294180.This is most likely caused by incorrect usages of collectives, e.g., wrong sizes used across ranks, the order of collectives is not same for all ranks or the scheduled collective, for some reason, didn't run. Additionally, this can be caused by GIL deadlock or other reasons such as network errors or bugs in the communications library (e.g. NCCL), etc. 
[rank3]:[E626 14:34:44.397566661 ProcessGroupNCCL.cpp:1589] [PG ID 0 PG GUID 0(default_pg) Rank 3] ProcessGroupNCCL preparing to dump debug info. Include stack trace: 1
[rank5]:[E626 14:34:44.090278525 ProcessGroupNCCL.cpp:1870] [PG ID 0 PG GUID 0(default_pg) Rank 5] Received a dump signal due to a collective timeout from this local rank and we will try our best to dump the debug info. Last enqueued NCCL work: 294181, last completed NCCL work: 294180.This is most likely caused by incorrect usages of collectives, e.g., wrong sizes used across ranks, the order of collectives is not same for all ranks or the scheduled collective, for some reason, didn't run. Additionally, this can be caused by GIL deadlock or other reasons such as network errors or bugs in the communications library (e.g. NCCL), etc. 
[rank5]:[E626 14:34:44.090590543 ProcessGroupNCCL.cpp:1589] [PG ID 0 PG GUID 0(default_pg) Rank 5] ProcessGroupNCCL preparing to dump debug info. Include stack trace: 1
[rank4]:[E626 14:34:44.093844683 ProcessGroupNCCL.cpp:1870] [PG ID 0 PG GUID 0(default_pg) Rank 4] Received a dump signal due to a collective timeout from this local rank and we will try our best to dump the debug info. Last enqueued NCCL work: 294181, last completed NCCL work: 294180.This is most likely caused by incorrect usages of collectives, e.g., wrong sizes used across ranks, the order of collectives is not same for all ranks or the scheduled collective, for some reason, didn't run. Additionally, this can be caused by GIL deadlock or other reasons such as network errors or bugs in the communications library (e.g. NCCL), etc. 
[rank6]:[E626 14:34:44.093890693 ProcessGroupNCCL.cpp:1870] [PG ID 0 PG GUID 0(default_pg) Rank 6] Received a dump signal due to a collective timeout from this local rank and we will try our best to dump the debug info. Last enqueued NCCL work: 294181, last completed NCCL work: 294180.This is most likely caused by incorrect usages of collectives, e.g., wrong sizes used across ranks, the order of collectives is not same for all ranks or the scheduled collective, for some reason, didn't run. Additionally, this can be caused by GIL deadlock or other reasons such as network errors or bugs in the communications library (e.g. NCCL), etc. 
[rank4]:[E626 14:34:44.094094092 ProcessGroupNCCL.cpp:1589] [PG ID 0 PG GUID 0(default_pg) Rank 4] ProcessGroupNCCL preparing to dump debug info. Include stack trace: 1
[rank6]:[E626 14:34:44.094180701 ProcessGroupNCCL.cpp:1589] [PG ID 0 PG GUID 0(default_pg) Rank 6] ProcessGroupNCCL preparing to dump debug info. Include stack trace: 1
[rank7]:[E626 14:34:44.132634808 ProcessGroupNCCL.cpp:1870] [PG ID 0 PG GUID 0(default_pg) Rank 7] Received a dump signal due to a collective timeout from this local rank and we will try our best to dump the debug info. Last enqueued NCCL work: 294181, last completed NCCL work: 294180.This is most likely caused by incorrect usages of collectives, e.g., wrong sizes used across ranks, the order of collectives is not same for all ranks or the scheduled collective, for some reason, didn't run. Additionally, this can be caused by GIL deadlock or other reasons such as network errors or bugs in the communications library (e.g. NCCL), etc. 
[rank7]:[E626 14:34:44.132944807 ProcessGroupNCCL.cpp:1589] [PG ID 0 PG GUID 0(default_pg) Rank 7] ProcessGroupNCCL preparing to dump debug info. Include stack trace: 1
[rank5]:[E626 14:35:44.295094024 ProcessGroupNCCL.cpp:746] [Rank 5] Some NCCL operations have failed or timed out. Due to the asynchronous nature of CUDA kernels, subsequent GPU operations might run on corrupted/incomplete data.
[rank5]:[E626 14:35:44.295148664 ProcessGroupNCCL.cpp:760] [Rank 5] To avoid data inconsistency, we are taking the entire process down.
[rank5]:[E626 14:35:44.297589439 ProcessGroupNCCL.cpp:2068] [PG ID 0 PG GUID 0(default_pg) Rank 5] Process group watchdog thread terminated with exception: [Rank 5] Watchdog caught collective operation timeout: WorkNCCL(SeqNum=294181, OpType=BROADCAST, NumelIn=1, NumelOut=1, Timeout(ms)=1800000) ran for 1800000 milliseconds before timing out.
Exception raised from checkTimeout at /home/conda/feedstock_root/build_artifacts/libtorch_1760296002163/work/torch/csrc/distributed/c10d/ProcessGroupNCCL.cpp:688 (most recent call first):
frame #0: c10::Error::Error(c10::SourceLocation, std::__cxx11::basic_string<char, std::char_traits<char>, std::allocator<char> >) + 0x8f (0x7f682337603f in /net/projects2/fermi2526/conda/nugraph-25-10/lib/python3.13/site-packages/torch/../../.././libc10.so)
frame #1: c10d::ProcessGroupNCCL::WorkNCCL::checkTimeout(std::optional<std::chrono::duration<long, std::ratio<1l, 1000l> > >) + 0x27a (0x7f68246b319a in /net/projects2/fermi2526/conda/nugraph-25-10/lib/python3.13/site-packages/torch/../../.././libtorch_cuda.so)
frame #2: c10d::ProcessGroupNCCL::Watchdog::runLoop() + 0x1712 (0x7f68246ba9a2 in /net/projects2/fermi2526/conda/nugraph-25-10/lib/python3.13/site-packages/torch/../../.././libtorch_cuda.so)
frame #3: c10d::ProcessGroupNCCL::Watchdog::run() + 0xe8 (0x7f68246bbee8 in /net/projects2/fermi2526/conda/nugraph-25-10/lib/python3.13/site-packages/torch/../../.././libtorch_cuda.so)
frame #4: <unknown function> + 0xd828c (0x7f6822be428c in /net/projects2/fermi2526/conda/nugraph-25-10/lib/python3.13/site-packages/torch/../../.././libstdc++.so.6)
frame #5: <unknown function> + 0x94ac3 (0x7f68a4ab1ac3 in /lib/x86_64-linux-gnu/libc.so.6)
frame #6: <unknown function> + 0x1268d0 (0x7f68a4b438d0 in /lib/x86_64-linux-gnu/libc.so.6)

terminate called after throwing an instance of 'c10::DistBackendError'
  what():  [PG ID 0 PG GUID 0(default_pg) Rank 5] Process group watchdog thread terminated with exception: [Rank 5] Watchdog caught collective operation timeout: WorkNCCL(SeqNum=294181, OpType=BROADCAST, NumelIn=1, NumelOut=1, Timeout(ms)=1800000) ran for 1800000 milliseconds before timing out.
Exception raised from checkTimeout at /home/conda/feedstock_root/build_artifacts/libtorch_1760296002163/work/torch/csrc/distributed/c10d/ProcessGroupNCCL.cpp:688 (most recent call first):
frame #0: c10::Error::Error(c10::SourceLocation, std::__cxx11::basic_string<char, std::char_traits<char>, std::allocator<char> >) + 0x8f (0x7f682337603f in /net/projects2/fermi2526/conda/nugraph-25-10/lib/python3.13/site-packages/torch/../../.././libc10.so)
frame #1: c10d::ProcessGroupNCCL::WorkNCCL::checkTimeout(std::optional<std::chrono::duration<long, std::ratio<1l, 1000l> > >) + 0x27a (0x7f68246b319a in /net/projects2/fermi2526/conda/nugraph-25-10/lib/python3.13/site-packages/torch/../../.././libtorch_cuda.so)
frame #2: c10d::ProcessGroupNCCL::Watchdog::runLoop() + 0x1712 (0x7f68246ba9a2 in /net/projects2/fermi2526/conda/nugraph-25-10/lib/python3.13/site-packages/torch/../../.././libtorch_cuda.so)
frame #3: c10d::ProcessGroupNCCL::Watchdog::run() + 0xe8 (0x7f68246bbee8 in /net/projects2/fermi2526/conda/nugraph-25-10/lib/python3.13/site-packages/torch/../../.././libtorch_cuda.so)
frame #4: <unknown function> + 0xd828c (0x7f6822be428c in /net/projects2/fermi2526/conda/nugraph-25-10/lib/python3.13/site-packages/torch/../../.././libstdc++.so.6)
frame #5: <unknown function> + 0x94ac3 (0x7f68a4ab1ac3 in /lib/x86_64-linux-gnu/libc.so.6)
frame #6: <unknown function> + 0x1268d0 (0x7f68a4b438d0 in /lib/x86_64-linux-gnu/libc.so.6)

Exception raised from run at /home/conda/feedstock_root/build_artifacts/libtorch_1760296002163/work/torch/csrc/distributed/c10d/ProcessGroupNCCL.cpp:2074 (most recent call first):
frame #0: c10::Error::Error(c10::SourceLocation, std::__cxx11::basic_string<char, std::char_traits<char>, std::allocator<char> >) + 0x8f (0x7f682337603f in /net/projects2/fermi2526/conda/nugraph-25-10/lib/python3.13/site-packages/torch/../../.././libc10.so)
frame #1: <unknown function> + 0xeb870c (0x7f682466970c in /net/projects2/fermi2526/conda/nugraph-25-10/lib/python3.13/site-packages/torch/../../.././libtorch_cuda.so)
frame #2: <unknown function> + 0x939269 (0x7f68240ea269 in /net/projects2/fermi2526/conda/nugraph-25-10/lib/python3.13/site-packages/torch/../../.././libtorch_cuda.so)
frame #3: <unknown function> + 0xd828c (0x7f6822be428c in /net/projects2/fermi2526/conda/nugraph-25-10/lib/python3.13/site-packages/torch/../../.././libstdc++.so.6)
frame #4: <unknown function> + 0x94ac3 (0x7f68a4ab1ac3 in /lib/x86_64-linux-gnu/libc.so.6)
frame #5: <unknown function> + 0x1268d0 (0x7f68a4b438d0 in /lib/x86_64-linux-gnu/libc.so.6)

[rank2]:[E626 14:35:44.781769403 ProcessGroupNCCL.cpp:746] [Rank 2] Some NCCL operations have failed or timed out. Due to the asynchronous nature of CUDA kernels, subsequent GPU operations might run on corrupted/incomplete data.
[rank2]:[E626 14:35:44.781833343 ProcessGroupNCCL.cpp:760] [Rank 2] To avoid data inconsistency, we are taking the entire process down.
[rank2]:[E626 14:35:44.782652953 ProcessGroupNCCL.cpp:2068] [PG ID 0 PG GUID 0(default_pg) Rank 2] Process group watchdog thread terminated with exception: [Rank 2] Watchdog caught collective operation timeout: WorkNCCL(SeqNum=294181, OpType=BROADCAST, NumelIn=1, NumelOut=1, Timeout(ms)=1800000) ran for 1800011 milliseconds before timing out.
Exception raised from checkTimeout at /home/conda/feedstock_root/build_artifacts/libtorch_1760296002163/work/torch/csrc/distributed/c10d/ProcessGroupNCCL.cpp:688 (most recent call first):
frame #0: c10::Error::Error(c10::SourceLocation, std::__cxx11::basic_string<char, std::char_traits<char>, std::allocator<char> >) + 0x8f (0x7fa114f4d03f in /net/projects2/fermi2526/conda/nugraph-25-10/lib/python3.13/site-packages/torch/../../.././libc10.so)
frame #1: c10d::ProcessGroupNCCL::WorkNCCL::checkTimeout(std::optional<std::chrono::duration<long, std::ratio<1l, 1000l> > >) + 0x27a (0x7fa11628a19a in /net/projects2/fermi2526/conda/nugraph-25-10/lib/python3.13/site-packages/torch/../../.././libtorch_cuda.so)
frame #2: c10d::ProcessGroupNCCL::Watchdog::runLoop() + 0x1712 (0x7fa1162919a2 in /net/projects2/fermi2526/conda/nugraph-25-10/lib/python3.13/site-packages/torch/../../.././libtorch_cuda.so)
frame #3: c10d::ProcessGroupNCCL::Watchdog::run() + 0xe8 (0x7fa116292ee8 in /net/projects2/fermi2526/conda/nugraph-25-10/lib/python3.13/site-packages/torch/../../.././libtorch_cuda.so)
frame #4: <unknown function> + 0xd828c (0x7fa1147e428c in /net/projects2/fermi2526/conda/nugraph-25-10/lib/python3.13/site-packages/torch/../../.././libstdc++.so.6)
frame #5: <unknown function> + 0x94ac3 (0x7fa1965e9ac3 in /lib/x86_64-linux-gnu/libc.so.6)
frame #6: <unknown function> + 0x1268d0 (0x7fa19667b8d0 in /lib/x86_64-linux-gnu/libc.so.6)

terminate called after throwing an instance of 'c10::DistBackendError'
  what():  [PG ID 0 PG GUID 0(default_pg) Rank 2] Process group watchdog thread terminated with exception: [Rank 2] Watchdog caught collective operation timeout: WorkNCCL(SeqNum=294181, OpType=BROADCAST, NumelIn=1, NumelOut=1, Timeout(ms)=1800000) ran for 1800011 milliseconds before timing out.
Exception raised from checkTimeout at /home/conda/feedstock_root/build_artifacts/libtorch_1760296002163/work/torch/csrc/distributed/c10d/ProcessGroupNCCL.cpp:688 (most recent call first):
frame #0: c10::Error::Error(c10::SourceLocation, std::__cxx11::basic_string<char, std::char_traits<char>, std::allocator<char> >) + 0x8f (0x7fa114f4d03f in /net/projects2/fermi2526/conda/nugraph-25-10/lib/python3.13/site-packages/torch/../../.././libc10.so)
frame #1: c10d::ProcessGroupNCCL::WorkNCCL::checkTimeout(std::optional<std::chrono::duration<long, std::ratio<1l, 1000l> > >) + 0x27a (0x7fa11628a19a in /net/projects2/fermi2526/conda/nugraph-25-10/lib/python3.13/site-packages/torch/../../.././libtorch_cuda.so)
frame #2: c10d::ProcessGroupNCCL::Watchdog::runLoop() + 0x1712 (0x7fa1162919a2 in /net/projects2/fermi2526/conda/nugraph-25-10/lib/python3.13/site-packages/torch/../../.././libtorch_cuda.so)
frame #3: c10d::ProcessGroupNCCL::Watchdog::run() + 0xe8 (0x7fa116292ee8 in /net/projects2/fermi2526/conda/nugraph-25-10/lib/python3.13/site-packages/torch/../../.././libtorch_cuda.so)
frame #4: <unknown function> + 0xd828c (0x7fa1147e428c in /net/projects2/fermi2526/conda/nugraph-25-10/lib/python3.13/site-packages/torch/../../.././libstdc++.so.6)
frame #5: <unknown function> + 0x94ac3 (0x7fa1965e9ac3 in /lib/x86_64-linux-gnu/libc.so.6)
frame #6: <unknown function> + 0x1268d0 (0x7fa19667b8d0 in /lib/x86_64-linux-gnu/libc.so.6)

Exception raised from run at /home/conda/feedstock_root/build_artifacts/libtorch_1760296002163/work/torch/csrc/distributed/c10d/ProcessGroupNCCL.cpp:2074 (most recent call first):
frame #0: c10::Error::Error(c10::SourceLocation, std::__cxx11::basic_string<char, std::char_traits<char>, std::allocator<char> >) + 0x8f (0x7fa114f4d03f in /net/projects2/fermi2526/conda/nugraph-25-10/lib/python3.13/site-packages/torch/../../.././libc10.so)
frame #1: <unknown function> + 0xeb870c (0x7fa11624070c in /net/projects2/fermi2526/conda/nugraph-25-10/lib/python3.13/site-packages/torch/../../.././libtorch_cuda.so)
frame #2: <unknown function> + 0x939269 (0x7fa115cc1269 in /net/projects2/fermi2526/conda/nugraph-25-10/lib/python3.13/site-packages/torch/../../.././libtorch_cuda.so)
frame #3: <unknown function> + 0xd828c (0x7fa1147e428c in /net/projects2/fermi2526/conda/nugraph-25-10/lib/python3.13/site-packages/torch/../../.././libstdc++.so.6)
frame #4: <unknown function> + 0x94ac3 (0x7fa1965e9ac3 in /lib/x86_64-linux-gnu/libc.so.6)
frame #5: <unknown function> + 0x1268d0 (0x7fa19667b8d0 in /lib/x86_64-linux-gnu/libc.so.6)

[rank1]:[E626 14:35:44.791451822 ProcessGroupNCCL.cpp:746] [Rank 1] Some NCCL operations have failed or timed out. Due to the asynchronous nature of CUDA kernels, subsequent GPU operations might run on corrupted/incomplete data.
[rank1]:[E626 14:35:44.791507471 ProcessGroupNCCL.cpp:760] [Rank 1] To avoid data inconsistency, we are taking the entire process down.
[rank1]:[E626 14:35:44.792721116 ProcessGroupNCCL.cpp:2068] [PG ID 0 PG GUID 0(default_pg) Rank 1] Process group watchdog thread terminated with exception: [Rank 1] Watchdog caught collective operation timeout: WorkNCCL(SeqNum=294181, OpType=BROADCAST, NumelIn=1, NumelOut=1, Timeout(ms)=1800000) ran for 1800020 milliseconds before timing out.
Exception raised from checkTimeout at /home/conda/feedstock_root/build_artifacts/libtorch_1760296002163/work/torch/csrc/distributed/c10d/ProcessGroupNCCL.cpp:688 (most recent call first):
frame #0: c10::Error::Error(c10::SourceLocation, std::__cxx11::basic_string<char, std::char_traits<char>, std::allocator<char> >) + 0x8f (0x7f51fcf7603f in /net/projects2/fermi2526/conda/nugraph-25-10/lib/python3.13/site-packages/torch/../../.././libc10.so)
frame #1: c10d::ProcessGroupNCCL::WorkNCCL::checkTimeout(std::optional<std::chrono::duration<long, std::ratio<1l, 1000l> > >) + 0x27a (0x7f51fe2b319a in /net/projects2/fermi2526/conda/nugraph-25-10/lib/python3.13/site-packages/torch/../../.././libtorch_cuda.so)
frame #2: c10d::ProcessGroupNCCL::Watchdog::runLoop() + 0x1712 (0x7f51fe2ba9a2 in /net/projects2/fermi2526/conda/nugraph-25-10/lib/python3.13/site-packages/torch/../../.././libtorch_cuda.so)
frame #3: c10d::ProcessGroupNCCL::Watchdog::run() + 0xe8 (0x7f51fe2bbee8 in /net/projects2/fermi2526/conda/nugraph-25-10/lib/python3.13/site-packages/torch/../../.././libtorch_cuda.so)
frame #4: <unknown function> + 0xd828c (0x7f51fc7e428c in /net/projects2/fermi2526/conda/nugraph-25-10/lib/python3.13/site-packages/torch/../../.././libstdc++.so.6)
frame #5: <unknown function> + 0x94ac3 (0x7f527e628ac3 in /lib/x86_64-linux-gnu/libc.so.6)
frame #6: <unknown function> + 0x1268d0 (0x7f527e6ba8d0 in /lib/x86_64-linux-gnu/libc.so.6)

terminate called after throwing an instance of 'c10::DistBackendError'
  what():  [PG ID 0 PG GUID 0(default_pg) Rank 1] Process group watchdog thread terminated with exception: [Rank 1] Watchdog caught collective operation timeout: WorkNCCL(SeqNum=294181, OpType=BROADCAST, NumelIn=1, NumelOut=1, Timeout(ms)=1800000) ran for 1800020 milliseconds before timing out.
Exception raised from checkTimeout at /home/conda/feedstock_root/build_artifacts/libtorch_1760296002163/work/torch/csrc/distributed/c10d/ProcessGroupNCCL.cpp:688 (most recent call first):
frame #0: c10::Error::Error(c10::SourceLocation, std::__cxx11::basic_string<char, std::char_traits<char>, std::allocator<char> >) + 0x8f (0x7f51fcf7603f in /net/projects2/fermi2526/conda/nugraph-25-10/lib/python3.13/site-packages/torch/../../.././libc10.so)
frame #1: c10d::ProcessGroupNCCL::WorkNCCL::checkTimeout(std::optional<std::chrono::duration<long, std::ratio<1l, 1000l> > >) + 0x27a (0x7f51fe2b319a in /net/projects2/fermi2526/conda/nugraph-25-10/lib/python3.13/site-packages/torch/../../.././libtorch_cuda.so)
frame #2: c10d::ProcessGroupNCCL::Watchdog::runLoop() + 0x1712 (0x7f51fe2ba9a2 in /net/projects2/fermi2526/conda/nugraph-25-10/lib/python3.13/site-packages/torch/../../.././libtorch_cuda.so)
frame #3: c10d::ProcessGroupNCCL::Watchdog::run() + 0xe8 (0x7f51fe2bbee8 in /net/projects2/fermi2526/conda/nugraph-25-10/lib/python3.13/site-packages/torch/../../.././libtorch_cuda.so)
frame #4: <unknown function> + 0xd828c (0x7f51fc7e428c in /net/projects2/fermi2526/conda/nugraph-25-10/lib/python3.13/site-packages/torch/../../.././libstdc++.so.6)
frame #5: <unknown function> + 0x94ac3 (0x7f527e628ac3 in /lib/x86_64-linux-gnu/libc.so.6)
frame #6: <unknown function> + 0x1268d0 (0x7f527e6ba8d0 in /lib/x86_64-linux-gnu/libc.so.6)

Exception raised from run at /home/conda/feedstock_root/build_artifacts/libtorch_1760296002163/work/torch/csrc/distributed/c10d/ProcessGroupNCCL.cpp:2074 (most recent call first):
frame #0: c10::Error::Error(c10::SourceLocation, std::__cxx11::basic_string<char, std::char_traits<char>, std::allocator<char> >) + 0x8f (0x7f51fcf7603f in /net/projects2/fermi2526/conda/nugraph-25-10/lib/python3.13/site-packages/torch/../../.././libc10.so)
frame #1: <unknown function> + 0xeb870c (0x7f51fe26970c in /net/projects2/fermi2526/conda/nugraph-25-10/lib/python3.13/site-packages/torch/../../.././libtorch_cuda.so)
frame #2: <unknown function> + 0x939269 (0x7f51fdcea269 in /net/projects2/fermi2526/conda/nugraph-25-10/lib/python3.13/site-packages/torch/../../.././libtorch_cuda.so)
frame #3: <unknown function> + 0xd828c (0x7f51fc7e428c in /net/projects2/fermi2526/conda/nugraph-25-10/lib/python3.13/site-packages/torch/../../.././libstdc++.so.6)
frame #4: <unknown function> + 0x94ac3 (0x7f527e628ac3 in /lib/x86_64-linux-gnu/libc.so.6)
frame #5: <unknown function> + 0x1268d0 (0x7f527e6ba8d0 in /lib/x86_64-linux-gnu/libc.so.6)

[rank4]:[E626 14:35:44.318198894 ProcessGroupNCCL.cpp:746] [Rank 4] Some NCCL operations have failed or timed out. Due to the asynchronous nature of CUDA kernels, subsequent GPU operations might run on corrupted/incomplete data.
[rank4]:[E626 14:35:44.318254394 ProcessGroupNCCL.cpp:760] [Rank 4] To avoid data inconsistency, we are taking the entire process down.
[rank4]:[E626 14:35:44.319538476 ProcessGroupNCCL.cpp:2068] [PG ID 0 PG GUID 0(default_pg) Rank 4] Process group watchdog thread terminated with exception: [Rank 4] Watchdog caught collective operation timeout: WorkNCCL(SeqNum=294181, OpType=BROADCAST, NumelIn=1, NumelOut=1, Timeout(ms)=1800000) ran for 1800029 milliseconds before timing out.
Exception raised from checkTimeout at /home/conda/feedstock_root/build_artifacts/libtorch_1760296002163/work/torch/csrc/distributed/c10d/ProcessGroupNCCL.cpp:688 (most recent call first):
frame #0: c10::Error::Error(c10::SourceLocation, std::__cxx11::basic_string<char, std::char_traits<char>, std::allocator<char> >) + 0x8f (0x7f8b1328003f in /net/projects2/fermi2526/conda/nugraph-25-10/lib/python3.13/site-packages/torch/../../.././libc10.so)
frame #1: c10d::ProcessGroupNCCL::WorkNCCL::checkTimeout(std::optional<std::chrono::duration<long, std::ratio<1l, 1000l> > >) + 0x27a (0x7f8b145bd19a in /net/projects2/fermi2526/conda/nugraph-25-10/lib/python3.13/site-packages/torch/../../.././libtorch_cuda.so)
frame #2: c10d::ProcessGroupNCCL::Watchdog::runLoop() + 0x1712 (0x7f8b145c49a2 in /net/projects2/fermi2526/conda/nugraph-25-10/lib/python3.13/site-packages/torch/../../.././libtorch_cuda.so)
frame #3: c10d::ProcessGroupNCCL::Watchdog::run() + 0xe8 (0x7f8b145c5ee8 in /net/projects2/fermi2526/conda/nugraph-25-10/lib/python3.13/site-packages/torch/../../.././libtorch_cuda.so)
frame #4: <unknown function> + 0xd828c (0x7f8b129e428c in /net/projects2/fermi2526/conda/nugraph-25-10/lib/python3.13/site-packages/torch/../../.././libstdc++.so.6)
frame #5: <unknown function> + 0x94ac3 (0x7f8b94972ac3 in /lib/x86_64-linux-gnu/libc.so.6)
frame #6: <unknown function> + 0x1268d0 (0x7f8b94a048d0 in /lib/x86_64-linux-gnu/libc.so.6)

terminate called after throwing an instance of 'c10::DistBackendError'
  what():  [PG ID 0 PG GUID 0(default_pg) Rank 4] Process group watchdog thread terminated with exception: [Rank 4] Watchdog caught collective operation timeout: WorkNCCL(SeqNum=294181, OpType=BROADCAST, NumelIn=1, NumelOut=1, Timeout(ms)=1800000) ran for 1800029 milliseconds before timing out.
Exception raised from checkTimeout at /home/conda/feedstock_root/build_artifacts/libtorch_1760296002163/work/torch/csrc/distributed/c10d/ProcessGroupNCCL.cpp:688 (most recent call first):
frame #0: c10::Error::Error(c10::SourceLocation, std::__cxx11::basic_string<char, std::char_traits<char>, std::allocator<char> >) + 0x8f (0x7f8b1328003f in /net/projects2/fermi2526/conda/nugraph-25-10/lib/python3.13/site-packages/torch/../../.././libc10.so)
frame #1: c10d::ProcessGroupNCCL::WorkNCCL::checkTimeout(std::optional<std::chrono::duration<long, std::ratio<1l, 1000l> > >) + 0x27a (0x7f8b145bd19a in /net/projects2/fermi2526/conda/nugraph-25-10/lib/python3.13/site-packages/torch/../../.././libtorch_cuda.so)
frame #2: c10d::ProcessGroupNCCL::Watchdog::runLoop() + 0x1712 (0x7f8b145c49a2 in /net/projects2/fermi2526/conda/nugraph-25-10/lib/python3.13/site-packages/torch/../../.././libtorch_cuda.so)
frame #3: c10d::ProcessGroupNCCL::Watchdog::run() + 0xe8 (0x7f8b145c5ee8 in /net/projects2/fermi2526/conda/nugraph-25-10/lib/python3.13/site-packages/torch/../../.././libtorch_cuda.so)
frame #4: <unknown function> + 0xd828c (0x7f8b129e428c in /net/projects2/fermi2526/conda/nugraph-25-10/lib/python3.13/site-packages/torch/../../.././libstdc++.so.6)
frame #5: <unknown function> + 0x94ac3 (0x7f8b94972ac3 in /lib/x86_64-linux-gnu/libc.so.6)
frame #6: <unknown function> + 0x1268d0 (0x7f8b94a048d0 in /lib/x86_64-linux-gnu/libc.so.6)

Exception raised from run at /home/conda/feedstock_root/build_artifacts/libtorch_1760296002163/work/torch/csrc/distributed/c10d/ProcessGroupNCCL.cpp:2074 (most recent call first):
frame #0: c10::Error::Error(c10::SourceLocation, std::__cxx11::basic_string<char, std::char_traits<char>, std::allocator<char> >) + 0x8f (0x7f8b1328003f in /net/projects2/fermi2526/conda/nugraph-25-10/lib/python3.13/site-packages/torch/../../.././libc10.so)
frame #1: <unknown function> + 0xeb870c (0x7f8b1457370c in /net/projects2/fermi2526/conda/nugraph-25-10/lib/python3.13/site-packages/torch/../../.././libtorch_cuda.so)
frame #2: <unknown function> + 0x939269 (0x7f8b13ff4269 in /net/projects2/fermi2526/conda/nugraph-25-10/lib/python3.13/site-packages/torch/../../.././libtorch_cuda.so)
frame #3: <unknown function> + 0xd828c (0x7f8b129e428c in /net/projects2/fermi2526/conda/nugraph-25-10/lib/python3.13/site-packages/torch/../../.././libstdc++.so.6)
frame #4: <unknown function> + 0x94ac3 (0x7f8b94972ac3 in /lib/x86_64-linux-gnu/libc.so.6)
frame #5: <unknown function> + 0x1268d0 (0x7f8b94a048d0 in /lib/x86_64-linux-gnu/libc.so.6)

[rank3]:[E626 14:35:44.819225044 ProcessGroupNCCL.cpp:746] [Rank 3] Some NCCL operations have failed or timed out. Due to the asynchronous nature of CUDA kernels, subsequent GPU operations might run on corrupted/incomplete data.
[rank3]:[E626 14:35:44.819274063 ProcessGroupNCCL.cpp:760] [Rank 3] To avoid data inconsistency, we are taking the entire process down.
[rank3]:[E626 14:35:44.820076144 ProcessGroupNCCL.cpp:2068] [PG ID 0 PG GUID 0(default_pg) Rank 3] Process group watchdog thread terminated with exception: [Rank 3] Watchdog caught collective operation timeout: WorkNCCL(SeqNum=294181, OpType=BROADCAST, NumelIn=1, NumelOut=1, Timeout(ms)=1800000) ran for 1800049 milliseconds before timing out.
Exception raised from checkTimeout at /home/conda/feedstock_root/build_artifacts/libtorch_1760296002163/work/torch/csrc/distributed/c10d/ProcessGroupNCCL.cpp:688 (most recent call first):
frame #0: c10::Error::Error(c10::SourceLocation, std::__cxx11::basic_string<char, std::char_traits<char>, std::allocator<char> >) + 0x8f (0x7fe273f7603f in /net/projects2/fermi2526/conda/nugraph-25-10/lib/python3.13/site-packages/torch/../../.././libc10.so)
frame #1: c10d::ProcessGroupNCCL::WorkNCCL::checkTimeout(std::optional<std::chrono::duration<long, std::ratio<1l, 1000l> > >) + 0x27a (0x7fe2752b319a in /net/projects2/fermi2526/conda/nugraph-25-10/lib/python3.13/site-packages/torch/../../.././libtorch_cuda.so)
frame #2: c10d::ProcessGroupNCCL::Watchdog::runLoop() + 0x1712 (0x7fe2752ba9a2 in /net/projects2/fermi2526/conda/nugraph-25-10/lib/python3.13/site-packages/torch/../../.././libtorch_cuda.so)
frame #3: c10d::ProcessGroupNCCL::Watchdog::run() + 0xe8 (0x7fe2752bbee8 in /net/projects2/fermi2526/conda/nugraph-25-10/lib/python3.13/site-packages/torch/../../.././libtorch_cuda.so)
frame #4: <unknown function> + 0xd828c (0x7fe2737e428c in /net/projects2/fermi2526/conda/nugraph-25-10/lib/python3.13/site-packages/torch/../../.././libstdc++.so.6)
frame #5: <unknown function> + 0x94ac3 (0x7fe2f56a4ac3 in /lib/x86_64-linux-gnu/libc.so.6)
frame #6: <unknown function> + 0x1268d0 (0x7fe2f57368d0 in /lib/x86_64-linux-gnu/libc.so.6)

terminate called after throwing an instance of 'c10::DistBackendError'
  what():  [PG ID 0 PG GUID 0(default_pg) Rank 3] Process group watchdog thread terminated with exception: [Rank 3] Watchdog caught collective operation timeout: WorkNCCL(SeqNum=294181, OpType=BROADCAST, NumelIn=1, NumelOut=1, Timeout(ms)=1800000) ran for 1800049 milliseconds before timing out.
Exception raised from checkTimeout at /home/conda/feedstock_root/build_artifacts/libtorch_1760296002163/work/torch/csrc/distributed/c10d/ProcessGroupNCCL.cpp:688 (most recent call first):
frame #0: c10::Error::Error(c10::SourceLocation, std::__cxx11::basic_string<char, std::char_traits<char>, std::allocator<char> >) + 0x8f (0x7fe273f7603f in /net/projects2/fermi2526/conda/nugraph-25-10/lib/python3.13/site-packages/torch/../../.././libc10.so)
frame #1: c10d::ProcessGroupNCCL::WorkNCCL::checkTimeout(std::optional<std::chrono::duration<long, std::ratio<1l, 1000l> > >) + 0x27a (0x7fe2752b319a in /net/projects2/fermi2526/conda/nugraph-25-10/lib/python3.13/site-packages/torch/../../.././libtorch_cuda.so)
frame #2: c10d::ProcessGroupNCCL::Watchdog::runLoop() + 0x1712 (0x7fe2752ba9a2 in /net/projects2/fermi2526/conda/nugraph-25-10/lib/python3.13/site-packages/torch/../../.././libtorch_cuda.so)
frame #3: c10d::ProcessGroupNCCL::Watchdog::run() + 0xe8 (0x7fe2752bbee8 in /net/projects2/fermi2526/conda/nugraph-25-10/lib/python3.13/site-packages/torch/../../.././libtorch_cuda.so)
frame #4: <unknown function> + 0xd828c (0x7fe2737e428c in /net/projects2/fermi2526/conda/nugraph-25-10/lib/python3.13/site-packages/torch/../../.././libstdc++.so.6)
frame #5: <unknown function> + 0x94ac3 (0x7fe2f56a4ac3 in /lib/x86_64-linux-gnu/libc.so.6)
frame #6: <unknown function> + 0x1268d0 (0x7fe2f57368d0 in /lib/x86_64-linux-gnu/libc.so.6)

Exception raised from run at /home/conda/feedstock_root/build_artifacts/libtorch_1760296002163/work/torch/csrc/distributed/c10d/ProcessGroupNCCL.cpp:2074 (most recent call first):
frame #0: c10::Error::Error(c10::SourceLocation, std::__cxx11::basic_string<char, std::char_traits<char>, std::allocator<char> >) + 0x8f (0x7fe273f7603f in /net/projects2/fermi2526/conda/nugraph-25-10/lib/python3.13/site-packages/torch/../../.././libc10.so)
frame #1: <unknown function> + 0xeb870c (0x7fe27526970c in /net/projects2/fermi2526/conda/nugraph-25-10/lib/python3.13/site-packages/torch/../../.././libtorch_cuda.so)
frame #2: <unknown function> + 0x939269 (0x7fe274cea269 in /net/projects2/fermi2526/conda/nugraph-25-10/lib/python3.13/site-packages/torch/../../.././libtorch_cuda.so)
frame #3: <unknown function> + 0xd828c (0x7fe2737e428c in /net/projects2/fermi2526/conda/nugraph-25-10/lib/python3.13/site-packages/torch/../../.././libstdc++.so.6)
frame #4: <unknown function> + 0x94ac3 (0x7fe2f56a4ac3 in /lib/x86_64-linux-gnu/libc.so.6)
frame #5: <unknown function> + 0x1268d0 (0x7fe2f57368d0 in /lib/x86_64-linux-gnu/libc.so.6)

[rank6]:[E626 14:35:44.346783861 ProcessGroupNCCL.cpp:746] [Rank 6] Some NCCL operations have failed or timed out. Due to the asynchronous nature of CUDA kernels, subsequent GPU operations might run on corrupted/incomplete data.
[rank6]:[E626 14:35:44.346841641 ProcessGroupNCCL.cpp:760] [Rank 6] To avoid data inconsistency, we are taking the entire process down.
[rank6]:[E626 14:35:44.347842825 ProcessGroupNCCL.cpp:2068] [PG ID 0 PG GUID 0(default_pg) Rank 6] Process group watchdog thread terminated with exception: [Rank 6] Watchdog caught collective operation timeout: WorkNCCL(SeqNum=294181, OpType=BROADCAST, NumelIn=1, NumelOut=1, Timeout(ms)=1800000) ran for 1800058 milliseconds before timing out.
Exception raised from checkTimeout at /home/conda/feedstock_root/build_artifacts/libtorch_1760296002163/work/torch/csrc/distributed/c10d/ProcessGroupNCCL.cpp:688 (most recent call first):
frame #0: c10::Error::Error(c10::SourceLocation, std::__cxx11::basic_string<char, std::char_traits<char>, std::allocator<char> >) + 0x8f (0x7f14e2f7603f in /net/projects2/fermi2526/conda/nugraph-25-10/lib/python3.13/site-packages/torch/../../.././libc10.so)
frame #1: c10d::ProcessGroupNCCL::WorkNCCL::checkTimeout(std::optional<std::chrono::duration<long, std::ratio<1l, 1000l> > >) + 0x27a (0x7f14e42b319a in /net/projects2/fermi2526/conda/nugraph-25-10/lib/python3.13/site-packages/torch/../../.././libtorch_cuda.so)
frame #2: c10d::ProcessGroupNCCL::Watchdog::runLoop() + 0x1712 (0x7f14e42ba9a2 in /net/projects2/fermi2526/conda/nugraph-25-10/lib/python3.13/site-packages/torch/../../.././libtorch_cuda.so)
frame #3: c10d::ProcessGroupNCCL::Watchdog::run() + 0xe8 (0x7f14e42bbee8 in /net/projects2/fermi2526/conda/nugraph-25-10/lib/python3.13/site-packages/torch/../../.././libtorch_cuda.so)
frame #4: <unknown function> + 0xd828c (0x7f14e27e428c in /net/projects2/fermi2526/conda/nugraph-25-10/lib/python3.13/site-packages/torch/../../.././libstdc++.so.6)
frame #5: <unknown function> + 0x94ac3 (0x7f1564645ac3 in /lib/x86_64-linux-gnu/libc.so.6)
frame #6: <unknown function> + 0x1268d0 (0x7f15646d78d0 in /lib/x86_64-linux-gnu/libc.so.6)

terminate called after throwing an instance of 'c10::DistBackendError'
  what():  [PG ID 0 PG GUID 0(default_pg) Rank 6] Process group watchdog thread terminated with exception: [Rank 6] Watchdog caught collective operation timeout: WorkNCCL(SeqNum=294181, OpType=BROADCAST, NumelIn=1, NumelOut=1, Timeout(ms)=1800000) ran for 1800058 milliseconds before timing out.
Exception raised from checkTimeout at /home/conda/feedstock_root/build_artifacts/libtorch_1760296002163/work/torch/csrc/distributed/c10d/ProcessGroupNCCL.cpp:688 (most recent call first):
frame #0: c10::Error::Error(c10::SourceLocation, std::__cxx11::basic_string<char, std::char_traits<char>, std::allocator<char> >) + 0x8f (0x7f14e2f7603f in /net/projects2/fermi2526/conda/nugraph-25-10/lib/python3.13/site-packages/torch/../../.././libc10.so)
frame #1: c10d::ProcessGroupNCCL::WorkNCCL::checkTimeout(std::optional<std::chrono::duration<long, std::ratio<1l, 1000l> > >) + 0x27a (0x7f14e42b319a in /net/projects2/fermi2526/conda/nugraph-25-10/lib/python3.13/site-packages/torch/../../.././libtorch_cuda.so)
frame #2: c10d::ProcessGroupNCCL::Watchdog::runLoop() + 0x1712 (0x7f14e42ba9a2 in /net/projects2/fermi2526/conda/nugraph-25-10/lib/python3.13/site-packages/torch/../../.././libtorch_cuda.so)
frame #3: c10d::ProcessGroupNCCL::Watchdog::run() + 0xe8 (0x7f14e42bbee8 in /net/projects2/fermi2526/conda/nugraph-25-10/lib/python3.13/site-packages/torch/../../.././libtorch_cuda.so)
frame #4: <unknown function> + 0xd828c (0x7f14e27e428c in /net/projects2/fermi2526/conda/nugraph-25-10/lib/python3.13/site-packages/torch/../../.././libstdc++.so.6)
frame #5: <unknown function> + 0x94ac3 (0x7f1564645ac3 in /lib/x86_64-linux-gnu/libc.so.6)
frame #6: <unknown function> + 0x1268d0 (0x7f15646d78d0 in /lib/x86_64-linux-gnu/libc.so.6)

Exception raised from run at /home/conda/feedstock_root/build_artifacts/libtorch_1760296002163/work/torch/csrc/distributed/c10d/ProcessGroupNCCL.cpp:2074 (most recent call first):
frame #0: c10::Error::Error(c10::SourceLocation, std::__cxx11::basic_string<char, std::char_traits<char>, std::allocator<char> >) + 0x8f (0x7f14e2f7603f in /net/projects2/fermi2526/conda/nugraph-25-10/lib/python3.13/site-packages/torch/../../.././libc10.so)
frame #1: <unknown function> + 0xeb870c (0x7f14e426970c in /net/projects2/fermi2526/conda/nugraph-25-10/lib/python3.13/site-packages/torch/../../.././libtorch_cuda.so)
frame #2: <unknown function> + 0x939269 (0x7f14e3cea269 in /net/projects2/fermi2526/conda/nugraph-25-10/lib/python3.13/site-packages/torch/../../.././libtorch_cuda.so)
frame #3: <unknown function> + 0xd828c (0x7f14e27e428c in /net/projects2/fermi2526/conda/nugraph-25-10/lib/python3.13/site-packages/torch/../../.././libstdc++.so.6)
frame #4: <unknown function> + 0x94ac3 (0x7f1564645ac3 in /lib/x86_64-linux-gnu/libc.so.6)
frame #5: <unknown function> + 0x1268d0 (0x7f15646d78d0 in /lib/x86_64-linux-gnu/libc.so.6)

[rank7]:[E626 14:35:44.357036629 ProcessGroupNCCL.cpp:746] [Rank 7] Some NCCL operations have failed or timed out. Due to the asynchronous nature of CUDA kernels, subsequent GPU operations might run on corrupted/incomplete data.
[rank7]:[E626 14:35:44.357102698 ProcessGroupNCCL.cpp:760] [Rank 7] To avoid data inconsistency, we are taking the entire process down.
[rank7]:[E626 14:35:44.358388810 ProcessGroupNCCL.cpp:2068] [PG ID 0 PG GUID 0(default_pg) Rank 7] Process group watchdog thread terminated with exception: [Rank 7] Watchdog caught collective operation timeout: WorkNCCL(SeqNum=294181, OpType=BROADCAST, NumelIn=1, NumelOut=1, Timeout(ms)=1800000) ran for 1800068 milliseconds before timing out.
Exception raised from checkTimeout at /home/conda/feedstock_root/build_artifacts/libtorch_1760296002163/work/torch/csrc/distributed/c10d/ProcessGroupNCCL.cpp:688 (most recent call first):
frame #0: c10::Error::Error(c10::SourceLocation, std::__cxx11::basic_string<char, std::char_traits<char>, std::allocator<char> >) + 0x8f (0x7fb91b88003f in /net/projects2/fermi2526/conda/nugraph-25-10/lib/python3.13/site-packages/torch/../../.././libc10.so)
frame #1: c10d::ProcessGroupNCCL::WorkNCCL::checkTimeout(std::optional<std::chrono::duration<long, std::ratio<1l, 1000l> > >) + 0x27a (0x7fb91cbbd19a in /net/projects2/fermi2526/conda/nugraph-25-10/lib/python3.13/site-packages/torch/../../.././libtorch_cuda.so)
frame #2: c10d::ProcessGroupNCCL::Watchdog::runLoop() + 0x1712 (0x7fb91cbc49a2 in /net/projects2/fermi2526/conda/nugraph-25-10/lib/python3.13/site-packages/torch/../../.././libtorch_cuda.so)
frame #3: c10d::ProcessGroupNCCL::Watchdog::run() + 0xe8 (0x7fb91cbc5ee8 in /net/projects2/fermi2526/conda/nugraph-25-10/lib/python3.13/site-packages/torch/../../.././libtorch_cuda.so)
frame #4: <unknown function> + 0xd828c (0x7fb91afe428c in /net/projects2/fermi2526/conda/nugraph-25-10/lib/python3.13/site-packages/torch/../../.././libstdc++.so.6)
frame #5: <unknown function> + 0x94ac3 (0x7fb99cf55ac3 in /lib/x86_64-linux-gnu/libc.so.6)
frame #6: <unknown function> + 0x1268d0 (0x7fb99cfe78d0 in /lib/x86_64-linux-gnu/libc.so.6)

terminate called after throwing an instance of 'c10::DistBackendError'
  what():  [PG ID 0 PG GUID 0(default_pg) Rank 7] Process group watchdog thread terminated with exception: [Rank 7] Watchdog caught collective operation timeout: WorkNCCL(SeqNum=294181, OpType=BROADCAST, NumelIn=1, NumelOut=1, Timeout(ms)=1800000) ran for 1800068 milliseconds before timing out.
Exception raised from checkTimeout at /home/conda/feedstock_root/build_artifacts/libtorch_1760296002163/work/torch/csrc/distributed/c10d/ProcessGroupNCCL.cpp:688 (most recent call first):
frame #0: c10::Error::Error(c10::SourceLocation, std::__cxx11::basic_string<char, std::char_traits<char>, std::allocator<char> >) + 0x8f (0x7fb91b88003f in /net/projects2/fermi2526/conda/nugraph-25-10/lib/python3.13/site-packages/torch/../../.././libc10.so)
frame #1: c10d::ProcessGroupNCCL::WorkNCCL::checkTimeout(std::optional<std::chrono::duration<long, std::ratio<1l, 1000l> > >) + 0x27a (0x7fb91cbbd19a in /net/projects2/fermi2526/conda/nugraph-25-10/lib/python3.13/site-packages/torch/../../.././libtorch_cuda.so)
frame #2: c10d::ProcessGroupNCCL::Watchdog::runLoop() + 0x1712 (0x7fb91cbc49a2 in /net/projects2/fermi2526/conda/nugraph-25-10/lib/python3.13/site-packages/torch/../../.././libtorch_cuda.so)
frame #3: c10d::ProcessGroupNCCL::Watchdog::run() + 0xe8 (0x7fb91cbc5ee8 in /net/projects2/fermi2526/conda/nugraph-25-10/lib/python3.13/site-packages/torch/../../.././libtorch_cuda.so)
frame #4: <unknown function> + 0xd828c (0x7fb91afe428c in /net/projects2/fermi2526/conda/nugraph-25-10/lib/python3.13/site-packages/torch/../../.././libstdc++.so.6)
frame #5: <unknown function> + 0x94ac3 (0x7fb99cf55ac3 in /lib/x86_64-linux-gnu/libc.so.6)
frame #6: <unknown function> + 0x1268d0 (0x7fb99cfe78d0 in /lib/x86_64-linux-gnu/libc.so.6)

Exception raised from run at /home/conda/feedstock_root/build_artifacts/libtorch_1760296002163/work/torch/csrc/distributed/c10d/ProcessGroupNCCL.cpp:2074 (most recent call first):
frame #0: c10::Error::Error(c10::SourceLocation, std::__cxx11::basic_string<char, std::char_traits<char>, std::allocator<char> >) + 0x8f (0x7fb91b88003f in /net/projects2/fermi2526/conda/nugraph-25-10/lib/python3.13/site-packages/torch/../../.././libc10.so)
frame #1: <unknown function> + 0xeb870c (0x7fb91cb7370c in /net/projects2/fermi2526/conda/nugraph-25-10/lib/python3.13/site-packages/torch/../../.././libtorch_cuda.so)
frame #2: <unknown function> + 0x939269 (0x7fb91c5f4269 in /net/projects2/fermi2526/conda/nugraph-25-10/lib/python3.13/site-packages/torch/../../.././libtorch_cuda.so)
frame #3: <unknown function> + 0xd828c (0x7fb91afe428c in /net/projects2/fermi2526/conda/nugraph-25-10/lib/python3.13/site-packages/torch/../../.././libstdc++.so.6)
frame #4: <unknown function> + 0x94ac3 (0x7fb99cf55ac3 in /lib/x86_64-linux-gnu/libc.so.6)
frame #5: <unknown function> + 0x1268d0 (0x7fb99cfe78d0 in /lib/x86_64-linux-gnu/libc.so.6)

srun: error: i001-ds: tasks 1-3: Aborted
srun: error: j001-ds: tasks 4-7: Aborted
[i001-ds:4193096:0:4193096] Caught signal 11 (Segmentation fault: address not mapped to object at address 0x10)
==== backtrace (tid:4193096) ====
 0  /net/projects2/fermi2526/conda/nugraph-25-10/lib/python3.13/site-packages/h5py/../../../././libucs.so.0(ucs_handle_error+0x2fd) [0x7f76b09b884d]
 1  /net/projects2/fermi2526/conda/nugraph-25-10/lib/python3.13/site-packages/h5py/../../../././libucs.so.0(+0x2fa3f) [0x7f76b09b8a3f]
 2  /net/projects2/fermi2526/conda/nugraph-25-10/lib/python3.13/site-packages/h5py/../../../././libucs.so.0(+0x2fc0a) [0x7f76b09b8c0a]
 3  /lib/x86_64-linux-gnu/libc.so.6(+0x42520) [0x7f77e71d5520]
 4  /net/projects2/fermi2526/conda/nugraph-25-10/lib/python3.13/lib-dynload/_datetime.cpython-313-x86_64-linux-gnu.so(+0x9c07) [0x7f77e6617c07]
 5  /net/projects2/fermi2526/conda/nugraph-25-10/bin/python(_PyObject_MakeTpCall+0x1a3) [0x564918dd1ce3]
 6  /net/projects2/fermi2526/conda/nugraph-25-10/bin/python(_PyEval_EvalFrameDefault+0x9621) [0x564918deb8d1]
 7  /net/projects2/fermi2526/conda/nugraph-25-10/bin/python(PyObject_CallOneArg+0x55) [0x564918e14935]
 8  /net/projects2/fermi2526/conda/nugraph-25-10/bin/python(+0x2d1029) [0x564918ef9029]
 9  /net/projects2/fermi2526/conda/nugraph-25-10/bin/python(+0x1c9f7e) [0x564918df1f7e]
10  /net/projects2/fermi2526/conda/nugraph-25-10/bin/python(+0x2c3690) [0x564918eeb690]
11  /net/projects2/fermi2526/conda/nugraph-25-10/bin/python(+0x2a3594) [0x564918ecb594]
12  /net/projects2/fermi2526/conda/nugraph-25-10/bin/python(Py_RunMain+0x205) [0x564918ee2475]
13  /net/projects2/fermi2526/conda/nugraph-25-10/bin/python(Py_BytesMain+0x37) [0x564918e97ac7]
14  /lib/x86_64-linux-gnu/libc.so.6(+0x29d90) [0x7f77e71bcd90]
15  /lib/x86_64-linux-gnu/libc.so.6(__libc_start_main+0x80) [0x7f77e71bce40]
16  /net/projects2/fermi2526/conda/nugraph-25-10/bin/python(+0x26ee8d) [0x564918e96e8d]
=================================
570]Epoch 0:  56%|█████▋    | 3499/6208 [09:51<07:38,  5.91it/s, v_num=t-12, loss/train=1.860]Epoch 0:  56%|█████▋    | 3500/6208 [09:52<07:38,  5.91it/s, v_num=t-12, loss/train=1.860]Epoch 0:  56%|█████▋    | 3500/6208 [09:52<07:38,  5.91it/s, v_num=t-12, loss/train=1.590]srun: error: i001-ds: task 0: Segmentation fault
